{"type":"FeatureCollection","features":[{"type":"Feature","properties":{"id":26},"geometry":{"type":"MultiPolygon","coordinates":[[[[-3.8984,51.226],[-3.8081,51.2321],[-3.7881,51.2463],[-3.7703,51.2379],[-3.6186,51.2171],[-3.5597,51.2328],[-3.4953,51.2242],[-3.4669,51.2071],[-3.4464,51.209],[-3.4097,51.1835],[-3.3142,51.179],[-3.2747,51.1804],[-3.1547,51.209],[-3.0564,51.2029],[-3.0186,51.2188],[-3.0314,51.194],[-3.0447,51.1949],[-3.0597,51.1807],[-3.0447,51.166],[-3.0558,51.1763],[-3.0542,51.1843],[-3.0231,51.1957],[-2.9992,51.2365],[-3.0197,51.2696],[-3.0108,51.3215],[-3.0353,51.3288],[-2.9908,51.3213],[-2.9819,51.344],[-2.9501,51.3423],[-2.4792,51.2134],[-2.1057,51.2028],[-1.3228,51.3141],[-1.1638,51.1503],[-0.7897,50.9579],[-0.6128,50.7904],[-0.7303,50.7707],[-0.7819,50.7262],[-0.9169,50.7799],[-0.9158,50.7896],[-0.9069,50.7832],[-0.8853,50.8079],[-0.8442,50.8001],[-0.8264,50.8049],[-0.8142,50.8151],[-0.8119,50.8304],[-0.8219,50.8146],[-0.8514,50.8051],[-0.8719,50.8129],[-0.8531,50.8279],[-0.8686,50.839],[-0.8647,50.8262],[-0.8736,50.8135],[-0.8997,50.8051],[-0.9014,50.8121],[-0.8903,50.8149],[-0.8975,50.8285],[-0.8936,50.8374],[-0.9136,50.8393],[-0.9064,50.8218],[-0.9097,50.7976],[-0.9447,50.8182],[-0.9336,50.8438],[-0.9519,50.8432],[-0.9547,50.8351],[-0.9736,50.8421],[-0.9792,50.8349],[-1.0192,50.8432],[-1.0014,50.8293],[-1.0158,50.8365],[-1.0247,50.8265],[-1.0492,50.8326],[-1.0403,50.8243],[-1.0381,50.7946],[-1.0436,50.7901],[-1.0308,50.7971],[-1.0275,50.7885],[-1.0897,50.7774],[-1.1097,50.7904],[-1.1131,50.8015],[-1.1058,50.8107],[-1.0919,50.809],[-1.1019,50.8126],[-1.0986,50.8207],[-1.0903,50.8165],[-1.1003,50.8271],[-1.0892,50.8301],[-1.1069,50.8379],[-1.1036,50.8468],[-1.1142,50.8465],[-1.1131,50.8357],[-1.1542,50.8443],[-1.1747,50.8404],[-1.1486,50.836],[-1.1497,50.8276],[-1.1208,50.8076],[-1.1242,50.8013],[-1.1114,50.7899],[-1.1408,50.7729],[-1.1908,50.7899],[-1.2242,50.8135],[-1.3031,50.8376],[-1.3058,50.8515],[-1.3275,50.8482],[-1.3253,50.8535],[-1.3847,50.8904],[-1.3858,50.9032],[-1.3719,50.911],[-1.3869,50.9154],[-1.3831,50.9207],[-1.3908,50.9165],[-1.3764,50.9101],[-1.3886,50.9046],[-1.3931,50.8824],[-1.4131,50.8993],[-1.4575,50.9054],[-1.4758,50.9199],[-1.4769,50.9113],[-1.4658,50.904],[-1.4269,50.8985],[-1.3975,50.8701],[-1.3836,50.8704],[-1.3869,50.864],[-1.3725,50.8546],[-1.3347,50.8443],[-1.3225,50.8346],[-1.3358,50.8363],[-1.3231,50.819],[-1.3097,50.8151],[-1.3081,50.821],[-1.3069,50.8154],[-1.3425,50.7854],[-1.3986,50.7793],[-1.4103,50.7851],[-1.4097,50.8004],[-1.4553,50.8207],[-1.4119,50.7999],[-1.4125,50.7843],[-1.3808,50.7799],[-1.4908,50.7501],[-1.4875,50.7551],[-1.5036,50.7537],[-1.4986,50.7476],[-1.5069,50.7457],[-1.5169,50.7487],[-1.5053,50.7518],[-1.5281,50.7582],[-1.5203,50.7476],[-1.5369,50.7446],[-1.5314,50.7365],[-1.5558,50.7126],[-1.5642,50.7226],[-1.5603,50.7126],[-1.5758,50.7163],[-1.5536,50.7068],[-1.5531,50.7129],[-1.5514,50.7054],[-1.5864,50.7196],[-1.6897,50.7376],[-1.7319,50.731],[-1.7481,50.7121],[-1.8292,50.721],[-1.8853,50.714],[-1.9453,50.6826],[-1.9525,50.686],[-1.9314,50.6963],[-1.9469,50.7065],[-1.9542,50.7035],[-1.9481,50.709],[-1.9614,50.7093],[-1.9569,50.7154],[-1.9903,50.7068],[-2.0408,50.7196],[-2.0664,50.7132],[-2.0614,50.7068],[-2.0736,50.7051],[-2.0803,50.6876],[-2.0642,50.6882],[-2.0558,50.6993],[-2.0264,50.7076],[-2.0181,50.7024],[-2.0314,50.7018],[-2.0247,50.6876],[-2.0464,50.6782],[-2.0264,50.684],[-2.0269,50.6738],[-2.0114,50.6829],[-1.9958,50.6671],[-1.9797,50.6768],[-1.9842,50.6696],[-1.9731,50.6657],[-1.9786,50.6615],[-1.9508,50.679],[-1.9419,50.6729],[-1.9531,50.6507],[-1.9419,50.6413],[-1.9236,50.6404],[-1.9569,50.6179],[-1.9558,50.609],[-1.9431,50.6071],[-1.9592,50.5907],[-2.0264,50.5885],[-2.0564,50.5762],[-2.0636,50.5932],[-2.1153,50.5988],[-2.1342,50.6124],[-2.1469,50.6082],[-2.1953,50.6221],[-2.2436,50.6157],[-2.3375,50.6318],[-2.4236,50.6357],[-2.4525,50.6135],[-2.4431,50.6093],[-2.4481,50.601],[-2.4319,50.5962],[-2.4503,50.6004],[-2.4703,50.5846],[-2.4497,50.5674],[-2.4225,50.569],[-2.4281,50.566],[-2.4147,50.549],[-2.4575,50.5129],[-2.4497,50.5604],[-2.6047,50.6501],[-2.7831,50.716],[-2.9103,50.7337],[-2.9353,50.719],[-3.0092,50.6993],[-3.0769,50.7026],[-3.0953,50.6849],[-3.1914,50.6843],[-3.2558,50.6735],[-3.2842,50.6538],[-3.2997,50.6307],[-3.3525,50.6188],[-3.3575,50.6063],[-3.4258,50.6171],[-3.4169,50.6207],[-3.4169,50.6307],[-3.4508,50.6757],[-3.4669,50.6813],[-3.4664,50.661],[-3.4514,50.6485],[-3.4442,50.6046],[-3.4247,50.6096],[-3.4636,50.581],[-3.4686,50.5621],[-3.5003,50.5404],[-3.5215,50.546],[-3.6127,50.6005],[-3.7749,50.8143],[-3.877,51.0369],[-3.8984,51.226]]],[[[-1.0853,50.6785],[-1.1003,50.6643],[-1.1331,50.6621],[-1.1631,50.6468],[-1.1825,50.5974],[-1.2814,50.5768],[-1.3108,50.5817],[-1.3903,50.6274],[-1.4442,50.6415],[-1.4847,50.6662],[-1.5931,50.6618],[-1.5475,50.6787],[-1.5231,50.7076],[-1.4692,50.7101],[-1.4253,50.7271],[-1.4125,50.7254],[-1.4142,50.7157],[-1.3942,50.7168],[-1.3975,50.726],[-1.4097,50.7254],[-1.3542,50.739],[-1.3147,50.7676],[-1.2925,50.7593],[-1.2819,50.7307],[-1.2892,50.7113],[-1.2781,50.7313],[-1.2914,50.7601],[-1.2753,50.7668],[-1.2158,50.7349],[-1.1642,50.7335],[-1.1592,50.7401],[-1.1586,50.7337],[-1.1097,50.7221],[-1.0969,50.706],[-1.0964,50.694],[-1.1058,50.6935],[-1.0703,50.6882],[-1.0853,50.6785]]],[[[-2.0153,50.6904],[-2.0186,50.6846],[-2.0208,50.694],[-2.0153,50.6904]]],[[[-1.9703,50.696],[-1.9553,50.6885],[-1.9881,50.6912],[-1.9703,50.696]]],[[[-3.0158,51.2282],[-3.0153,51.2229],[-3.0186,51.2337],[-3.0158,51.2282]]],[[[-1.5192,50.7426],[-1.5242,50.739],[-1.5236,50.7457],[-1.5192,50.7426]]],[[[-0.9675,50.836],[-0.9519,50.8285],[-0.9458,50.8063],[-0.9669,50.8104],[-0.9603,50.8082],[-0.9681,50.8029],[-0.9453,50.7971],[-0.9564,50.7962],[-0.9503,50.7935],[-0.9603,50.7899],[-0.9458,50.7865],[-0.9581,50.7829],[-0.9431,50.7874],[-0.9375,50.7771],[-1.0236,50.7863],[-1.0258,50.7965],[-0.9958,50.7979],[-0.9842,50.8199],[-0.9903,50.8276],[-0.9675,50.836]]],[[[-1.0319,50.8251],[-1.0342,50.8204],[-1.0386,50.8265],[-1.0319,50.8251]]],[[[-1.0097,50.8268],[-1.0064,50.8221],[-1.0164,50.8288],[-1.0097,50.8268]]],[[[-0.9458,50.8396],[-0.9469,50.8299],[-0.9531,50.8363],[-0.9458,50.8396]]]]}},{"type":"Feature","properties":{"id":25},"geometry":{"type":"Polygon","coordinates":[[[-1.448190702709558,51.89347560924248],[-1.171634654164263,51.87128305951621],[-0.884016363677156,51.86274454607222],[-0.579804710277331,51.82344650449029],[-0.217285823309208,51.836692068138746],[-0.151373298405913,51.62143373394964],[-0.130631594765015,51.607409312014184],[-0.211985165712088,51.580063545756445],[-0.278358617362959,51.552558013481644],[-0.300483101246583,51.531917943485006],[-0.281124177848412,51.49233163872576],[-0.250703012508429,51.4458168580475],[-0.200922923770276,51.38027125574203],[-0.153908395517576,51.345735817881526],[-0.076472701924893,51.35437211882551],[-0.062644899497629,51.318088715251896],[0.006494112638695,51.22812046747979],[0.150303257882249,51.1553251598541],[0.274753479727632,51.110203756870554],[0.468342713709339,50.971092022789314],[0.716390013694877,50.905541539617296],[0.716390013694877,50.90541839599615],[0.715834021568412,50.90541839599615],[0.715834021568412,50.90486145019537],[0.715277016162872,50.90486145019537],[0.715277016162872,50.904582977295036],[0.714721024036407,50.904582977295036],[0.714721024036407,50.904304504394645],[0.714168012142181,50.904304504394645],[0.714168012142181,50.903751373291016],[0.713611006736812,50.903751373291016],[0.713611006736812,50.90347290039085],[0.713055014610347,50.90347290039085],[0.713055014610347,50.90319442749046],[0.712499022483883,50.90319442749046],[0.712499022483883,50.90291595459007],[0.711944997310752,50.90291595459007],[0.711944997310752,50.90208053588873],[0.711944997310752,50.90180587768555],[0.711525976657924,50.90180587768555],[0.711389005184287,50.90180587768555],[0.711389005184287,50.90171813964861],[0.711389005184287,50.90152740478533],[0.711099982261715,50.90152740478533],[0.710833013057822,50.90152740478533],[0.710833013057822,50.90135192871094],[0.710833013057822,50.901248931884936],[0.710676014423484,50.901248931884936],[0.709722995758057,50.901248931884936],[0.709722995758057,50.900970458984375],[0.709167003631592,50.900970458984375],[0.709167003631592,50.900695800781534],[0.708611011505127,50.900695800781534],[0.708611011505127,50.900417327881144],[0.707500994205532,50.900417327881144],[0.707500994205532,50.90013885498058],[0.706945002079067,50.90013885498058],[0.706945002079067,50.89879989624046],[0.706866979598999,50.8987922668457],[0.706389009952602,50.89875030517584],[0.706389009952602,50.89843368530296],[0.706389009952602,50.898193359375114],[0.70602202415472,50.898193359375114],[0.705278992653007,50.898193359375114],[0.705277025699615,50.89791488647472],[0.704167008400077,50.89791488647472],[0.704167008400077,50.897361755371094],[0.703054010868073,50.897361755371094],[0.703054010868073,50.89708328247093],[0.70250099897379,50.89708328247093],[0.70250099897379,50.89680480957054],[0.701945006847325,50.89680480957054],[0.701945006847325,50.89652633667015],[0.701388001442012,50.89652633667015],[0.701388001442012,50.895694732666016],[0.700832009315491,50.895694732666016],[0.700832009315491,50.895416259765625],[0.700277984142417,50.895416259765625],[0.700277984142417,50.895137786865405],[0.699721992015952,50.895137786865405],[0.699721992015952,50.894859313965014],[0.699165999889431,50.894859313965014],[0.699165999889431,50.89458465576183],[0.698055982589665,50.89458465576183],[0.698055982589665,50.89430618286161],[0.6974999904632,50.89430618286161],[0.6974999904632,50.89402770996122],[0.696943998336906,50.89402770996122],[0.696943998336906,50.89374923706066],[0.696388006210441,50.89374923706066],[0.696388006210441,50.89319610595726],[0.69583398103714,50.89319610595726],[0.69583398103714,50.89291763305687],[0.69472199678421,50.89291763305687],[0.69472199678421,50.89263916015631],[0.694166004657745,50.89263916015631],[0.694166004657745,50.892082214355526],[0.693611979484615,50.892082214355526],[0.693611979484615,50.89180374145519],[0.69305598735815,50.89180374145519],[0.69305598735815,50.89152908325195],[0.692499995231685,50.89152908325195],[0.692499995231685,50.89125061035156],[0.69194400310522,50.89125061035156],[0.69194400310522,50.89069366455101],[0.69138997793209,50.89069366455101],[0.69138997793209,50.89014053344721],[0.690833985805625,50.89014053344721],[0.690833985805625,50.88986206054682],[0.69027799367916,50.88986206054682],[0.69027799367916,50.889583587646484],[0.689720988273621,50.889583587646484],[0.689720988273621,50.889305114746094],[0.689167976379395,50.889305114746094],[0.689167976379395,50.88874816894548],[0.688054978847561,50.88874816894548],[0.688054978847561,50.8884735107423],[0.687498986721096,50.8884735107423],[0.687498986721096,50.88819503784191],[0.686942994594631,50.88819503784191],[0.686942994594631,50.88791656494169],[0.686389029026088,50.88791656494169],[0.686389029026088,50.8876380920413],[0.685832977295036,50.8876380920413],[0.685832977295036,50.88708496093773],[0.685276985168571,50.88708496093773],[0.685276985168571,50.886528015136946],[0.684723019600028,50.886528015136946],[0.684723019600028,50.886249542236385],[0.684167027473563,50.886249542236385],[0.684167027473563,50.88541793823259],[0.68361097574234,50.88541793823259],[0.68361097574234,50.88513946533203],[0.683054983615818,50.88513946533203],[0.683054983615818,50.88430404663109],[0.682498991489354,50.88430404663109],[0.682498991489354,50.88319396972656],[0.681945025920868,50.88319396972656],[0.681945025920868,50.882385253906534],[0.681945025920868,50.88180541992199],[0.681388974189758,50.88180541992199],[0.681388974189758,50.88124847412138],[0.680832982063293,50.88124847412138],[0.680832982063293,50.880695343017805],[0.680276989936829,50.880695343017805],[0.680276989936829,50.880416870117415],[0.679723024368286,50.880416870117415],[0.679723024368286,50.880138397217024],[0.679166972637233,50.880138397217024],[0.679166972637233,50.87985992431646],[0.678054988384304,50.87985992431646],[0.678054988384304,50.87958526611328],[0.677673995494786,50.87958145141607],[0.677501022815761,50.87958145141607],[0.677501022815761,50.87946701049799],[0.677501022815761,50.87930679321306],[0.677254974842128,50.87930679321306],[0.676944971084708,50.87930679321306],[0.676944971084708,50.87910461425787],[0.676944971084708,50.87902832031267],[0.676831007003898,50.87902832031267],[0.676388978958244,50.87902832031267],[0.676388978958244,50.87874984741211],[0.675831973552704,50.87874984741211],[0.675831973552704,50.87847137451172],[0.675279021263236,50.87847137451172],[0.675279021263236,50.87819290161133],[0.674723029136771,50.87819290161133],[0.674723029136771,50.877643585205305],[0.674166023731232,50.877639770507926],[0.674166023731232,50.877281188964844],[0.674166023731232,50.877082824706974],[0.673868000507355,50.877082824706974],[0.673609972000179,50.877082824706974],[0.673609972000179,50.876914978027344],[0.673609972000179,50.87652969360357],[0.673056006431636,50.87652587890625],[0.673056006431636,50.87541580200207],[0.672500014305172,50.87541580200207],[0.672500014305172,50.87513732910185],[0.671944022178707,50.87513732910185],[0.671944022178707,50.874584197998274],[0.671387970447654,50.874584197998274],[0.671387970447654,50.87347412109375],[0.670834004879111,50.87347412109375],[0.670834004879111,50.87319564819336],[0.669722020626182,50.87319564819336],[0.669722020626182,50.87291717529314],[0.669166028499717,50.87291717529314],[0.669166028499717,50.87263870239275],[0.668612003326416,50.87263870239275],[0.668612003326416,50.87236022949219],[0.668056011199951,50.87236022949219],[0.668056011199951,50.8720817565918],[0.668612003326416,50.8720817565918],[0.668612003326416,50.871807098388956],[0.668056011199951,50.871807098388956],[0.668056011199951,50.871528625488395],[0.667500019073486,50.871528625488395],[0.667500019073486,50.871250152588004],[0.665834009647426,50.871250152588004],[0.665834009647426,50.87097167968744],[0.665278017520961,50.87097167968744],[0.665278017520961,50.871250152588004],[0.664981007576102,50.871250152588004],[0.664165973663387,50.871250152588004],[0.664165973663387,50.87097167968744],[0.663612008094901,50.87097167968744],[0.663612008094901,50.87069320678705],[0.66413402557373,50.87069320678705],[0.664165973663387,50.87041854858404],[0.663716971874237,50.87041854858404],[0.66305601596838,50.87041854858404],[0.66305601596838,50.87014007568365],[0.661943018436375,50.87014007568365],[0.661943018436375,50.86986160278326],[0.660833001136837,50.86986160278326],[0.660833001136837,50.869583129882926],[0.65972101688385,50.869583129882926],[0.65972101688385,50.869304656982536],[0.659166991710777,50.869304656982536],[0.659166991710777,50.869026184082145],[0.656944990158024,50.869026184082145],[0.656944990158024,50.869304656982536],[0.65638899803173,50.869304656982536],[0.65638899803173,50.869026184082145],[0.655833005905265,50.869026184082145],[0.655833005905265,50.868751525878906],[0.654166996479034,50.868751525878906],[0.654166996479034,50.86847305297874],[0.65361100435257,50.86847305297874],[0.65361100435257,50.86819458007835],[0.653055012226105,50.86819458007835],[0.653055012226105,50.86791610717796],[0.652500987052974,50.86791610717796],[0.652500987052974,50.86763763427757],[0.651944994926509,50.86763763427757],[0.651944994926509,50.86736297607422],[0.651389002800045,50.86736297607422],[0.651389002800045,50.86696624755854],[0.651389002800045,50.86680603027344],[0.650681972503662,50.86680603027344],[0.64860999584198,50.86680603027344],[0.64860999584198,50.86708450317383],[0.647500991821289,50.86708450317383],[0.647500991821289,50.86736297607422],[0.646387994289455,50.86736297607422],[0.646387994289455,50.86763763427757],[0.645834028720913,50.86763763427757],[0.64583200216299,50.86736297607422],[0.64527797698986,50.86736297607422],[0.64527797698986,50.86708450317383],[0.64416599273693,50.86708450317383],[0.64416599273693,50.86680603027344],[0.643055975437164,50.86680603027344],[0.643055975437164,50.86652755737322],[0.640833973884583,50.86652755737322],[0.640833973884583,50.86680603027344],[0.639721989631653,50.86680603027344],[0.639721989631653,50.86652755737322],[0.639165997505188,50.86652755737322],[0.639165997505188,50.865970611572266],[0.638611972332058,50.865970611572266],[0.638611972332058,50.865695953369425],[0.637499988079128,50.865695953369425],[0.637499988079128,50.865417480469034],[0.636389970779533,50.865417480469034],[0.636389970779533,50.86513900756847],[0.635277986526603,50.86513900756847],[0.635277986526603,50.86486053466808],[0.634168028831596,50.86486053466808],[0.634168028831596,50.86458206176752],[0.632498979568538,50.86458206176752],[0.632498979568538,50.86430740356468],[0.631945014,50.86430740356468],[0.631945014,50.86402893066412],[0.631389021873531,50.86402893066412],[0.631389021873531,50.86347198486334],[0.630833029747066,50.86347198486334],[0.630833029747066,50.862640380859375],[0.630276978016013,50.862640380859375],[0.630276978016013,50.86215209960949],[0.629971981048584,50.86213302612305],[0.629167020321006,50.86208343505882],[0.629167020321006,50.86190032959007],[0.629167020321006,50.86180496215843],[0.628754973411503,50.86180496215843],[0.628611028194541,50.86180496215843],[0.628611028194541,50.86152648925804],[0.628054976463318,50.86152648925804],[0.628054976463318,50.86125183105463],[0.626945018768311,50.86125183105463],[0.626945018768311,50.8609733581543],[0.62510800361639,50.8609733581543],[0.623057007789726,50.8609733581543],[0.623054981231746,50.860694885253906],[0.620832026004734,50.860694885253906],[0.620832026004734,50.860416412353516],[0.616944015026149,50.860416412353516],[0.616944015026149,50.860137939453296],[0.616388022899685,50.860137939453296],[0.616388022899685,50.859859466552905],[0.615278005600089,50.859859466552905],[0.615278005600089,50.85958480834972],[0.613056004047394,50.85958480834972],[0.613056004047394,50.8593063354495],[0.609722018241939,50.8593063354495],[0.609722018241939,50.85902786254911],[0.607499003410339,50.85902786254911],[0.607499003410339,50.85874938964855],[0.606943011283875,50.85874938964855],[0.606943011283875,50.85847091674816],[0.606388986110744,50.85847091674816],[0.606388986110744,50.85819625854515],[0.605832993984279,50.85819625854515],[0.605832993984279,50.85791778564476],[0.605277001857814,50.85791778564476],[0.605277001857814,50.8576393127442],[0.604721009731293,50.8576393127442],[0.604721009731293,50.85736083984381],[0.604166984558219,50.85736083984381],[0.604166984558219,50.85680389404308],[0.603610992431754,50.85680389404308],[0.603610992431754,50.856529235839844],[0.603055000305233,50.856529235839844],[0.603055000305233,50.85680389404308],[0.600277006626243,50.85680389404308],[0.600277006626243,50.856529235839844],[0.599166989326477,50.856529235839844],[0.599166989326477,50.85597229003906],[0.598610997200012,50.85597229003906],[0.598610997200012,50.8551406860351],[0.598055005073547,50.8551406860351],[0.598055005073547,50.85486221313471],[0.59831398725521,50.85486221313471],[0.598610997200012,50.85486221313471],[0.598610997200012,50.854624173490464],[0.596944987773952,50.85439763563048],[0.596944987773952,50.854583740234375],[0.593609988689423,50.854583740234375],[0.593609988689423,50.854305267333984],[0.593056976795197,50.854305267333984],[0.593056976795197,50.854026794433594],[0.592499971389827,50.854026794433594],[0.592499971389827,50.85379321858247],[0.59216978858064,50.853748321533374],[0.591943979263363,50.853748321533374],[0.591943979263363,50.85371761680944],[0.590149891529095,50.85347366333019],[0.589721977710838,50.85347366333019],[0.589721977710838,50.85341547717642],[0.588101940352258,50.8531951904298],[0.586390018463135,50.8531951904298],[0.586390018463135,50.85347366333019],[0.584165990352631,50.85347366333019],[0.584165990352631,50.853748321533374],[0.578611016273499,50.853748321533374],[0.578611016273499,50.85347366333019],[0.577498972415981,50.85347366333019],[0.577498972415981,50.8531951904298],[0.575833022594509,50.8531951904298],[0.575833022594509,50.85291671752958],[0.574723005294913,50.85291671752958],[0.574723005294913,50.85263824462919],[0.573055028915519,50.85263824462919],[0.573055028915519,50.85235977172863],[0.570833027362823,50.85235977172863],[0.570833027362823,50.85208511352562],[0.569167017936763,50.85208511352562],[0.569167017936763,50.85180664062523],[0.566944003105164,50.85180664062523],[0.566944003105164,50.85152816772484],[0.565832018852177,50.85152816772484],[0.565832018852177,50.851249694824276],[0.564166009426117,50.851249694824276],[0.564166009426117,50.850971221923885],[0.563055992126579,50.850971221923885],[0.563055992126579,50.850692749023494],[0.561944007873592,50.850692749023494],[0.561944007873592,50.85041809082048],[0.560833990573826,50.85041809082048],[0.560833990573826,50.85013961791992],[0.540831983089561,50.85013961791992],[0.540831983089561,50.84986114501953],[0.536943972110805,50.84986114501953],[0.536943972110805,50.84958267211914],[0.532500028610343,50.84958267211914],[0.532500028610343,50.84930419921898],[0.530278027057648,50.84930419921898],[0.530278027057648,50.84902954101574],[0.528056025505066,50.84902954101574],[0.528056025505066,50.84875106811518],[0.525833010673523,50.84875106811518],[0.525833010673523,50.84847259521479],[0.524167001247463,50.84847259521479],[0.524167001247463,50.84819412231445],[0.522499024868011,50.84819412231445],[0.522499024868011,50.84791564941406],[0.521389007568416,50.84791564941406],[0.521389007568416,50.84763717651367],[0.519722998142356,50.84763717651367],[0.519722998142356,50.84736251831066],[0.518611013889426,50.84736251831066],[0.518611013889426,50.84708404541027],[0.516945004463196,50.84708404541027],[0.516945004463196,50.84652709960966],[0.514167010784206,50.84652709960966],[0.514167010784206,50.84624862670927],[0.513610005378837,50.84624862670927],[0.513610005378837,50.845138549804915],[0.513056993484611,50.845138549804915],[0.513056993484611,50.84458160400396],[0.512499988079071,50.84458160400396],[0.512499988079071,50.84430694580095],[0.511943995952606,50.84430694580095],[0.511943995952606,50.84402847290056],[0.510833978653011,50.84402847290056],[0.510832011699677,50.84375],[0.510277986526546,50.84375],[0.510277986526546,50.84347152709961],[0.509721994400081,50.84347152709961],[0.509721994400081,50.84319305419922],[0.50638800859457,50.84319305419922],[0.50638800859457,50.84291839599621],[0.503611981868744,50.84291839599621],[0.503611981868744,50.84263992309582],[0.502499997615814,50.84263992309582],[0.502499997615814,50.842361450195256],[0.501944005489349,50.842361450195256],[0.501944005489349,50.842082977294865],[0.500833988189754,50.842082977294865],[0.500833988189754,50.84180450439453],[0.500276982784385,50.84180450439453],[0.500276982784385,50.84125307435925],[0.500264472753521,50.84125137329107],[0.49972099065792,50.84125137329107],[0.49972099065792,50.84117747258622],[0.498216521577102,50.84097290039074],[0.496389001607952,50.84097290039074],[0.496389001607952,50.84072440091864],[0.496168570400265,50.84069442749035],[0.49583300948143,50.84069442749035],[0.49583300948143,50.8406487991456],[0.493232758078415,50.840295226483256],[0.490453938665879,50.839305877685774],[0.488056987524089,50.839305877685774],[0.488054007291851,50.839027404785384],[0.486387997865791,50.839027404785384],[0.486387997865791,50.83874893188499],[0.485278010368347,50.83874893188499],[0.485278010368347,50.83847045898443],[0.484165996313095,50.83847045898443],[0.484165996313095,50.83791732788103],[0.483056008815765,50.83791732788103],[0.483056008815765,50.83763885498064],[0.481388002634105,50.83763885498064],[0.481388002634105,50.83736038208008],[0.48027798533451,50.83736038208008],[0.48027798533451,50.837150573730526],[0.479728996753693,50.8371276855471],[0.478612005710715,50.83708190917969],[0.478612005710715,50.83694458007818],[0.478612005710715,50.83680725097685],[0.477481991052684,50.83680725097685],[0.476943999528999,50.83680725097685],[0.476943999528999,50.836528778076286],[0.475277990102768,50.836528778076286],[0.475277990102768,50.836250305175895],[0.472923010587749,50.836250305175895],[0.47194600105297,50.836250305175895],[0.47194600105297,50.83613204956083],[0.471942991018409,50.835971832275334],[0.470643997192496,50.835971832275334],[0.469166994094905,50.835971832275334],[0.469166994094905,50.835792541504134],[0.469166994094905,50.83569335937494],[0.468365013599339,50.83569335937494],[0.465833008289394,50.83569335937494],[0.465833008289394,50.83541488647461],[0.463611006736869,50.83541488647461],[0.463611006736869,50.83514022827154],[0.461389005184174,50.83514022827154],[0.461389005184174,50.83486175537115],[0.458609998226279,50.83486175537115],[0.458609998226279,50.83458328247082],[0.456387996673584,50.83458328247082],[0.456387996673584,50.834304809570426],[0.454165995121059,50.834304809570426],[0.454165995121059,50.834026336670036],[0.444721013307685,50.834026336670036],[0.444721013307685,50.8337516784668],[0.443610996007919,50.8337516784668],[0.443610996007919,50.833473205566634],[0.443055003881454,50.833473205566634],[0.443055003881454,50.83319473266624],[0.441944986581859,50.83319473266624],[0.441944986581859,50.83291625976585],[0.44083300232893,50.83291625976585],[0.44083300232893,50.83263778686546],[0.432500988245067,50.83263778686546],[0.432500988245067,50.83235931396507],[0.43027800321579,50.83235931396507],[0.43027800321579,50.83208465576172],[0.42861199378973,50.83208465576172],[0.42861199378973,50.83180618286133],[0.426387995481548,50.83180618286133],[0.426387995481548,50.83152770996111],[0.424165993929023,50.83152770996111],[0.424165993929023,50.83124923706072],[0.421943992376271,50.83124923706072],[0.421943992376271,50.830970764160156],[0.419167995452938,50.830970764160156],[0.419167995452938,50.830696105957315],[0.41694501042366,50.830696105957315],[0.41694501042366,50.830417633056925],[0.415832996368408,50.830417633056925],[0.415832996368408,50.830139160156364],[0.414723008871078,50.830139160156364],[0.414723008871078,50.82986068725597],[0.413055002689418,50.82986068725597],[0.413055002689418,50.82958221435541],[0.411944985389823,50.82958221435541],[0.411944985389823,50.82930374145502],[0.410833001136837,50.82930374145502],[0.410833001136837,50.82902908325201],[0.409723013639564,50.82902908325201],[0.409723013639564,50.82875061035162],[0.408055007457847,50.82875061035162],[0.408055007457847,50.82847213745123],[0.406944990158081,50.82847213745123],[0.406944990158081,50.828193664550895],[0.405831992626247,50.828193664550895],[0.405831992626247,50.827915191650504],[0.405279010534343,50.827915191650504],[0.405279010534343,50.827640533447266],[0.404166013002509,50.827640533447266],[0.404166013002509,50.827362060546875],[0.403609991073722,50.827362060546875],[0.403609991073722,50.82708358764671],[0.402500003576279,50.82708358764671],[0.402500003576279,50.82680511474632],[0.401944011449814,50.82680511474632],[0.401944011449814,50.82652664184593],[0.400833994150219,50.82652664184593],[0.400833994150219,50.82624816894554],[0.400278002023754,50.82624816894554],[0.400278002023754,50.82597351074219],[0.399165987968502,50.82597351074219],[0.399165987968502,50.8256950378418],[0.398611992597694,50.8256950378418],[0.398611992597694,50.825416564941406],[0.397500008344707,50.825416564941406],[0.397500008344707,50.825138092041186],[0.396389991044941,50.825138092041186],[0.396387994289512,50.824859619140796],[0.394722014665717,50.824859619140796],[0.394722014665717,50.824584960937614],[0.393056005239487,50.824584960937614],[0.393056005239487,50.824306488037394],[0.391945987939891,50.824306488037394],[0.391945987939891,50.824028015137],[0.390832990408057,50.824028015137],[0.390832990408057,50.82374954223644],[0.390276998281593,50.82374954223644],[0.390276998281593,50.82347106933605],[0.389167010784149,50.82347106933605],[0.389167010784149,50.82319259643549],[0.388054996728897,50.82319259643549],[0.388054996728897,50.82291793823265],[0.386945009231567,50.82291793823265],[0.386945009231567,50.82263946533209],[0.386388987302837,50.82263946533209],[0.386388987302837,50.8223609924317],[0.385277003049907,50.8223609924317],[0.385277003049907,50.82208251953131],[0.384166985750312,50.82208251953131],[0.384166985750312,50.82180404663097],[0.383610993623847,50.82180404663097],[0.383610993623847,50.821529388427734],[0.382501006126517,50.821529388427734],[0.382501006126517,50.821250915527344],[0.381388992071095,50.821250915527344],[0.381388992071095,50.82097244262695],[0.380832999944801,50.82097244262695],[0.380832999944801,50.82069396972679],[0.379723012447357,50.82069396972679],[0.379723012447357,50.8204154968264],[0.378609985113201,50.8204154968264],[0.378609985113201,50.82013702392601],[0.377499997615928,50.82013702392601],[0.377499997615928,50.8198623657226],[0.376944005489463,50.8198623657226],[0.376944005489463,50.819583892822266],[0.375833988189697,50.819583892822266],[0.375833988189697,50.819305419921875],[0.374722003936768,50.819305419921875],[0.374722003936768,50.819026947021484],[0.374166011810303,50.819026947021484],[0.374166011810303,50.818748474121264],[0.373055994510707,50.818748474121264],[0.373055994510707,50.81847381591808],[0.371944010257721,50.81847381591808],[0.371944010257721,50.81819534301769],[0.371387988328991,50.81819534301769],[0.371387988328991,50.81791687011747],[0.370278000831661,50.81791687011747],[0.370278000831661,50.81763839721708],[0.369722008705196,50.81763839721708],[0.369722008705196,50.81735992431652],[0.36861199140543,50.81735992431652],[0.36861199140543,50.81708526611351],[0.368055999279136,50.81708145141613],[0.368055999279136,50.81680679321312],[0.366943001747131,50.81680679321312],[0.366943001747131,50.81652832031273],[0.36583399772644,50.81652832031273],[0.36583399772644,50.816249847412166],[0.365276992321071,50.816249847412166],[0.365276992321071,50.815971374511776],[0.364167004823798,50.815971374511776],[0.364167004823798,50.815692901611385],[0.363611012697334,50.815692901611385],[0.363611012697334,50.815418243408374],[0.362498998642081,50.815418243408374],[0.362498998642081,50.81513977050781],[0.361945003271103,50.81513977050781],[0.361945003271103,50.81486129760742],[0.361389011144638,50.81486129760742],[0.361389011144638,50.81458282470703],[0.360276997089386,50.81458282470703],[0.360276997089386,50.81430435180687],[0.359723001718578,50.81430435180687],[0.359723001718578,50.81402969360363],[0.359167009592056,50.81402587890648],[0.359167009592056,50.81375122070307],[0.358610987663326,50.81375122070307],[0.358610987663326,50.81347274780268],[0.357499003410396,50.81347274780268],[0.357499003410396,50.813194274902344],[0.356945008039531,50.813194274902344],[0.356945008039531,50.81291580200195],[0.356388986110801,50.81291580200195],[0.356388986110801,50.81263732910156],[0.355832993984336,50.81263732910156],[0.355832993984336,50.81236267089855],[0.355278998613471,50.81236267089855],[0.355278998613471,50.81208419799816],[0.354723006487006,50.81208419799816],[0.354723006487006,50.81180572509777],[0.354167014360542,50.81180572509777],[0.354167014360542,50.81124877929716],[0.353610992431584,50.81124877929716],[0.353610992431584,50.81097412109398],[0.353056997060776,50.81097412109398],[0.353056997060776,50.81069564819359],[0.352501004934311,50.81069564819359],[0.352501004934311,50.810417175293196],[0.351943999528942,50.810417175293196],[0.351943999528942,50.810138702392805],[0.351388007402477,50.810138702392805],[0.351388007402477,50.809860229492244],[0.35083198547369,50.809860229492244],[0.35083198547369,50.809581756591854],[0.350277990102882,50.809581756591854],[0.350277990102882,50.80930709838884],[0.349721997976417,50.80930709838884],[0.349721997976417,50.80902862548845],[0.349166005849952,50.80902862548845],[0.349166005849952,50.80875015258789],[0.348610013723487,50.80875015258789],[0.348610013723487,50.8079185485841],[0.348055988550186,50.8079185485841],[0.348055988550186,50.80680465698242],[0.347499996423721,50.80680465698242],[0.347499996423721,50.80625152587896],[0.346944004297256,50.80625152587896],[0.346944004297256,50.80597305297863],[0.346388012170792,50.80597305297863],[0.346388012170792,50.80569458007824],[0.345833986997661,50.80569458007824],[0.345833986997661,50.80513763427763],[0.345277994871196,50.80513763427763],[0.345277994871196,50.804862976074446],[0.344722002744732,50.804862976074446],[0.344722002744732,50.804584503174055],[0.34416601061821,50.804584503174055],[0.34416601061821,50.804306030273665],[0.343611985445136,50.804306030273665],[0.343611985445136,50.803749084472884],[0.343055993318671,50.803749084472884],[0.343055993318671,50.80291748046892],[0.34250000119215,50.80291748046892],[0.34250000119215,50.80236053466797],[0.341944009065685,50.80236053466797],[0.341944009065685,50.801528930664176],[0.341390013694877,50.801528930664176],[0.341390013694877,50.800693511962834],[0.340833991765919,50.800693511962834],[0.340833991765919,50.80014038085943],[0.340277999639625,50.80014038085943],[0.340277999639625,50.79930496215832],[0.339720994234085,50.79930496215832],[0.339720994234085,50.79875183105469],[0.339168012142181,50.79875183105469],[0.339168012142181,50.798194885254134],[0.338611990213394,50.798194885254134],[0.338611990213394,50.79763793945335],[0.338055014610347,50.79763793945335],[0.338055014610347,50.79735946655296],[0.33749899268156,50.79735946655296],[0.33749899268156,50.79680633544922],[0.336944997310752,50.79680633544922],[0.336944997310752,50.79624938964861],[0.336389005184287,50.79624938964861],[0.336389005184287,50.795417785644815],[0.335833013057822,50.795417785644815],[0.335833013057822,50.7945823669433],[0.335276991129035,50.7945823669433],[0.335276991129035,50.7940292358399],[0.33472099900257,50.7940292358399],[0.33472099900257,50.793193817138786],[0.334167003631592,50.793193817138786],[0.334167003631592,50.792640686035156],[0.333611011505127,50.792640686035156],[0.333611011505127,50.79180526733421],[0.33305498957634,50.79180526733421],[0.33305498957634,50.79124832153343],[0.332498997449875,50.79124832153343],[0.332498997449875,50.79097366333008],[0.331945002079067,50.79097366333008],[0.331945002079067,50.7904167175293],[0.331389009952545,50.7904167175293],[0.331389009952545,50.79013824462908],[0.332498997449875,50.79013824462908],[0.332498997449875,50.78990936279291],[0.332498997449875,50.789306640625284],[0.33305498957634,50.789306640625284],[0.33305498957634,50.789028167724894],[0.331389009952545,50.789028167724894],[0.331389009952545,50.789306640625284],[0.330832988023815,50.789306640625284],[0.330832988023815,50.79013824462908],[0.330278992653007,50.79013824462908],[0.330278992653007,50.7904167175293],[0.329723000526485,50.7904167175293],[0.329723000526485,50.79069519042969],[0.32861098647129,50.79069519042969],[0.32861098647129,50.7904167175293],[0.328054994344825,50.7904167175293],[0.328054994344825,50.789028167724894],[0.32861098647129,50.789028167724894],[0.32861098647129,50.78874969482433],[0.329364985227699,50.78874969482433],[0.329723000526485,50.78874969482433],[0.329723000526485,50.78847122192394],[0.33027699589735,50.78847122192394],[0.330278992653007,50.78819274902338],[0.330832988023815,50.78819274902338],[0.330832988023815,50.78791809082054],[0.33305498957634,50.78791809082054],[0.33305498957634,50.78763961791998],[0.333611011505127,50.78763961791998],[0.333611011505127,50.78736114501959],[0.33305498957634,50.78736114501959],[0.33305498957634,50.7870826721192],[0.331945002079067,50.7870826721192],[0.331945002079067,50.786804199218864],[0.331389009952545,50.786804199218864],[0.331389009952545,50.786529541015625],[0.330278992653007,50.786529541015625],[0.33027699589735,50.78569412231468],[0.329723000526485,50.78569412231468],[0.329723000526485,50.784584045410156],[0.32916700840002,50.784584045410156],[0.32916700840002,50.784305572509766],[0.326945006847495,50.784305572509766],[0.326945006847495,50.784027099609375],[0.32638901472103,50.784027099609375],[0.32638901472103,50.783748626709155],[0.325832009315491,50.783748626709155],[0.325832009315491,50.78347396850597],[0.325278997421265,50.78347396850597],[0.325278997421265,50.78319549560558],[0.324721992015895,50.78319549560558],[0.324721992015895,50.78291702270536],[0.324165999889431,50.78291702270536],[0.324165999889431,50.78263854980497],[0.322499990463371,50.78263854980497],[0.322499990463371,50.78236007690441],[0.321388006210441,50.78236007690441],[0.321388006210441,50.78208160400402],[0.31972199678421,50.78208160400402],[0.31972199678421,50.78180694580101],[0.31861200928688,50.78180694580101],[0.31861200928688,50.78152847290062],[0.31694400310522,50.78152847290062],[0.31694400310522,50.78125],[0.316390007734356,50.78125],[0.316390007734356,50.780971527099666],[0.315833985805625,50.780971527099666],[0.315833985805625,50.780693054199276],[0.314722001552639,50.780693054199276],[0.314722001552639,50.780418395996264],[0.314168006181831,50.780418395996264],[0.314166009426174,50.7801399230957],[0.313612014055366,50.7801399230957],[0.313612014055366,50.77986145019531],[0.313055992126408,50.77986145019531],[0.313055992126408,50.77958297729492],[0.312498986721096,50.77958297729492],[0.312498986721096,50.77930450439476],[0.31139001250267,50.77930450439476],[0.31139001250267,50.77902603149437],[0.310276985168514,50.77902603149437],[0.310276985168514,50.77875137329096],[0.309720993042049,50.77875137329096],[0.309720993042049,50.77847290039057],[0.309166997671241,50.77847290039057],[0.309166997671241,50.778194427490234],[0.308611005544776,50.778194427490234],[0.308611005544776,50.777915954589844],[0.308055013418311,50.777915954589844],[0.308055013418311,50.77763748168945],[0.307498991489524,50.77763748168945],[0.307498991489524,50.77708435058605],[0.306944996118546,50.77708435058605],[0.306944996118546,50.77680587768566],[0.306389003992081,50.77680587768566],[0.306389003992081,50.77652740478544],[0.305833011865616,50.77652740478544],[0.305833011865616,50.77624893188505],[0.305276989936829,50.77624893188505],[0.305276989936829,50.77597045898449],[0.304722994566021,50.77597045898449],[0.304722994566021,50.77569580078148],[0.304167002439556,50.77569580078148],[0.304167002439556,50.775138854980696],[0.303611010313034,50.775138854980696],[0.303611010313034,50.774860382080135],[0.303054988384304,50.774860382080135],[0.303054988384304,50.774581909179744],[0.302500993013496,50.774581909179744],[0.302500993013496,50.77402877807634],[0.301945000886974,50.77402877807634],[0.301945000886974,50.77375030517578],[0.301389008760509,50.77375030517578],[0.301389008760509,50.773193359375],[0.300832986831779,50.773193359375],[0.300832986831779,50.77291488647484],[0.300278991460743,50.77291488647484],[0.300278991460743,50.77236175537104],[0.299722999334449,50.77236175537104],[0.299722999334449,50.772083282470646],[0.299167007207984,50.772083282470646],[0.299167007207984,50.77180480957031],[0.298610001802444,50.77180480957031],[0.298610001802444,50.771251678466854],[0.298056989908218,50.771251678466854],[0.29805400967598,50.77097320556652],[0.297500014305172,50.77097320556652],[0.297500014305172,50.7706080946724],[0.296961200730031,50.77041625976574],[0.296943992376384,50.77041625976574],[0.296943992376384,50.77041013304015],[0.296877963611255,50.77038662468294],[0.241385735519141,50.733749389648665],[0.240278005600089,50.733749389648665],[0.240278005600089,50.734027862549055],[0.239721998572463,50.734027862549055],[0.239721998572463,50.734306335449446],[0.238611996173859,50.734306335449446],[0.238611996173859,50.73458480834984],[0.235277995467243,50.73458480834984],[0.235277995467243,50.73485946655302],[0.232500001788196,50.73485946655302],[0.232500001788196,50.73513793945341],[0.230832993984222,50.73513793945341],[0.230832993984222,50.73541641235363],[0.229720994830132,50.73541641235363],[0.229720994830132,50.73569488525402],[0.227498993277607,50.73569488525402],[0.227498993277607,50.73597335815441],[0.225832998752708,50.73597335815441],[0.225832998752708,50.736251831054744],[0.218057006597633,50.736251831054744],[0.218057006597633,50.73652648925781],[0.217500999570007,50.73652648925781],[0.217500999570007,50.7368049621582],[0.216388002038002,50.7368049621582],[0.216388002038002,50.73708343505854],[0.215277999639568,50.73708343505854],[0.215277999639568,50.73736190795893],[0.214166000485477,50.73736190795893],[0.214166000485477,50.73764038085949],[0.209721997380257,50.73764038085949],[0.209721997380257,50.73791503906273],[0.208611994981823,50.73791503906273],[0.208611994981823,50.73819351196289],[0.208056002855358,50.73819351196289],[0.208056002855358,50.73847198486328],[0.206944003701267,50.73847198486328],[0.206944003701267,50.73875045776367],[0.205834001302776,50.73875045776367],[0.205834001302776,50.73902893066423],[0.205277994275207,50.73902893066423],[0.205277994275207,50.739307403564624],[0.204168006777877,50.739307403564624],[0.204168006777877,50.739582061767635],[0.203611001372337,50.739582061767635],[0.203611001372337,50.74013900756859],[0.203054994344711,50.74013900756859],[0.203054994344711,50.74069595336937],[0.202499002218246,50.74069595336937],[0.202499002218246,50.74097061157238],[0.201945006847438,50.74097061157238],[0.201945006847438,50.74152755737333],[0.201388999819812,50.74152755737333],[0.201388999819812,50.74180603027355],[0.200832992792186,50.74180603027355],[0.200832992792186,50.74236297607433],[0.200277000665722,50.74236297607433],[0.200277000665722,50.742916107177734],[0.199723005294913,50.742916107177734],[0.199720993638095,50.743194580078125],[0.199166998267287,50.743194580078125],[0.199166998267287,50.74347305297846],[0.198054999113197,50.74347305297846],[0.198054999113197,50.74375152587885],[0.197501003742218,50.74375152587885],[0.197501003742218,50.74402618408226],[0.196944996714592,50.74402618408226],[0.196944996714592,50.74430465698265],[0.196389004588127,50.74430465698265],[0.196389004588127,50.74458312988281],[0.195279002189693,50.74458312988281],[0.195279002189693,50.7448616027832],[0.194722995162067,50.7448616027832],[0.194722995162067,50.745140075683594],[0.194167003035602,50.745140075683594],[0.194167003035602,50.745418548584155],[0.193057000637111,50.745418548584155],[0.193055003881511,50.745693206787166],[0.192500993609542,50.745693206787166],[0.192500993609542,50.74597167968756],[0.19194500148302,50.74597167968756],[0.19194500148302,50.74625015258795],[0.191387996077538,50.74625015258795],[0.191387996077538,50.74652862548851],[0.190279006958121,50.74652862548851],[0.190279006958121,50.7468070983889],[0.189722001552582,50.7468070983889],[0.189722001552582,50.74708175659191],[0.189165994524956,50.74708175659191],[0.189165994524956,50.7473602294923],[0.188610002398491,50.7473602294923],[0.188610002398491,50.74763870239286],[0.1875,50.74763870239286],[0.1875,50.74791717529325],[0.186943992972431,50.74791717529325],[0.186943992972431,50.74819564819347],[0.185277998447532,50.74819564819347],[0.185277998447532,50.748474121093864],[0.183055996894836,50.748474121093864],[0.183055996894836,50.748748779297046],[0.181390002369938,50.748748779297046],[0.181390002369938,50.749027252197266],[0.180278003215847,50.749027252197266],[0.180278003215847,50.749305725097656],[0.179721996188221,50.749305725097656],[0.179721996188221,50.74958419799805],[0.178611993789787,50.74958419799805],[0.178611993789787,50.74986267089838],[0.177498996257782,50.74986267089838],[0.177498996257782,50.75013732910179],[0.1752769947052,50.75013732910179],[0.1752769947052,50.75041580200218],[0.174167007207927,50.75041580200218],[0.174167007207927,50.75069427490257],[0.173611000180301,50.75069427490257],[0.173611000180301,50.751251220703125],[0.17249900102621,50.751251220703125],[0.17249900102621,50.751525878906364],[0.171945005655402,50.751529693603516],[0.171945005655402,50.751804351806754],[0.170833006501312,50.751804351806754],[0.170833006501312,50.75208282470709],[0.170276999473685,50.75208282470709],[0.170276999473685,50.75236129760748],[0.169166997075081,50.75236129760748],[0.169166997075081,50.75263977050787],[0.168611004948616,50.75263977050787],[0.168611004948616,50.75291824340843],[0.167501002550182,50.75291824340843],[0.167501002550182,50.75319290161127],[0.166944995522556,50.75319290161127],[0.166944995522556,50.75347137451183],[0.165832996368465,50.75347137451183],[0.165832996368465,50.75374984741222],[0.164722993970031,50.75374984741222],[0.164722993970031,50.754028320312784],[0.163609996438026,50.754028320312784],[0.163609996438026,50.754306793213175],[0.161944001913071,50.754306793213175],[0.161944001913071,50.754581451416016],[0.160833999514637,50.754585266113395],[0.160833999514637,50.75485992431658],[0.159722000360546,50.75485992431658],[0.159722000360546,50.75513839721697],[0.158611997962112,50.75513839721697],[0.158611997962112,50.75541687011719],[0.158056005835647,50.75541687011719],[0.158056005835647,50.75569534301758],[0.157499998808021,50.75569534301758],[0.157499998808021,50.75597381591797],[0.156944006681556,50.75597381591797],[0.156944006681556,50.75624847412132],[0.156389996409416,50.75624847412132],[0.156389996409416,50.75652694702171],[0.155834004282951,50.75652694702171],[0.155834004282951,50.7568054199221],[0.155277997255325,50.7568054199221],[0.155277997255325,50.75708389282249],[0.15472200512886,50.75708389282249],[0.15472200512886,50.757362365722656],[0.154165998101234,50.757362365722656],[0.154165998101234,50.757637023925895],[0.152500003576336,50.757637023925895],[0.152500003576336,50.757915496826286],[0.151390001177845,50.757915496826286],[0.151390001177845,50.758193969726676],[0.149720996618271,50.758193969726676],[0.149720996618271,50.75847244262701],[0.147498995065689,50.75847244262701],[0.147498995065689,50.758193969726676],[0.146388992667255,50.758193969726676],[0.146388992667255,50.757915496826286],[0.145276993513164,50.757915496826286],[0.145276993513164,50.757637023925895],[0.144722998142356,50.757637023925895],[0.144722998142356,50.757362365722656],[0.144167006015891,50.757362365722656],[0.144167006015891,50.75708389282249],[0.143610998988265,50.75708389282249],[0.143610998988265,50.7568054199221],[0.1430550068618,50.7568054199221],[0.1430550068618,50.75652694702171],[0.142500996589661,50.75652694702171],[0.142500996589661,50.75624847412132],[0.141945004463196,50.75624847412132],[0.141945004463196,50.75597381591797],[0.139723002910671,50.75597381591797],[0.139723002910671,50.75513839721697],[0.136388003826085,50.75513839721697],[0.136388003826085,50.75541687011719],[0.13527800142765,50.75541687011719],[0.13527800142765,50.75569534301758],[0.133612006902752,50.75569534301758],[0.133609995245934,50.75597381591797],[0.131944000721035,50.75597381591797],[0.131944000721035,50.75624847412132],[0.130278006196136,50.75624847412132],[0.130278006196136,50.75652694702171],[0.129166007042045,50.75652694702171],[0.129166007042045,50.7568054199221],[0.127499997615814,50.7568054199221],[0.127499997615814,50.75708389282249],[0.125834003090915,50.75708389282249],[0.125834003090915,50.757362365722656],[0.124720998108501,50.757362365722656],[0.124720998108501,50.757637023925895],[0.123055003583374,50.757637023925895],[0.123055003583374,50.757915496826286],[0.120277002453804,50.757915496826286],[0.120277002453804,50.758193969726676],[0.119722999632415,50.758193969726676],[0.119722999632415,50.7587509155274],[0.11916700005537,50.7587509155274],[0.11916700005537,50.75902938842779],[0.118611000478325,50.75902938842779],[0.118611000478325,50.7593040466308],[0.118055000901279,50.7593040466308],[0.118055000901279,50.75958251953119],[0.11750099807989,50.75958251953119],[0.117499001324234,50.759860992431754],[0.116944998502845,50.759860992431754],[0.116944998502845,50.75999450683594],[0.116944998502845,50.760139465332145],[0.1163889989258,50.760139465332145],[0.1163889989258,50.760417938232706],[0.115832999348754,50.760417938232706],[0.115832999348754,50.76069259643555],[0.115276999771709,50.76069259643555],[0.115276999771709,50.76097106933594],[0.11472299695015,50.76097106933594],[0.11472299695015,50.7612495422365],[0.114166997373104,50.7612495422365],[0.114166997373104,50.76152801513689],[0.113610997796059,50.76152801513689],[0.113610997796059,50.76180648803711],[0.113054998219013,50.76180648803711],[0.113054998219013,50.7620849609375],[0.112501002848205,50.7620849609375],[0.112501002848205,50.76235961914085],[0.11194500327116,50.76235961914085],[0.11194500327116,50.76263809204124],[0.111389003694114,50.76263809204124],[0.111389003694114,50.762916564941634],[0.110279001295623,50.762916564941634],[0.110279001295623,50.763195037842024],[0.109722003340664,50.763195037842024],[0.109722003340664,50.763473510742415],[0.109165996313095,50.763473510742415],[0.109165996313095,50.7637481689456],[0.10860999673622,50.7637481689456],[0.10860999673622,50.76402664184582],[0.108056001365185,50.76402664184582],[0.108056001365185,50.76430511474621],[0.107500001788139,50.76430511474621],[0.107500001788139,50.7645835876466],[0.106944002211094,50.7645835876466],[0.106944002211094,50.76486206054693],[0.106388002634048,50.76486206054693],[0.106388002634048,50.76514053344732],[0.10583399981266,50.76514053344732],[0.10583399981266,50.76541519165039],[0.105278000235614,50.76541519165039],[0.105278000235614,50.765693664550724],[0.104722000658569,50.765693664550724],[0.104722000658569,50.765972137451115],[0.104166001081524,50.765972137451115],[0.104166001081524,50.766250610351676],[0.103611998260135,50.766250610351676],[0.103611998260135,50.76652908325207],[0.103055998683089,50.76652908325207],[0.103055998683089,50.76680374145508],[0.102499999106044,50.76680374145508],[0.102499999106044,50.76708221435547],[0.101943999528999,50.76708221435547],[0.101943999528999,50.76736068725586],[0.101389996707439,50.76736068725586],[0.101387999951953,50.76763916015642],[0.100833997130394,50.76763916015642],[0.100833997130394,50.76791763305681],[0.100277997553349,50.76791763305681],[0.100277997553349,50.76819610595703],[0.099721997976303,50.76819610595703],[0.099721997976303,50.76847076416021],[0.099165998399258,50.76847076416021],[0.099165998399258,50.769027709961165],[0.09861200302862,50.769027709961165],[0.09861200302862,50.769306182861555],[0.098056003451575,50.769306182861555],[0.098056003451575,50.769584655761946],[0.097498998046035,50.769584655761946],[0.097498998046035,50.76985931396513],[0.096946001052913,50.76985931396513],[0.096946001052913,50.77013778686552],[0.096390001475868,50.77013778686552],[0.096390001475868,50.77041625976574],[0.095833003520909,50.77041625976574],[0.095833003520909,50.77069473266613],[0.09527699649351,50.77069473266613],[0.09527699649351,50.77097320556652],[0.094720996916465,50.77097320556652],[0.094720996916465,50.771251678466854],[0.094167001545429,50.771251678466854],[0.094167001545429,50.77152633666992],[0.093611001968384,50.77152633666992],[0.093611001968384,50.77180480957031],[0.093055002391338,50.77180480957031],[0.093055002391338,50.772083282470646],[0.092499002814293,50.772083282470646],[0.092499002814293,50.77236175537104],[0.091944999992904,50.77236175537104],[0.091944999992904,50.7726402282716],[0.091389000415859,50.7726402282716],[0.091389000415859,50.77291488647484],[0.090833000838813,50.77291488647484],[0.090833000838813,50.773193359375],[0.090277001261768,50.773193359375],[0.090277001261768,50.77347183227539],[0.089166998863334,50.77347183227539],[0.089166998863334,50.77375030517578],[0.088610999286288,50.77375030517578],[0.088610999286288,50.77402877807634],[0.088054999709243,50.77402877807634],[0.088054999709243,50.77430725097673],[0.087500996887684,50.77430725097673],[0.087500996887684,50.774581909179744],[0.086944997310638,50.774581909179744],[0.086944997310638,50.774860382080135],[0.086388997733593,50.774860382080135],[0.086388997733593,50.775138854980696],[0.08527900278591,50.775138854980696],[0.08527900278591,50.77541732788109],[0.084723003208865,50.77541732788109],[0.084723003208865,50.77569580078148],[0.084167003631819,50.77569580078148],[0.084167003631819,50.77597045898449],[0.083609998226279,50.77597045898449],[0.083609998226279,50.77624893188505],[0.083057001233158,50.77624893188505],[0.083057001233158,50.77652740478544],[0.082501001656112,50.77652740478544],[0.082501001656112,50.77680587768566],[0.081387996673755,50.77680587768566],[0.081387996673755,50.77708435058605],[0.080834001302719,50.77708435058605],[0.080834001302719,50.77736282348644],[0.080278001725674,50.77736282348644],[0.080278001725674,50.77763748168945],[0.079722002148628,50.77763748168945],[0.079722002148628,50.777915954589844],[0.079166002571583,50.777915954589844],[0.079166002571583,50.778194427490234],[0.078610002994537,50.778194427490234],[0.078610002994537,50.77847290039057],[0.077500000596103,50.77847290039057],[0.077500000596103,50.77875137329096],[0.076944001019058,50.77875137329096],[0.076944001019058,50.77902603149437],[0.076388001442012,50.77902603149437],[0.076388001442012,50.77930450439476],[0.075833998620624,50.77930450439476],[0.075833998620624,50.77958297729492],[0.075277999043578,50.77958297729492],[0.075277999043578,50.77986145019531],[0.074721999466533,50.77986145019531],[0.074721999466533,50.7801399230957],[0.073611997067928,50.7801399230957],[0.073611997067928,50.780418395996264],[0.073055997490883,50.780418395996264],[0.073055997490883,50.780693054199276],[0.072499997913837,50.780693054199276],[0.072499997913837,50.780971527099666],[0.070834003389109,50.780971527099666],[0.070834003389109,50.78125],[0.069168001413402,50.78125],[0.069168001413402,50.78152847290062],[0.068054996431044,50.78152847290062],[0.068054996431044,50.78180694580101],[0.066389001905918,50.78180694580101],[0.066389001905918,50.78208160400402],[0.060279000550565,50.78208160400402],[0.060279000550565,50.78180694580101],[0.059167001396474,50.78180694580101],[0.059167001396474,50.78152847290062],[0.058054000139293,50.78152847290062],[0.058054000139293,50.78125],[0.057500999420995,50.78125],[0.057500999420995,50.780971527099666],[0.055279001593647,50.780971527099666],[0.055279001593647,50.78125],[0.052499998360986,50.78125],[0.052499998360986,50.780693054199276],[0.053056001663208,50.780693054199276],[0.053056001663208,50.77986145019531],[0.05361000075942,50.77986145019531],[0.05361000075942,50.77930450439476],[0.054166000336465,50.77930450439476],[0.054166000336465,50.77875137329096],[0.054721999913511,50.77875137329096],[0.054721999913511,50.778194427490234],[0.055279001593647,50.778194427490234],[0.055279001593647,50.777915954589844],[0.055831998586768,50.777915954589844],[0.055831998586768,50.77763748168945],[0.056387998163814,50.77763748168945],[0.056387998163814,50.77708435058605],[0.05694499984395,50.77708435058605],[0.05694499984395,50.77680587768566],[0.057500999420995,50.77680587768566],[0.057500999420995,50.77652740478544],[0.058054000139293,50.77652740478544],[0.058054000139293,50.77597045898449],[0.058611001819429,50.77597045898449],[0.058611001819429,50.77569580078148],[0.059167001396474,50.77569580078148],[0.059167001396474,50.77541732788109],[0.05805699899804,50.77541732788109],[0.058054000139293,50.77569580078148],[0.05694499984395,50.77569580078148],[0.05694499984395,50.77597045898449],[0.056387998163814,50.77597045898449],[0.056387998163814,50.77624893188505],[0.055279001593647,50.77624893188505],[0.055279001593647,50.77652740478544],[0.054721999913511,50.77652740478544],[0.054721999913511,50.77708435058605],[0.054166000336465,50.77708435058605],[0.054166000336465,50.77763748168945],[0.05361000075942,50.77763748168945],[0.05361000075942,50.778194427490234],[0.053056001663208,50.778194427490234],[0.053056001663208,50.77875137329096],[0.052499998360986,50.77875137329096],[0.052499998360986,50.77902603149437],[0.051943998783941,50.77902603149437],[0.051943998783941,50.77930450439476],[0.050834000110683,50.77930450439476],[0.050834000110683,50.77958297729492],[0.050278000533638,50.77958297729492],[0.050278000533638,50.7797737121582],[0.050278000533638,50.77986145019531],[0.049722000956592,50.77986145019531],[0.049722000956592,50.7801399230957],[0.049166001379547,50.7801399230957],[0.049166001379547,50.780418395996264],[0.045834001153764,50.780418395996264],[0.045834001153764,50.780693054199276],[0.03861099854123,50.780693054199276],[0.03861099854123,50.780418395996264],[0.035277001559791,50.780418395996264],[0.035277001559791,50.780693054199276],[0.034722998738403,50.780693054199276],[0.034722998738403,50.780971527099666],[0.033610999584312,50.780971527099666],[0.033610999584312,50.78125],[0.032501000911054,50.78125],[0.032501000911054,50.78152847290062],[0.031945001334009,50.78152847290062],[0.031945001334009,50.78180694580101],[0.030832000076828,50.78180694580101],[0.030832000076828,50.78208160400402],[0.029722999781484,50.78208160400402],[0.029722999781484,50.78236007690441],[0.029165999963823,50.78236007690441],[0.029165999963823,50.78263854980497],[0.028056999668536,50.78263854980497],[0.028056999668536,50.78291702270536],[0.026944000274,50.78291702270536],[0.026944000274,50.78319549560558],[0.025833999738268,50.78319549560558],[0.025833999738268,50.78347396850597],[0.025278000161222,50.78347396850597],[0.025278000161222,50.783748626709155],[0.024165999144429,50.783748626709155],[0.024165999144429,50.784027099609375],[0.023056000471172,50.784027099609375],[0.023056000471172,50.784305572509766],[0.022500000894127,50.784305572509766],[0.022500000894127,50.784584045410156],[0.021390000358224,50.784584045410156],[0.021390000358224,50.78486251831049],[0.017590999603328,50.78486251831049],[0.015833999961728,50.78486251831049],[0.015833999961728,50.7851371765139],[0.01472099963587,50.7851371765139],[0.01472099963587,50.78541564941429],[0.014166999608335,50.78541564941429],[0.014166999608335,50.78569412231468],[0.012498999945876,50.78569412231468],[0.012498999945876,50.785972595214844],[0.011389000341467,50.785972595214844],[0.011389000341467,50.786251068115234],[0.009723000228462,50.786251068115234],[0.009723000228462,50.786529541015625],[0.008611000143048,50.786529541015625],[0.008611000143048,50.786804199218864],[0.006945000030044,50.786804199218864],[0.006945000030044,50.7870826721192],[0.005833000410405,50.7870826721192],[0.005833000410405,50.78736114501959],[0.004166999832023,50.78736114501959],[0.004166999832023,50.78763961791998],[0.003053999738825,50.78763961791998],[0.003053999738825,50.78791809082054],[0.000278000341552,50.78791809082054],[0.0,50.78791809082054],[-0.000833999714814,50.78791809082054],[-0.000833999714814,50.78819274902338],[-0.001388000091538,50.78819274902338],[-0.001390000106767,50.78874969482433],[-0.001943999668583,50.78874969482433],[-0.001943999668583,50.789028167724894],[-0.002500000176951,50.789028167724894],[-0.002500000176951,50.789306640625284],[-0.003055999521109,50.789306640625284],[-0.003055999521109,50.789585113525504],[-0.004165999591351,50.789585113525504],[-0.004165999591351,50.789859771728686],[-0.005834000185132,50.789859771728686],[-0.005834000185132,50.79013824462908],[-0.006943999789598,50.79013824462908],[-0.006943999789598,50.7904167175293],[-0.00860999990249,50.7904167175293],[-0.00860999990249,50.79069519042969],[-0.00972199905658,50.79069519042969],[-0.00972199905658,50.79097366333008],[-0.010831999592426,50.79097366333008],[-0.010831999592426,50.79124832153343],[-0.01250099949533,50.79124832153343],[-0.01250099949533,50.79152679443382],[-0.013611000031176,50.79152679443382],[-0.013611000031176,50.79180526733421],[-0.014723000116589,50.79180526733421],[-0.014723000116589,50.7920837402346],[-0.015277000144067,50.7920837402346],[-0.015277000144067,50.792362213134766],[-0.016388999298158,50.792362213134766],[-0.016388999298158,50.792640686035156],[-0.017498999834061,50.792640686035156],[-0.017501000314951,50.792915344238395],[-0.018611000850797,50.792915344238395],[-0.018611000850797,50.793193817138786],[-0.019167000427842,50.793193817138786],[-0.019167000427842,50.79347229003912],[-0.020276999101043,50.79347229003912],[-0.020276999101043,50.79375076293951],[-0.021389000117665,50.79375076293951],[-0.021389000117665,50.7940292358399],[-0.022499000653511,50.7940292358399],[-0.022499000653511,50.79430389404291],[-0.023055000230556,50.79430389404291],[-0.023055000230556,50.7945823669433],[-0.024167999625149,50.7945823669433],[-0.024167999625149,50.794860839843864],[-0.025278000160995,50.794860839843864],[-0.025278000160995,50.795139312744254],[-0.02583399973804,50.795139312744254],[-0.02583399973804,50.795417785644815],[-0.026944000273886,50.795417785644815],[-0.026944000273886,50.795696258545206],[-0.028055999427977,50.795696258545206],[-0.028055999427977,50.79597091674805],[-0.029165999963823,50.79597091674805],[-0.029165999963823,50.79624938964861],[-0.029721999540868,50.79624938964861],[-0.029721999540868,50.796527862549],[-0.030834000557661,50.796527862549],[-0.030834000557661,50.79680633544922],[-0.031943999230862,50.79680633544922],[-0.031943999230862,50.79708480834961],[-0.032499998807907,50.79708480834961],[-0.032499998807907,50.79735946655296],[-0.033610001206284,50.79735946655296],[-0.033612001687288,50.79763793945335],[-0.03416600078333,50.79763793945335],[-0.03416600078333,50.79791641235374],[-0.035277999937421,50.79791641235374],[-0.035277999937421,50.798194885254134],[-0.035831999033689,50.798194885254134],[-0.035831999033689,50.798473358154524],[-0.03694399818778,50.798473358154524],[-0.03694399818778,50.79875183105469],[-0.037500999867859,50.79875183105469],[-0.037500999867859,50.799026489257926],[-0.03861000016326,50.799026489257926],[-0.03861000016326,50.79930496215832],[-0.043611001223326,50.79930496215832],[-0.043611001223326,50.79958343505871],[-0.044167000800371,50.79958343505871],[-0.044167000800371,50.79986190795904],[-0.045276999473572,50.79986190795904],[-0.045276999473572,50.80014038085943],[-0.045832999050617,50.80014038085943],[-0.045832999050617,50.8004150390625],[-0.046944998204708,50.8004150390625],[-0.046944998204708,50.800693511962834],[-0.048055000603085,50.800693511962834],[-0.048055000603085,50.800971984863224],[-0.049166999757176,50.800971984863224],[-0.049166999757176,50.801250457763786],[-0.0563879981637,50.801250457763786],[-0.056389998644534,50.801528930664176],[-0.058056000620127,50.801528930664176],[-0.058056000620127,50.80180740356474],[-0.059165999293327,50.80180740356474],[-0.059165999293327,50.80208206176758],[-0.059721998870373,50.80208206176758],[-0.059721998870373,50.80236053466797],[-0.060834001749754,50.80236053466797],[-0.060834001749754,50.80263900756853],[-0.061944000422841,50.80263900756853],[-0.061944000422841,50.80291748046892],[-0.062499999999886,50.80291748046892],[-0.062499999999886,50.80319595336914],[-0.063610002398491,50.80319595336914],[-0.063610002398491,50.80347061157232],[-0.064722999930325,50.80347061157232],[-0.064722999930325,50.803749084472884],[-0.06527899950737,50.803749084472884],[-0.06527899950737,50.804027557373274],[-0.066389001905918,50.804027557373274],[-0.066389001905918,50.804306030273665],[-0.067501001060009,50.804306030273665],[-0.067501001060009,50.804584503174055],[-0.068611003458443,50.804584503174055],[-0.068611003458443,50.804862976074446],[-0.069167003035489,50.804862976074446],[-0.069167003035489,50.80513763427763],[-0.070276997983456,50.80513763427763],[-0.070276997983456,50.80541610717785],[-0.071388997137547,50.80541610717785],[-0.071388997137547,50.80569458007824],[-0.071944996714592,50.80569458007824],[-0.071944996714592,50.80597305297863],[-0.073054999113083,50.80597305297863],[-0.073054999113083,50.80625152587896],[-0.074166998267174,50.80625152587896],[-0.074166998267174,50.80652618408203],[-0.074721001088506,50.80652618408203],[-0.074721001088506,50.80680465698242],[-0.075833000242596,50.80680465698242],[-0.075833000242596,50.807083129882756],[-0.076943002641201,50.807083129882756],[-0.076943002641201,50.807361602783146],[-0.078055001795292,50.807361602783146],[-0.078055001795292,50.80764007568371],[-0.07861199975008,50.80764007568371],[-0.07861199975008,50.8079185485841],[-0.079722002148628,50.8079185485841],[-0.079722002148628,50.80819320678711],[-0.080834001302719,50.80819320678711],[-0.080834001302719,50.8084716796875],[-0.081390000879765,50.8084716796875],[-0.081390000879765,50.80875015258789],[-0.082500003278199,50.80875015258789],[-0.082500003278199,50.80902862548845],[-0.08361200243229,50.80902862548845],[-0.08361200243229,50.80930709838884],[-0.084721997380257,50.80930709838884],[-0.084721997380257,50.809581756591854],[-0.085277996957302,50.809581756591854],[-0.085277996957302,50.809860229492244],[-0.086387999355793,50.809860229492244],[-0.086387999355793,50.810138702392805],[-0.087499998509884,50.810138702392805],[-0.087499998509884,50.810417175293196],[-0.088610000908261,50.810417175293196],[-0.088610000908261,50.81069564819359],[-0.089722000062352,50.81069564819359],[-0.089722000062352,50.81097412109398],[-0.090832002460957,50.81097412109398],[-0.090832002460957,50.81124877929716],[-0.092500999569836,50.81124877929716],[-0.092500999569836,50.81097412109398],[-0.093053996562844,50.81097412109398],[-0.093056999146881,50.810138702392805],[-0.093611001968384,50.810138702392805],[-0.093611001968384,50.81006622314459],[-0.093611001968384,50.809581756591854],[-0.094167001545429,50.809581756591854],[-0.094167001545429,50.80875015258789],[-0.094723001122475,50.80875015258789],[-0.094723001122475,50.80819320678711],[-0.100276999175549,50.80819320678711],[-0.100276999175549,50.8084716796875],[-0.103055000305062,50.8084716796875],[-0.103055000305062,50.80875015258789],[-0.106389999389592,50.80875015258789],[-0.106389999389592,50.8084716796875],[-0.107500001788139,50.8084716796875],[-0.107500001788139,50.80875015258789],[-0.108056001365185,50.80875015258789],[-0.108056001365185,50.80902862548845],[-0.10861200094223,50.80902862548845],[-0.10861200094223,50.809860229492244],[-0.109165996313038,50.809860229492244],[-0.109165996313038,50.81124877929716],[-0.10861200094223,50.81124877929716],[-0.10861200094223,50.81208419799816],[-0.108056001365185,50.81208419799816],[-0.108056001365185,50.81226730346691],[-0.108056001365185,50.81263732910156],[-0.109165996313038,50.81263732910156],[-0.109165996313038,50.81291580200195],[-0.109722003340664,50.81291580200195],[-0.109722003340664,50.813194274902344],[-0.110834002494755,50.813194274902344],[-0.110834002494755,50.81347274780268],[-0.111943997442722,50.81347274780268],[-0.111943997442722,50.81375122070307],[-0.112499997019768,50.81375122070307],[-0.112499997019768,50.81402587890648],[-0.113609999418259,50.81402969360363],[-0.113609999418259,50.81430435180687],[-0.114165998995304,50.81430435180687],[-0.114165998995304,50.81458282470703],[-0.115277998149395,50.81458282470703],[-0.115277998149395,50.81486129760742],[-0.116944000124818,50.81486129760742],[-0.116944000124818,50.81513977050781],[-0.118610002100468,50.81513977050781],[-0.118610002100468,50.815418243408374],[-0.119722999632302,50.815418243408374],[-0.119722999632302,50.815692901611385],[-0.121389001607895,50.815692901611385],[-0.121389001607895,50.815971374511776],[-0.123055003583374,50.815971374511776],[-0.123055003583374,50.816249847412166],[-0.124723002314511,50.816249847412166],[-0.124723002314511,50.81652832031273],[-0.126388996839523,50.81652832031273],[-0.126388996839523,50.81680679321312],[-0.12805500626564,50.81680679321312],[-0.12805500626564,50.81708145141613],[-0.129167005419731,50.81708526611351],[-0.129167005419731,50.81735992431652],[-0.130832999944573,50.81735992431652],[-0.130832999944573,50.81763839721708],[-0.132498994469643,50.81763839721708],[-0.132498994469643,50.81791687011747],[-0.133055999875012,50.81791687011747],[-0.133055999875012,50.81819534301769],[-0.13416600227356,50.81819534301769],[-0.13416600227356,50.81847381591808],[-0.13527800142765,50.81847381591808],[-0.13527800142765,50.81791687011747],[-0.135833993554115,50.81791687011747],[-0.135833993554115,50.81652832031273],[-0.136388003826085,50.81652832031273],[-0.136388003826085,50.816425323486555],[-0.136388003826085,50.815418243408374],[-0.135833993554115,50.815418243408374],[-0.135833993554115,50.81458282470703],[-0.136388003826085,50.81458282470703],[-0.136390000581741,50.81402969360363],[-0.137500002980175,50.81402969360363],[-0.137500002980175,50.81430435180687],[-0.13805599510664,50.81430435180687],[-0.13805599510664,50.815692901611385],[-0.137500002980175,50.815692901611385],[-0.137500002980175,50.816589355469034],[-0.137500002980175,50.81791687011747],[-0.136943995952549,50.81791687011747],[-0.136943995952549,50.818748474121264],[-0.142499998211861,50.818748474121264],[-0.142499998211861,50.819026947021484],[-0.143610000610238,50.819026947021484],[-0.143610000610238,50.819305419921875],[-0.144721999764329,50.819305419921875],[-0.144721999764329,50.819583892822266],[-0.145832002162933,50.819583892822266],[-0.145832002162933,50.8198623657226],[-0.147501006722393,50.8198623657226],[-0.147501006722393,50.82013702392601],[-0.14861099421978,50.82013702392601],[-0.14861099421978,50.8204154968264],[-0.15027700364584,50.8204154968264],[-0.15027700364584,50.82069396972679],[-0.151389002799931,50.82069396972679],[-0.151389002799931,50.82097244262695],[-0.152499005198479,50.82097244262695],[-0.152499005198479,50.821250915527344],[-0.154166996479034,50.821250915527344],[-0.154166996479034,50.821529388427734],[-0.155276998877525,50.821529388427734],[-0.155276998877525,50.82180404663097],[-0.156388998031616,50.82180404663097],[-0.156388998031616,50.82208251953131],[-0.157499000429993,50.82208251953131],[-0.157499000429993,50.8223609924317],[-0.159721001982689,50.8223609924317],[-0.159721001982689,50.82263946533209],[-0.161944001913071,50.82263946533209],[-0.161944001913071,50.82291793823265],[-0.164166003465596,50.82291793823265],[-0.164166003465596,50.82319259643549],[-0.166943997144699,50.82319259643549],[-0.166943997144699,50.82347106933605],[-0.175833001732826,50.82347106933605],[-0.175833001732826,50.82374954223644],[-0.178055003285351,50.82374954223644],[-0.178055003285351,50.824028015137],[-0.180832996964455,50.824028015137],[-0.180832996964455,50.824306488037394],[-0.184720993041992,50.824306488037394],[-0.184720993041992,50.824584960937614],[-0.188056007027569,50.824584960937614],[-0.188056007027569,50.824859619140796],[-0.191944003105107,50.824859619140796],[-0.191944003105107,50.825138092041186],[-0.193611994385662,50.825138092041186],[-0.193611994385662,50.825416564941406],[-0.195278003811836,50.825416564941406],[-0.195278003811836,50.8256950378418],[-0.196943998336792,50.8256950378418],[-0.196943998336792,50.82597351074219],[-0.198056995868626,50.82597351074219],[-0.198056995868626,50.8256950378418],[-0.198609992861748,50.8256950378418],[-0.198609992861748,50.82555770874046],[-0.198609992861748,50.825416564941406],[-0.19916599988926,50.825416564941406],[-0.19916599988926,50.8256950378418],[-0.199535995721817,50.8256950378418],[-0.201388999819699,50.8256950378418],[-0.201432004570847,50.82597351074219],[-0.204723000526428,50.82597351074219],[-0.204723000526428,50.82624816894554],[-0.207498997449875,50.82624816894554],[-0.207498997449875,50.82641601562523],[-0.207498997449875,50.82652664184593],[-0.210832998156548,50.82652664184593],[-0.210832998156548,50.82680511474632],[-0.213612005114555,50.82680511474632],[-0.213612005114555,50.82708358764671],[-0.21583400666708,50.82708358764671],[-0.21583400666708,50.827362060546875],[-0.218612000346184,50.827362060546875],[-0.218612000346184,50.827640533447266],[-0.223609998822212,50.827640533447266],[-0.223609998822212,50.827915191650504],[-0.228055000305119,50.827915191650504],[-0.228055000305119,50.828193664550895],[-0.233611002564373,50.828193664550895],[-0.233611002564373,50.827915191650504],[-0.236945003271103,50.827915191650504],[-0.236945003271103,50.827640533447266],[-0.245278000831604,50.827640533447266],[-0.245278000831604,50.827362060546875],[-0.245833992958069,50.827362060546875],[-0.245833992958069,50.827640533447266],[-0.246388003230038,50.827640533447266],[-0.246388003230038,50.827915191650504],[-0.246943995356503,50.827915191650504],[-0.246943995356503,50.82847213745123],[-0.246388003230038,50.82847213745123],[-0.246388003230038,50.82930374145502],[-0.244721993803978,50.82930374145502],[-0.244721993803978,50.82902908325201],[-0.244166001677513,50.82902908325201],[-0.244166001677513,50.82930374145502],[-0.241390004754066,50.82930374145502],[-0.241390004754066,50.82958221435541],[-0.24083399772644,50.82958221435541],[-0.24083399772644,50.82986068725597],[-0.239721000194436,50.82986068725597],[-0.239721000194436,50.830139160156364],[-0.241944000124874,50.830139160156364],[-0.241944000124874,50.830417633056925],[-0.244721993803978,50.830417633056925],[-0.244721993803978,50.830139160156364],[-0.246943995356503,50.830139160156364],[-0.246943995356503,50.82986068725597],[-0.247500002384129,50.82986068725597],[-0.247500002384129,50.82902908325201],[-0.249165996909142,50.82902908325201],[-0.249165996909142,50.82958221435541],[-0.250833988189697,50.82958221435541],[-0.250833988189697,50.82930374145502],[-0.250277996063232,50.82930374145502],[-0.250277996063232,50.82847213745123],[-0.249165996909142,50.82847213745123],[-0.249165996909142,50.828193664550895],[-0.248610004782677,50.828193664550895],[-0.248610004782677,50.827640533447266],[-0.248055994510594,50.827640533447266],[-0.248055994510594,50.82597351074219],[-0.249165996909142,50.82597351074219],[-0.249165996909142,50.8256950378418],[-0.251067012548447,50.8256950378418],[-0.255279004573822,50.8256950378418],[-0.255279004573822,50.82597351074219],[-0.258055001497269,50.82597351074219],[-0.258055001497269,50.82605361938471],[-0.258055001497269,50.82624816894554],[-0.260832995176258,50.82624816894554],[-0.260832995176258,50.82652664184593],[-0.271387994289398,50.82652664184593],[-0.271389991044941,50.82624816894554],[-0.282501012086868,50.82624816894554],[-0.282501012086868,50.82597351074219],[-0.283055007457676,50.82597351074219],[-0.283055007457676,50.8256950378418],[-0.283610999584141,50.8256950378418],[-0.283610999584141,50.825416564941406],[-0.28472301363945,50.825416564941406],[-0.28472301363945,50.825138092041186],[-0.285277009010315,50.825138092041186],[-0.285277009010315,50.824859619140796],[-0.289166986942234,50.824859619140796],[-0.289166986942234,50.824584960937614],[-0.290832996368408,50.824584960937614],[-0.290832996368408,50.824306488037394],[-0.29305499792099,50.824306488037394],[-0.29305499792099,50.824028015137],[-0.294721990823746,50.824028015137],[-0.294721990823746,50.82374954223644],[-0.296389997005463,50.82374954223644],[-0.296389997005463,50.82347106933605],[-0.298611998557988,50.82347106933605],[-0.298611998557988,50.82319259643549],[-0.300278007984161,50.82319259643549],[-0.300278007984161,50.82291793823265],[-0.301943987607899,50.82291793823265],[-0.301943987607899,50.82263946533209],[-0.304165989160538,50.82263946533209],[-0.304165989160538,50.8223609924317],[-0.305831998586655,50.8223609924317],[-0.305831998586655,50.82208251953131],[-0.306944996118489,50.82208251953131],[-0.306944996118489,50.82180404663097],[-0.308611005544662,50.82180404663097],[-0.308611005544662,50.821529388427734],[-0.309722989797592,50.821529388427734],[-0.309722989797592,50.821250915527344],[-0.311388999223652,50.821250915527344],[-0.311388999223652,50.82097244262695],[-0.312501013278961,50.82097244262695],[-0.312501013278961,50.82069396972679],[-0.313611000776291,50.82069396972679],[-0.313611000776291,50.8204154968264],[-0.315277010202408,50.8204154968264],[-0.315277010202408,50.82013702392601],[-0.316388994455281,50.82013702392601],[-0.316388994455281,50.8198623657226],[-0.318055003881454,50.8198623657226],[-0.318055003881454,50.819583892822266],[-0.319168001413345,50.819583892822266],[-0.319168001413345,50.819305419921875],[-0.320834010839405,50.819305419921875],[-0.320834010839405,50.819026947021484],[-0.32139000296587,50.819026947021484],[-0.32139000296587,50.819305419921875],[-0.323612004518509,50.819305419921875],[-0.323612004518509,50.819026947021484],[-0.325834006071034,50.819026947021484],[-0.325834006071034,50.818748474121264],[-0.32694399356842,50.818748474121264],[-0.32694399356842,50.81847381591808],[-0.328056007623672,50.81847381591808],[-0.328056007623672,50.81819534301769],[-0.328611999750137,50.81819534301769],[-0.328611999750137,50.81791687011747],[-0.32972198724741,50.81791687011747],[-0.32972198724741,50.81763839721708],[-0.330832004547119,50.81763839721708],[-0.330832004547119,50.81735992431652],[-0.331943988800049,50.81735992431652],[-0.331943988800049,50.81708526611351],[-0.332500010728722,50.81708145141613],[-0.332500010728722,50.81680679321312],[-0.333609998226166,50.81680679321312],[-0.333609998226166,50.81652832031273],[-0.334722995758,50.81652832031273],[-0.334722995758,50.816249847412166],[-0.335278987884465,50.816249847412166],[-0.335278987884465,50.815971374511776],[-0.336389005184174,50.815971374511776],[-0.336389005184174,50.815692901611385],[-0.336944997310638,50.815692901611385],[-0.336944997310638,50.815418243408374],[-0.338055014610291,50.815418243408374],[-0.338055014610291,50.81513977050781],[-0.34027698636055,50.81513977050781],[-0.34027698636055,50.81458282470703],[-0.343055009841919,50.81458282470703],[-0.343055009841919,50.81430435180687],[-0.343611001968327,50.81430435180687],[-0.343611001968327,50.81375122070307],[-0.344720989465714,50.81375122070307],[-0.344720989465714,50.81347274780268],[-0.346390008926392,50.81347274780268],[-0.346390008926392,50.81328893326435],[-0.347401178626657,50.813194274902344],[-0.347499012947083,50.813194274902344],[-0.347499012947083,50.813185116363954],[-0.449823367461042,50.80360625359824],[-0.461862772074875,50.80180740356474],[-0.464165985584259,50.80180740356474],[-0.464165985584259,50.80208206176758],[-0.467501014470997,50.80208206176758],[-0.467501014470997,50.80236053466797],[-0.476388990879002,50.80236053466797],[-0.476388990879002,50.80208206176758],[-0.478610992431641,50.80208206176758],[-0.478610992431641,50.80263900756853],[-0.480832993984166,50.80263900756853],[-0.480832993984166,50.80236053466797],[-0.481389999389592,50.80236053466797],[-0.481389999389592,50.80263900756853],[-0.482499986886978,50.80263900756853],[-0.482499986886978,50.80236053466797],[-0.492500007152557,50.80236053466797],[-0.492500007152557,50.80208206176758],[-0.508054971694889,50.80208206176758],[-0.508054971694889,50.80180740356474],[-0.511943995952549,50.80180740356474],[-0.511943995952549,50.801528930664176],[-0.515833973884583,50.801528930664176],[-0.515833973884583,50.80180740356474],[-0.518055975437051,50.80180740356474],[-0.518055975437051,50.801528930664176],[-0.519721984863281,50.801528930664176],[-0.519721984863281,50.801250457763786],[-0.522500991821175,50.801250457763786],[-0.522500991821175,50.801528930664176],[-0.524722993373871,50.801528930664176],[-0.524722993373871,50.80180740356474],[-0.534168004989624,50.80180740356474],[-0.534168004989624,50.801528930664176],[-0.535834014415684,50.801528930664176],[-0.535834014415684,50.80180740356474],[-0.540278017520848,50.80180740356474],[-0.540278017520848,50.801528930664176],[-0.540834009647313,50.801528930664176],[-0.540834009647313,50.801250457763786],[-0.541387975215912,50.801250457763786],[-0.541387975215912,50.79986190795904],[-0.540834009647313,50.79986190795904],[-0.540834009647313,50.799026489257926],[-0.541944026946908,50.799026489257926],[-0.541944026946908,50.79875183105469],[-0.542500019073486,50.79875183105469],[-0.542500019073486,50.79986190795904],[-0.555276989936829,50.79986190795904],[-0.555276989936829,50.79958343505871],[-0.557498991489354,50.79958343505871],[-0.557498991489354,50.79930496215832],[-0.559723019599915,50.79930496215832],[-0.559723019599915,50.799026489257926],[-0.561389982700291,50.799026489257926],[-0.561389982700291,50.79875183105469],[-0.564164996147156,50.79875183105469],[-0.564164996147156,50.799026489257926],[-0.565277993679047,50.799026489257926],[-0.565277993679047,50.79875183105469],[-0.565833985805511,50.79875183105469],[-0.565833985805511,50.798473358154524],[-0.568055987358036,50.798473358154524],[-0.568055987358036,50.798194885254134],[-0.569166004657745,50.798194885254134],[-0.569166004657745,50.79791641235374],[-0.57083398103714,50.79791641235374],[-0.57083398103714,50.79763793945335],[-0.571943998336735,50.79763793945335],[-0.571943998336735,50.79735946655296],[-0.574165999889374,50.79735946655296],[-0.574165999889374,50.79708480834961],[-0.574721992015839,50.79708480834961],[-0.574721992015839,50.79680633544922],[-0.575278997421265,50.79680633544922],[-0.575278997421265,50.796527862549],[-0.575832009315491,50.796527862549],[-0.575832009315491,50.79597091674805],[-0.57638901472086,50.79597091674805],[-0.57638901472086,50.795696258545206],[-0.57750099897379,50.795696258545206],[-0.57750099897379,50.795417785644815],[-0.578055024147034,50.795417785644815],[-0.578055024147034,50.795146942138786],[-0.578611016273499,50.795139312744254],[-0.578611016273499,50.79506683349604],[-0.578611016273499,50.794860839843864],[-0.579167008399963,50.794860839843864],[-0.579167008399963,50.794986724853516],[-0.579167008399963,50.795139312744254],[-0.580833017826023,50.795139312744254],[-0.580833017826023,50.79474639892578],[-0.580833017826023,50.79430389404291],[-0.583904981613102,50.79430389404291],[-0.588055014610177,50.79430389404291],[-0.588055014610177,50.7940292358399],[-0.589168012142181,50.7940292358399],[-0.589168012142181,50.79354476928734],[-0.589168012142181,50.792640686035156],[-0.589721024036407,50.792640686035156],[-0.589721024036407,50.792362213134766],[-0.590278029441833,50.792362213134766],[-0.590278029441833,50.7920837402346],[-0.591943979263306,50.7920837402346],[-0.591943979263306,50.79180526733421],[-0.59750002622593,50.79180526733421],[-0.59750002622593,50.79152679443382],[-0.598056018352509,50.79152679443382],[-0.598056018352509,50.79097366333008],[-0.598609983920994,50.79097366333008],[-0.598609983920994,50.79069519042969],[-0.599165976047402,50.79069519042969],[-0.599165976047402,50.7904167175293],[-0.610823988914376,50.7904167175293],[-0.612493357517959,50.7904167175293],[-0.801049549113567,50.96064180078738],[-1.171634654164263,51.15359053649341],[-1.47861186804954,51.47683198075263],[-1.564344243098582,51.71562830344613],[-1.647311057662171,51.91395131652768],[-1.448190702709558,51.89347560924248]]]}},{"type":"Feature","properties":{"id":24},"geometry":{"type":"MultiPolygon","coordinates":[[[[0.1263,51.3834],[0.1872,51.4156],[0.1946,51.449],[-0.0046,51.6004],[-0.0359,51.6096],[-0.1299,51.6073],[-0.1502,51.621],[-0.2173,51.837],[0.2167,51.8744],[0.5504,51.9176],[1.0261,51.9302],[1.071,51.988],[1.2431,51.9596],[1.2203,51.9526],[1.1864,51.9554],[1.1769,51.9654],[1.1614,51.9671],[1.1292,51.9538],[1.0847,51.9585],[1.0564,51.951],[1.0625,51.9465],[1.1225,51.9401],[1.1686,51.9485],[1.1969,51.9407],[1.2553,51.9485],[1.2775,51.939],[1.2769,51.9451],[1.2919,51.9493],[1.2914,51.9371],[1.2708,51.9287],[1.2458,51.889],[1.2303,51.8921],[1.2303,51.8849],[1.2119,51.8801],[1.2247,51.8804],[1.2236,51.8737],[1.2319,51.8821],[1.2592,51.8838],[1.2664,51.8626],[1.2714,51.866],[1.2631,51.8849],[1.2681,51.8846],[1.2908,51.8732],[1.2903,51.8632],[1.2364,51.8185],[1.1586,51.7835],[1.0642,51.7696],[1.0397,51.7707],[1.0264,51.7929],[1.0369,51.7899],[1.0181,51.8013],[1.0436,51.8026],[1.0647,51.814],[1.0408,51.8054],[1.0097,51.8065],[0.9836,51.8274],[0.9914,51.8379],[0.9642,51.8518],[0.9775,51.846],[0.9747,51.8293],[0.9819,51.8176],[0.9653,51.8268],[0.9508,51.8232],[0.9914,51.8071],[0.9692,51.8132],[0.9253,51.8076],[0.9369,51.8054],[0.8964,51.7829],[0.9097,51.7996],[0.9019,51.7954],[0.8936,51.7743],[0.8814,51.7826],[0.8492,51.7846],[0.8775,51.7799],[0.8958,51.7663],[0.8497,51.7707],[0.8603,51.7649],[0.8564,51.7615],[0.8836,51.7579],[0.8525,51.7415],[0.7636,51.7407],[0.7369,51.7293],[0.7169,51.7365],[0.7081,51.724],[0.6942,51.7343],[0.6914,51.7271],[0.7125,51.7151],[0.7697,51.7088],[0.7381,51.6893],[0.7525,51.6885],[0.7664,51.7026],[0.7775,51.6918],[0.7719,51.7043],[0.7936,51.709],[0.7947,51.7185],[0.8592,51.7179],[0.8742,51.7221],[0.8958,51.744],[0.9303,51.7474],[0.9481,51.7346],[0.9503,51.7218],[0.9414,51.7026],[0.9497,51.6829],[0.9297,51.6299],[0.9397,51.6199],[0.9597,51.6188],[0.9186,51.5857],[0.8614,51.5568],[0.8431,51.5601],[0.8519,51.5535],[0.7886,51.5215],[0.6664,51.5387],[0.6425,51.5404],[0.6286,51.5315],[0.5703,51.5404],[0.6353,51.5215],[0.5753,51.5079],[0.5458,51.5171],[0.5469,51.5068],[0.5464,51.5185],[0.5286,51.5179],[0.5186,51.5299],[0.5081,51.5304],[0.5214,51.5157],[0.5397,51.5115],[0.4531,51.5049],[0.4408,51.4918],[0.4358,51.4626],[0.4114,51.4551],[0.4158,51.4468],[0.4581,51.454],[0.4536,51.4649],[0.4675,51.4649],[0.4581,51.4665],[0.4608,51.4743],[0.4814,51.4874],[0.7008,51.4726],[0.7231,51.4546],[0.7153,51.436],[0.6747,51.4324],[0.6753,51.439],[0.6564,51.4493],[0.6503,51.444],[0.6614,51.4368],[0.6458,51.4354],[0.6419,51.4421],[0.6242,51.4371],[0.6108,51.4232],[0.6186,51.429],[0.6247,51.424],[0.6058,51.4107],[0.5969,51.4162],[0.5297,51.4101],[0.5769,51.391],[0.6025,51.3907],[0.6131,51.3787],[0.6219,51.3821],[0.6181,51.3885],[0.6358,51.3882],[0.6253,51.376],[0.6492,51.3971],[0.6742,51.376],[0.6869,51.3918],[0.7036,51.3921],[0.6964,51.3824],[0.7192,51.3885],[0.6992,51.3993],[0.6964,51.4196],[0.7281,51.4232],[0.7325,51.4151],[0.7169,51.4124],[0.7269,51.3988],[0.7642,51.384],[0.7653,51.3626],[0.7597,51.3613],[0.8769,51.354],[0.8975,51.3443],[0.8953,51.3357],[0.9164,51.3454],[1.0008,51.3479],[1.0319,51.366],[1.2069,51.3807],[1.2775,51.3776],[1.393,51.3926],[1.4375,51.389],[1.4497,51.3735],[1.4436,51.3496],[1.4203,51.3296],[1.4242,51.3246],[1.3769,51.3288],[1.3625,51.3201],[1.3714,51.314],[1.4047,51.2324],[1.4058,51.1729],[1.3808,51.1424],[1.3436,51.1312],[1.3436,51.1237],[1.3186,51.124],[1.3179,51.1113],[1.2158,51.0968],[1.1864,51.0799],[1.1919,51.0762],[1.0736,51.0632],[1.0058,51.0315],[0.9781,51.0054],[0.9642,50.9685],[0.9831,50.9185],[0.9792,50.9121],[0.7797,50.9332],[0.7187,50.9068],[0.4859,50.9662],[0.3992,51.0126],[0.2775,51.1238],[0.1577,51.1516],[0.0028,51.2394],[-0.058,51.3109],[-0.0774,51.3573],[0.1263,51.3834]]],[[[1.3492,51.959],[1.3181,51.9318],[1.3197,51.9474],[1.2997,51.9593],[1.3492,51.959]]],[[[0.6147,51.3996],[0.6025,51.3935],[0.5953,51.4004],[0.6147,51.3996]]],[[[0.7486,51.4465],[0.8242,51.4257],[0.9019,51.4171],[0.9375,51.3915],[0.9503,51.3724],[0.8997,51.354],[0.7897,51.3732],[0.7658,51.3699],[0.7675,51.384],[0.7308,51.4007],[0.7214,51.4135],[0.7425,51.4124],[0.7353,51.4263],[0.7419,51.4471],[0.7486,51.4465]]],[[[0.6908,51.4118],[0.6936,51.3963],[0.6692,51.399],[0.6653,51.4068],[0.6908,51.4118]]],[[[0.5731,51.4057],[0.5825,51.4026],[0.5603,51.4024],[0.5731,51.4057]]],[[[0.6875,51.4218],[0.6881,51.4146],[0.6769,51.419],[0.6775,51.4124],[0.6597,51.4176],[0.6653,51.4238],[0.6875,51.4218]]],[[[0.6358,51.4226],[0.6386,51.4176],[0.6297,51.421],[0.6358,51.4226]]],[[[0.6625,51.4426],[0.6664,51.4393],[0.6547,51.4454],[0.6625,51.4426]]],[[[0.7797,51.726],[0.7886,51.7221],[0.7547,51.7238],[0.7797,51.726]]],[[[0.7247,51.7282],[0.7292,51.7179],[0.7081,51.7193],[0.7247,51.7282]]],[[[0.8886,51.7776],[0.8931,51.7724],[0.8831,51.779],[0.8886,51.7776]]],[[[0.9725,51.8071],[1.0069,51.799],[0.9475,51.7746],[0.8992,51.7754],[0.9031,51.7874],[0.9258,51.8018],[0.9725,51.8071]]]]}},{"type":"Feature","properties":{"id":23},"geometry":{"type":"Polygon","coordinates":[[[-0.211985165712088,51.579204249733806],[-0.129652834399059,51.608081505896244],[-0.037293928380978,51.60955618808537],[-0.013351071462825,51.603318988515255],[-0.005950909545844,51.60068177621046],[0.029463313793921,51.577116212528814],[0.07332849103714,51.53593202362503],[0.125413213513171,51.49864480384169],[0.195474079144646,51.449264023686524],[0.188579461986901,51.41679242838178],[0.125874140260747,51.383723367304334],[0.04475103268746,51.373078520346],[-0.051582657555818,51.361279987612384],[-0.076472701924894,51.35825792319796],[-0.075089921682167,51.35480389114398],[-0.102745526536697,51.35134959865466],[-0.15459978563894,51.34530396010452],[-0.19954014352755,51.37983972348871],[-0.250011622387066,51.444524103838205],[-0.283017796512775,51.49404102073969],[-0.290686044618461,51.50915687970706],[-0.302557271610672,51.53234804043127],[-0.279050007484322,51.55255801348164],[-0.268679155663874,51.556856849779855],[-0.211985165712088,51.579204249733806]]]}},{"type":"Feature","properties":{"id":22},"geometry":{"type":"MultiPolygon","coordinates":[[[[-2.6022,51.976],[-2.0531,51.9596],[-1.6508,51.9163],[-1.5608,51.7136],[-1.4791,51.4771],[-1.3208,51.3141],[-2.0973,51.2035],[-2.479,51.2139],[-2.9491,51.3419],[-2.9819,51.3437],[-2.9953,51.3574],[-2.9664,51.364],[-2.9619,51.3743],[-2.9619,51.3821],[-2.9808,51.3885],[-2.9003,51.404],[-2.8858,51.4285],[-2.8019,51.486],[-2.7236,51.5021],[-2.7097,51.4976],[-2.7158,51.5085],[-2.6803,51.5374],[-2.6658,51.5726],[-2.6308,51.6012],[-2.6458,51.6124],[-2.6581,51.609],[-2.6625,51.6171],[-2.6664,51.6085],[-2.6906,51.6001],[-2.656,51.6621],[-2.6505,51.6896],[-2.7249,51.9701],[-2.6022,51.976]]]]}},{"type":"Feature","properties":{"id":18},"geometry":{"type":"MultiPolygon","coordinates":[[[[-4.0322,52.8427],[-3.8107,52.846],[-3.4055,52.9665],[-3.2759,53.0185],[-3.076,53.0705],[-2.8762,53.0835],[-1.9092,53.0932],[-1.1959,52.9998],[-0.6883,53.0014],[-0.6235,52.8427],[-0.4669,52.6465],[-0.2616,52.5513],[0.0625,52.5677],[0.3488,52.6203],[0.5217,52.6923],[0.4817,52.9346],[0.4964,52.9562],[0.5286,52.9751],[0.5719,52.971],[0.6525,52.9801],[0.6736,52.9765],[0.6686,52.9682],[0.6997,52.9799],[0.6792,52.976],[0.6797,52.9851],[0.6592,52.9807],[0.6569,52.9874],[0.6897,52.9882],[0.7442,52.9813],[0.7508,52.9696],[0.7525,52.9776],[0.7725,52.9807],[0.8181,52.9749],[0.8125,52.9704],[0.8431,52.9754],[0.8381,52.9674],[0.8508,52.9574],[0.8708,52.9807],[0.8825,52.9768],[0.8797,52.971],[0.9086,52.9735],[0.9169,52.9679],[0.9131,52.964],[0.9253,52.9701],[0.9619,52.9613],[1.0264,52.9665],[0.9769,52.9721],[0.9947,52.9782],[1.1292,52.9507],[1.2469,52.9426],[1.3142,52.9299],[1.4397,52.8782],[1.561,52.8124],[1.6831,52.7218],[1.7375,52.5831],[1.7353,52.544],[1.7586,52.4971],[1.7325,52.4424],[1.7269,52.3943],[1.6925,52.3521],[1.6747,52.314],[1.6469,52.2976],[1.6331,52.2771],[1.6242,52.1888],[1.6103,52.1699],[1.5897,52.1079],[1.5261,52.0679],[1.4736,52.0499],[1.4353,52.0108],[1.3947,51.9865],[1.3903,51.9985],[1.3653,52.0085],[1.3631,52.0218],[1.3436,52.0318],[1.3519,52.0379],[1.3414,52.0524],[1.3436,52.064],[1.3153,52.079],[1.3308,52.0929],[1.3264,52.0954],[1.3131,52.0788],[1.3353,52.0596],[1.3347,52.049],[1.3481,52.0426],[1.3408,52.0301],[1.3586,52.0204],[1.3631,52.0049],[1.3914,51.9901],[1.3897,51.9821],[1.3552,51.9604],[1.2986,51.9596],[1.2825,51.9685],[1.2831,51.9926],[1.1886,52.0146],[1.1558,52.0379],[1.1675,52.0182],[1.1864,52.0071],[1.2681,51.9876],[1.2792,51.9596],[1.224,51.9594],[1.0727,51.9894],[1.0187,51.9228],[0.5541,51.9195],[0.2354,51.8761],[-0.1481,51.8394],[-0.5749,51.8227],[-0.8828,51.8628],[-1.2988,51.8795],[-2.0713,51.9594],[-2.6061,51.9761],[-4.5184,51.8828],[-4.5323,52.1349],[-4.4958,52.1443],[-4.4664,52.1738],[-4.4558,52.1679],[-4.4303,52.1776],[-4.3775,52.2157],[-4.3258,52.2132],[-4.2603,52.2479],[-4.2053,52.266],[-4.1864,52.2912],[-4.1697,52.2957],[-4.1403,52.3237],[-4.1092,52.3782],[-4.0869,52.3985],[-4.0897,52.4161],[-4.0646,52.4428],[-4.0628,52.4771],[-4.0525,52.4807],[-4.0586,52.529],[-4.0203,52.5251],[-3.9864,52.5371],[-3.9797,52.5496],[-3.9686,52.5451],[-3.9553,52.556],[-3.9264,52.5557],[-3.9614,52.5604],[-4.0592,52.5418],[-4.1303,52.6113],[-4.1181,52.6371],[-4.0322,52.7022],[-4.0392,52.7088],[-4.0314,52.7143],[-3.9986,52.7232],[-3.9886,52.7368],[-3.9608,52.7476],[-3.9269,52.7532],[-3.9708,52.7479],[-4.0504,52.7193],[-4.1402,52.8035],[-4.0322,52.8427]]]]}},{"type":"Feature","properties":{"id":17},"geometry":{"type":"MultiPolygon","coordinates":[[[[0.5055,52.8851],[0.5271,52.6956],[0.3704,52.6301],[-0.0077,52.5513],[-0.2886,52.5546],[-0.4777,52.6432],[-0.6235,52.846],[-0.6883,52.999],[-0.0671,53.1386],[0.1652,53.1775],[0.3531,53.171],[0.3358,53.0921],[0.2964,53.0851],[0.2453,53.0518],[0.1531,53.0076],[0.1581,53.0021],[0.1403,52.9985],[0.1158,52.9782],[0.1203,52.9726],[0.0886,52.9496],[0.0803,52.9318],[0.0369,52.9043],[0.0708,52.9235],[0.0747,52.9171],[0.0669,52.9057],[0.0797,52.9076],[0.0775,52.9029],[0.0953,52.896],[0.1225,52.9004],[0.1358,52.8882],[0.1436,52.8907],[0.1453,52.8812],[0.1742,52.8782],[0.1869,52.8657],[0.1819,52.8613],[0.2064,52.8468],[0.2247,52.8232],[0.3314,52.8193],[0.3242,52.8162],[0.3492,52.8049],[0.4058,52.8387],[0.4408,52.8457],[0.4481,52.8579],[0.4458,52.8751],[0.4703,52.9046],[0.4797,52.9326],[0.5055,52.8851]]]]}},{"type":"Feature","properties":{"id":16},"geometry":{"type":"MultiPolygon","coordinates":[[[[-3.9522,53.1411],[-3.9764,53.2601],[-3.8375,53.2965],[-3.8442,53.3196],[-3.8728,53.3311],[-3.8319,53.3353],[-3.8297,53.326],[-3.8147,53.3224],[-3.7764,53.3288],[-3.7397,53.3146],[-3.7331,53.3001],[-3.7097,53.2938],[-3.6097,53.2901],[-3.5103,53.3171],[-3.5019,53.3046],[-3.4758,53.2932],[-3.5075,53.3149],[-3.4725,53.3301],[-3.3203,53.3565],[-3.3097,53.354],[-3.3136,53.3465],[-3.3036,53.3349],[-3.2831,53.3237],[-3.2608,53.326],[-3.2669,53.3204],[-3.2581,53.3143],[-3.2036,53.2951],[-3.1225,53.2487],[-3.0392,53.2185],[-3.0864,53.241],[-3.0669,53.244],[-3.1008,53.251],[-3.0875,53.2568],[-3.1031,53.271],[-3.0869,53.2721],[-3.1008,53.2743],[-3.0742,53.2796],[-3.1103,53.2876],[-3.1125,53.294],[-3.1025,53.2954],[-3.1225,53.3049],[-3.1331,53.3271],[-3.1264,53.3268],[-3.1703,53.3526],[-3.2003,53.3868],[-3.1569,53.4074],[-3.0386,53.4412],[-3.0142,53.4046],[-3.0508,53.4068],[-3.0103,53.399],[-2.9969,53.3688],[-2.9747,53.3563],[-2.9575,53.3315],[-2.9264,53.3071],[-2.8764,53.289],[-2.8119,53.3049],[-2.7758,53.3026],[-2.7519,53.3132],[-2.7325,53.3068],[-2.7631,53.3276],[-2.7947,53.3221],[-2.8186,53.3324],[-2.8375,53.3265],[-2.8781,53.3318],[-2.9814,53.3815],[-3.0019,53.4101],[-3.0142,53.4449],[-3.0081,53.4485],[-3.0197,53.451],[-3.0125,53.4554],[-3.0281,53.4549],[-3.0425,53.466],[-3.0381,53.4704],[-3.0614,53.5013],[-3.0647,53.5243],[-3.1019,53.5454],[-3.0986,53.5696],[-3.0796,53.584],[-2.9942,53.5303],[-2.7788,53.3581],[-2.7448,53.3581],[-2.6938,53.3615],[-2.45,53.4561],[-2.2176,53.5135],[-1.6621,53.5674],[-1.3504,53.6111],[-1.1576,53.6044],[-0.6531,53.6414],[-0.4151,53.5943],[-0.2337,53.5842],[-0.0253,53.5618],[0.0342,53.5101],[0.0603,53.5124],[0.0831,53.4932],[0.1164,53.4899],[0.1575,53.4738],[0.1764,53.4412],[0.2025,53.4179],[0.2142,53.4165],[0.2186,53.3949],[0.2547,53.359],[0.3014,53.294],[0.3542,53.1788],[0.1646,53.1758],[-0.0636,53.1343],[-0.6857,53.0014],[-1.2168,53.0014],[-1.9154,53.0942],[-2.8808,53.0798],[-3.0849,53.0662],[-3.2606,53.0219],[-3.493,52.94],[-3.8105,52.8443],[-4.0089,52.834],[-4.1419,52.7985],[-4.1542,52.8157],[-4.1142,52.8307],[-4.1281,52.8307],[-4.1186,52.8501],[-4.1464,52.8924],[-4.0792,52.9004],[-4.0558,52.9235],[-4.0219,52.9393],[-4.1019,52.909],[-4.1125,52.9118],[-4.1047,52.9274],[-4.1247,52.929],[-4.1342,52.9132],[-4.1558,52.9093],[-4.1514,52.9063],[-4.2281,52.919],[-4.3169,52.9082],[-4.3264,52.8915],[-4.3825,52.8963],[-4.3981,52.8929],[-4.4025,52.884],[-4.4086,52.8907],[-4.4181,52.886],[-4.3953,52.8829],[-4.4419,52.8763],[-4.4769,52.8574],[-4.4697,52.8471],[-4.5031,52.8285],[-4.4969,52.8254],[-4.5019,52.8138],[-4.4842,52.8079],[-4.4864,52.7943],[-4.5147,52.7926],[-4.5286,52.7771],[-4.5442,52.7857],[-4.5397,52.8026],[-4.6025,52.8246],[-4.6447,52.799],[-4.6625,52.8054],[-4.6892,52.7935],[-4.7181,52.8032],[-4.7281,52.7872],[-4.7681,52.7935],[-4.7408,52.8279],[-4.7231,52.8351],[-4.7242,52.8425],[-4.6494,52.8956],[-4.5158,52.9418],[-4.4619,52.9798],[-4.4269,52.9996],[-4.4108,52.9974],[-4.3564,53.0318],[-4.3403,53.0524],[-4.3376,53.0901],[-4.2979,53.056],[-4.0939,53.0424],[-3.9522,53.1411]]]]}},{"type":"Feature","properties":{"id":15},"geometry":{"type":"MultiPolygon","coordinates":[[[[-0.2691,53.5909],[-0.3655,53.5876],[-0.5412,53.6078],[-0.6942,53.6414],[-1.1364,53.5993],[-1.3603,53.6145],[-1.6125,53.5691],[-1.9696,53.5404],[-2.1113,53.5152],[-2.2049,53.5101],[-2.3523,53.4882],[-2.4798,53.4494],[-2.6243,53.3598],[-2.7689,53.3531],[-2.9021,53.4561],[-2.9956,53.5135],[-3.058,53.5876],[-3.0797,53.5904],[-3.0164,53.6524],[-3.0231,53.6558],[-2.9931,53.6651],[-2.9936,53.6774],[-2.9525,53.7004],[-2.9453,53.709],[-2.9525,53.7127],[-2.9248,53.7354],[-3.0438,53.7756],[-3.0495,53.8392],[-2.9786,53.8325],[-2.749,53.8826],[-2.4458,53.8291],[-2.3069,53.9144],[-2.236,53.9944],[-2.2757,54.1225],[-2.3806,54.222],[-2.3834,54.2999],[-1.8506,54.4517],[-1.7259,54.4649],[-1.1732,54.4781],[-0.8955,54.539],[-0.8369,54.5683],[-0.7731,54.5571],[-0.7658,54.5457],[-0.7497,54.541],[-0.7442,54.5279],[-0.7081,54.5324],[-0.6703,54.5124],[-0.6736,54.5057],[-0.6614,54.499],[-0.5675,54.479],[-0.5219,54.4407],[-0.5314,54.4315],[-0.5236,54.4165],[-0.4719,54.3973],[-0.4308,54.341],[-0.4197,54.3379],[-0.4169,54.3104],[-0.4062,54.304],[-0.4051,54.275],[-0.3658,54.2549],[-0.3636,54.2446],[-0.3375,54.2432],[-0.2564,54.2154],[-0.2781,54.2165],[-0.2847,54.2007],[-0.2758,54.1849],[-0.2453,54.1662],[-0.1697,54.1515],[-0.0751,54.1151],[-0.1642,54.0992],[-0.1981,54.0774],[-0.2153,54.0449],[-0.2125,54.0049],[-0.1342,53.8763],[0.0936,53.6843],[0.1308,53.6457],[0.1465,53.609],[0.0903,53.6371],[0.0414,53.6468],[-0.0542,53.629],[-0.1081,53.636],[-0.2275,53.7079],[-0.2447,53.7354],[-0.2814,53.7415],[-0.3225,53.7399],[-0.4464,53.7135],[-0.4792,53.7171],[-0.5414,53.7085],[-0.5936,53.7279],[-0.6258,53.7299],[-0.6742,53.7207],[-0.7003,53.6943],[-0.6964,53.6815],[-0.6853,53.6779],[-0.6947,53.6921],[-0.6897,53.6982],[-0.6119,53.7143],[-0.5581,53.6824],[-0.5264,53.6782],[-0.5042,53.6804],[-0.4714,53.6985],[-0.4103,53.6979],[-0.3669,53.7093],[-0.2875,53.7126],[-0.2169,53.6471],[-0.2086,53.6493],[-0.2142,53.6454],[-0.1931,53.6362],[-0.2019,53.6368],[-0.1742,53.6246],[-0.1658,53.629],[-0.1719,53.6324],[-0.1575,53.629],[-0.1725,53.6237],[-0.0947,53.5815],[-0.0575,53.5776],[-0.0664,53.5824],[-0.0603,53.5826],[-0.0236,53.5578],[-0.2691,53.5909]]],[[[-0.6603,53.714],[-0.6803,53.7082],[-0.6719,53.7188],[-0.6597,53.7207],[-0.6603,53.714]]]]}},{"type":"Feature","properties":{"id":14},"geometry":{"type":"MultiPolygon","coordinates":[[[[-2.7136,54.8118],[-2.6683,54.726],[-2.5705,54.6482],[-2.2729,54.4385],[-2.3112,54.3255],[-2.3792,54.299],[-2.3792,54.2229],[-2.2715,54.1167],[-2.2375,53.9902],[-2.3055,53.9169],[-2.4472,53.83],[-2.7306,53.8835],[-2.9914,53.8333],[-3.0481,53.8367],[-3.0514,53.9191],[-3.0042,53.9266],[-3.0103,53.9199],[-3.0058,53.8974],[-2.9697,53.876],[-2.9786,53.871],[-2.9769,53.8621],[-2.9392,53.8507],[-2.9725,53.8643],[-2.9642,53.874],[-2.9919,53.8957],[-2.9981,53.9271],[-2.9177,53.9302],[-2.8531,53.9657],[-2.8742,53.9715],[-2.9073,54.0218],[-2.8724,54.074],[-2.8181,54.089],[-2.8125,54.1065],[-2.7947,54.1218],[-2.7914,54.1307],[-2.8147,54.1335],[-2.8181,54.1532],[-2.8631,54.1932],[-2.8225,54.2035],[-2.7881,54.2274],[-2.7992,54.2449],[-2.8142,54.2468],[-2.8003,54.2435],[-2.8047,54.2254],[-2.8336,54.2182],[-2.8431,54.2054],[-2.878,54.2063],[-2.9086,54.1912],[-2.929,54.1565],[-2.9785,54.1493],[-3.0014,54.1579],[-2.9958,54.1754],[-3.0242,54.1901],[-3.023,54.201],[-3.0142,54.2029],[-3.0218,54.211],[-3.0197,54.2295],[-3.0286,54.2243],[-3.0481,54.2293],[-3.0303,54.2435],[-3.0353,54.2446],[-3.0525,54.2318],[-3.0536,54.2193],[-3.0403,54.2175],[-3.0699,54.1585],[-3.1053,54.1188],[-3.1731,54.08],[-3.2019,54.1087],[-3.2192,54.0947],[-3.2303,54.0968],[-3.2458,54.1174],[-3.2369,54.1551],[-3.2547,54.161],[-3.2434,54.1721],[-3.2175,54.1763],[-3.2153,54.184],[-3.2242,54.1876],[-3.2142,54.1874],[-3.1853,54.236],[-3.2275,54.2596],[-3.2275,54.269],[-3.2336,54.2604],[-3.2253,54.2549],[-3.2975,54.203],[-3.3369,54.203],[-3.4208,54.2849],[-3.4158,54.3049],[-3.4231,54.3404],[-3.4108,54.3499],[-3.4086,54.3365],[-3.3858,54.3418],[-3.4069,54.3393],[-3.4108,54.3568],[-3.4008,54.3643],[-3.4308,54.3557],[-3.4419,54.3665],[-3.4414,54.359],[-3.4208,54.3512],[-3.4273,54.3451],[-3.6033,54.4885],[-3.3938,54.5464],[-2.749,54.8567],[-2.7136,54.8118]]],[[[-3.2464,54.0968],[-3.2619,54.099],[-3.2731,54.116],[-3.2769,54.1437],[-3.2697,54.1493],[-3.2519,54.1521],[-3.2658,54.1432],[-3.2492,54.1226],[-3.2464,54.0968]]]]}},{"type":"Feature","properties":{"id":27},"geometry":{"type":"MultiPolygon","coordinates":[[[[-3.8708,51.0337],[-3.7713,50.8211],[-3.6109,50.6039],[-3.5113,50.546],[-3.5831,50.5379],[-3.5064,50.5421],[-3.4956,50.5368],[-3.5114,50.5112],[-3.5147,50.4824],[-3.4969,50.476],[-3.5014,50.4724],[-3.4908,50.4701],[-3.489,50.4588],[-3.5169,50.4538],[-3.5364,50.4624],[-3.5603,50.4371],[-3.5525,50.4313],[-3.5597,50.4265],[-3.5542,50.4057],[-3.4819,50.3999],[-3.5031,50.3882],[-3.4958,50.3807],[-3.5147,50.3735],[-3.5181,50.346],[-3.5442,50.3349],[-3.5725,50.3468],[-3.5781,50.3754],[-3.5925,50.3824],[-3.5775,50.3918],[-3.6108,50.3921],[-3.6336,50.4001],[-3.6342,50.4068],[-3.6475,50.4057],[-3.6447,50.4118],[-3.6575,50.411],[-3.6336,50.4038],[-3.6597,50.394],[-3.6319,50.3979],[-3.6086,50.3857],[-3.5942,50.3904],[-3.5969,50.3835],[-3.5797,50.3713],[-3.5958,50.3585],[-3.5775,50.3599],[-3.5769,50.3471],[-3.5636,50.3357],[-3.5714,50.3257],[-3.6119,50.3179],[-3.6408,50.2935],[-3.6586,50.2415],[-3.647,50.2249],[-3.6542,50.2176],[-3.6825,50.2212],[-3.7231,50.2012],[-3.7381,50.2143],[-3.7714,50.2215],[-3.7631,50.2365],[-3.7325,50.2382],[-3.7553,50.2393],[-3.7581,50.2507],[-3.7303,50.2657],[-3.7564,50.254],[-3.7614,50.2729],[-3.7736,50.2762],[-3.7669,50.2615],[-3.7858,50.2551],[-3.7642,50.254],[-3.7586,50.2393],[-3.7686,50.2432],[-3.7658,50.2354],[-3.7814,50.2296],[-3.7836,50.2096],[-3.8231,50.2168],[-3.8692,50.2388],[-3.8597,50.2426],[-3.8575,50.2607],[-3.8836,50.2768],[-3.8536,50.291],[-3.8608,50.2974],[-3.8481,50.306],[-3.8614,50.2993],[-3.8692,50.2807],[-3.8958,50.2815],[-3.9108,50.2935],[-3.9453,50.2962],[-3.9481,50.3065],[-3.9353,50.3296],[-3.9414,50.3143],[-3.9614,50.3029],[-3.9931,50.3068],[-4.0347,50.2924],[-4.0758,50.3043],[-4.0408,50.3121],[-4.0531,50.3185],[-4.0203,50.341],[-4.0342,50.3413],[-4.0447,50.3301],[-4.0519,50.3385],[-4.0469,50.3274],[-4.0547,50.3112],[-4.1114,50.3154],[-4.1219,50.3249],[-4.1208,50.336],[-4.1281,50.3365],[-4.1219,50.3504],[-4.1325,50.3604],[-4.1103,50.3613],[-4.0997,50.3796],[-4.0847,50.3868],[-4.1019,50.3824],[-4.1158,50.3613],[-4.1325,50.3662],[-4.1664,50.3587],[-4.1664,50.3668],[-4.1864,50.3668],[-4.1847,50.3796],[-4.2047,50.3999],[-4.1931,50.4246],[-4.1792,50.4229],[-4.1903,50.4293],[-4.1736,50.4357],[-4.1547,50.4596],[-4.1869,50.434],[-4.2175,50.4688],[-4.2358,50.4579],[-4.2364,50.4663],[-4.2203,50.4749],[-4.2397,50.4607],[-4.2286,50.4557],[-4.2164,50.4643],[-4.1986,50.4371],[-4.2042,50.429],[-4.2269,50.4293],[-4.2097,50.4263],[-4.2058,50.4071],[-4.2119,50.3988],[-4.2542,50.3829],[-4.2681,50.3868],[-4.2725,50.3763],[-4.2881,50.386],[-4.2886,50.3943],[-4.2981,50.3896],[-4.3053,50.3988],[-4.3025,50.3885],[-4.2764,50.3743],[-4.2447,50.3776],[-4.2319,50.3904],[-4.2019,50.3887],[-4.2086,50.3857],[-4.1975,50.3824],[-4.2036,50.3796],[-4.1947,50.3715],[-4.2342,50.364],[-4.2175,50.3629],[-4.2142,50.3551],[-4.1964,50.3596],[-4.2042,50.3471],[-4.1808,50.3607],[-4.1708,50.3585],[-4.1664,50.3454],[-4.1997,50.3335],[-4.1886,50.3174],[-4.2264,50.3145],[-4.2197,50.3246],[-4.2269,50.3318],[-4.2919,50.3585],[-4.3869,50.3643],[-4.4364,50.3607],[-4.4742,50.3321],[-4.4986,50.336],[-4.5381,50.3232],[-4.5858,50.3318],[-4.5981,50.3232],[-4.6319,50.3237],[-4.6403,50.3282],[-4.6164,50.3351],[-4.6303,50.3343],[-4.6286,50.3468],[-4.6364,50.3471],[-4.6369,50.3565],[-4.6231,50.359],[-4.6364,50.3599],[-4.6342,50.3782],[-4.6386,50.3729],[-4.6608,50.3885],[-4.6386,50.371],[-4.6336,50.3349],[-4.6675,50.3226],[-4.6714,50.3138],[-4.6842,50.3196],[-4.6819,50.3379],[-4.6903,50.3462],[-4.7603,50.3282],[-4.7647,50.3126],[-4.7525,50.2976],[-4.7642,50.2999],[-4.7842,50.286],[-4.7775,50.2788],[-4.7853,50.2618],[-4.7693,50.2571],[-4.8146,50.2299],[-4.8653,50.2346],[-4.9203,50.1949],[-4.9331,50.2068],[-4.9558,50.2026],[-4.9736,50.1843],[-4.9725,50.164],[-4.9842,50.1576],[-4.9814,50.1515],[-5.0086,50.1387],[-5.0181,50.1496],[-4.9936,50.1613],[-5.0031,50.1685],[-4.9925,50.1763],[-5.0047,50.1704],[-5.0042,50.1565],[-5.0253,50.1543],[-5.0175,50.1838],[-5.0258,50.1818],[-5.0336,50.2018],[-5.0486,50.2026],[-5.0603,50.1935],[-5.0664,50.2082],[-5.0925,50.2093],[-5.0764,50.2062],[-5.0542,50.1879],[-5.0547,50.1793],[-5.0719,50.181],[-5.0447,50.1718],[-5.0542,50.161],[-5.0931,50.1665],[-5.0636,50.1526],[-5.0492,50.1557],[-5.0414,50.1432],[-5.0792,50.1443],[-5.0725,50.134],[-5.0936,50.1254],[-5.0808,50.1093],[-5.0981,50.0993],[-5.1403,50.1001],[-5.1369,50.1093],[-5.1447,50.0974],[-5.1631,50.0962],[-5.1647,50.1018],[-5.1581,50.0935],[-5.1936,50.089],[-5.1903,50.084],[-5.1408,50.0968],[-5.1047,50.0949],[-5.0925,50.0882],[-5.1097,50.0843],[-5.0747,50.086],[-5.0792,50.0682],[-5.0658,50.0662],[-5.0605,50.0549],[-5.0788,50.0321],[-5.0953,50.0274],[-5.0936,50.0168],[-5.1131,50.0026],[-5.1219,50.0088],[-5.1625,50.006],[-5.1846,49.9796],[-5.1849,49.9626],[-5.1976,49.9585],[-5.2179,49.9557],[-5.2196,49.9707],[-5.2485,49.9757],[-5.246,49.9843],[-5.2675,49.9999],[-5.2564,50.0232],[-5.2669,50.0379],[-5.2819,50.0429],[-5.2758,50.0493],[-5.2925,50.0665],[-5.2825,50.0715],[-5.2903,50.0729],[-5.2842,50.0849],[-5.2986,50.071],[-5.3336,50.0904],[-5.3631,50.0885],[-5.3892,50.1032],[-5.4286,50.0968],[-5.4286,50.1046],[-5.4636,50.1232],[-5.5281,50.1249],[-5.5292,50.1157],[-5.5469,50.1074],[-5.5314,50.089],[-5.5414,50.0715],[-5.5753,50.0519],[-5.6242,50.049],[-5.674,50.0353],[-5.7164,50.064],[-5.7092,50.0776],[-5.6892,50.0885],[-5.7108,50.1276],[-5.6742,50.166],[-5.6314,50.1671],[-5.6036,50.1875],[-5.4697,50.2063],[-5.4669,50.199],[-5.4369,50.1937],[-5.4303,50.1882],[-5.4342,50.1771],[-5.4258,50.1851],[-5.4342,50.1924],[-5.4303,50.1982],[-5.4019,50.2157],[-5.3753,50.2197],[-5.3508,50.2396],[-5.3286,50.2426],[-5.3025,50.2629],[-5.2469,50.2843],[-5.2347,50.3004],[-5.2347,50.3193],[-5.2003,50.3207],[-5.1819,50.3407],[-5.1547,50.3485],[-5.1475,50.3751],[-5.1586,50.3885],[-5.1436,50.3943],[-5.1475,50.4054],[-5.1197,50.4057],[-5.1153,50.4082],[-5.1258,50.4126],[-5.1019,50.4135],[-5.0997,50.426],[-5.0864,50.4162],[-5.0736,50.419],[-5.0419,50.444],[-5.0431,50.4637],[-5.0319,50.4676],[-5.0403,50.4735],[-5.0364,50.4935],[-5.0464,50.4976],[-5.0269,50.5096],[-5.0247,50.5385],[-5.0403,50.5446],[-5.0369,50.5496],[-4.9842,50.5426],[-4.9725,50.5579],[-4.9442,50.569],[-4.9486,50.556],[-4.9347,50.5496],[-4.9308,50.5301],[-4.9381,50.5249],[-4.9219,50.5315],[-4.8492,50.5271],[-4.8603,50.5357],[-4.8969,50.5299],[-4.9153,50.5371],[-4.9136,50.5421],[-4.9275,50.546],[-4.9314,50.564],[-4.9153,50.5751],[-4.9353,50.5879],[-4.9181,50.5946],[-4.9081,50.5849],[-4.8847,50.5826],[-4.8697,50.5954],[-4.7953,50.5988],[-4.7614,50.6446],[-4.7642,50.6704],[-4.7425,50.6768],[-4.7342,50.6721],[-4.7247,50.6857],[-4.6819,50.696],[-4.6819,50.7046],[-4.6553,50.716],[-4.6542,50.7399],[-4.6408,50.7385],[-4.6131,50.7615],[-4.5619,50.7818],[-4.5581,50.829],[-4.5519,50.8307],[-4.5603,50.8793],[-4.5681,50.8851],[-4.5614,50.8915],[-4.5697,50.9043],[-4.5464,50.9287],[-4.5497,50.941],[-4.5331,50.966],[-4.5297,50.986],[-4.5353,51.0088],[-4.5269,51.0115],[-4.5264,51.022],[-4.4108,51.0076],[-4.3764,50.9907],[-4.3431,50.989],[-4.2997,50.9999],[-4.2592,51.0387],[-4.2364,51.0435],[-4.2219,51.0651],[-4.2081,51.0615],[-4.2086,51.0532],[-4.1897,51.0546],[-4.1897,51.0449],[-4.2025,51.034],[-4.2014,51.0182],[-4.1992,51.0321],[-4.1803,51.0488],[-4.1808,51.0651],[-4.1542,51.0801],[-4.1258,51.0779],[-4.1142,51.0901],[-4.0792,51.0768],[-4.0647,51.0796],[-4.1192,51.0946],[-4.1347,51.0849],[-4.1853,51.076],[-4.1886,51.0654],[-4.2114,51.074],[-4.2219,51.086],[-4.2214,51.1168],[-4.2447,51.1221],[-4.2375,51.1324],[-4.2631,51.1424],[-4.2158,51.1501],[-4.2092,51.1724],[-4.2303,51.1885],[-4.2108,51.1907],[-4.2019,51.2007],[-4.1747,51.1985],[-4.0881,51.2171],[-4.0419,51.2076],[-4.0025,51.2199],[-3.904,51.2247],[-3.8708,51.0337]]]]}},{"type":"Feature","properties":{"id":21},"geometry":{"type":"MultiPolygon","coordinates":[[[[-4.513,51.8861],[-2.7254,51.9705],[-2.6439,51.6756],[-2.6862,51.6029],[-2.7131,51.581],[-2.7531,51.5782],[-2.9031,51.5321],[-2.9897,51.5443],[-3.0081,51.5282],[-3.1203,51.4901],[-3.1381,51.4721],[-3.1342,51.4674],[-3.1558,51.4512],[-3.1631,51.4532],[-3.1631,51.4629],[-3.1792,51.4624],[-3.1786,51.4496],[-3.1642,51.4401],[-3.1692,51.4057],[-3.1881,51.3996],[-3.2247,51.4029],[-3.2597,51.394],[-3.2642,51.3868],[-3.3103,51.3924],[-3.3403,51.3807],[-3.4042,51.3807],[-3.4125,51.3871],[-3.5597,51.401],[-3.5969,51.4407],[-3.6408,51.4615],[-3.6492,51.4774],[-3.7186,51.4779],[-3.7347,51.4979],[-3.7503,51.5035],[-3.7625,51.5393],[-3.7886,51.5699],[-3.8186,51.574],[-3.7975,51.5693],[-3.8047,51.5801],[-3.8181,51.579],[-3.8069,51.5863],[-3.8464,51.6115],[-3.8319,51.6285],[-3.8508,51.6185],[-3.9819,51.6057],[-3.9981,51.5924],[-3.9992,51.5776],[-3.9697,51.5671],[-3.9814,51.564],[-4.0247,51.5635],[-4.0347,51.5701],[-4.0664,51.5574],[-4.1031,51.5651],[-4.1136,51.5743],[-4.1569,51.5612],[-4.1603,51.5549],[-4.1453,51.5451],[-4.1497,51.5415],[-4.1981,51.5479],[-4.2064,51.5454],[-4.2053,51.5354],[-4.2808,51.5607],[-4.3069,51.5612],[-4.2897,51.571],[-4.2892,51.5835],[-4.3053,51.6085],[-4.3164,51.6096],[-4.2775,51.6149],[-4.2531,51.6315],[-4.2464,51.6471],[-4.2331,51.6421],[-4.2364,51.6315],[-4.2264,51.6282],[-4.2208,51.634],[-4.1819,51.6263],[-4.0764,51.6568],[-4.0819,51.6613],[-4.0681,51.671],[-4.0769,51.6838],[-4.0503,51.7018],[-4.0819,51.6879],[-4.0775,51.6657],[-4.1081,51.6582],[-4.1503,51.6546],[-4.1814,51.6799],[-4.2075,51.6849],[-4.2742,51.6785],[-4.2647,51.6729],[-4.2781,51.6679],[-4.3114,51.6732],[-4.3614,51.7049],[-4.3786,51.729],[-4.3369,51.7313],[-4.3169,51.724],[-4.3297,51.7296],[-4.3236,51.734],[-4.3636,51.7374],[-4.3781,51.7468],[-4.3631,51.7754],[-4.3681,51.7865],[-4.3236,51.801],[-4.3197,51.8162],[-4.3258,51.8013],[-4.3703,51.7896],[-4.3753,51.7768],[-4.4036,51.7565],[-4.4486,51.7685],[-4.4381,51.7796],[-4.4653,51.789],[-4.4475,51.7804],[-4.4592,51.7665],[-4.4253,51.7479],[-4.4392,51.7374],[-4.4786,51.7337],[-4.5564,51.7421],[-4.5821,51.7343],[-4.513,51.8861]]],[[[-4.3192,51.5646],[-4.3136,51.561],[-4.3342,51.5654],[-4.3192,51.5646]]]]}},{"type":"Feature","properties":{"id":20},"geometry":{"type":"MultiPolygon","coordinates":[[[[-4.5176,51.8897],[-4.5892,51.7363],[-4.6581,51.7321],[-4.6942,51.716],[-4.6953,51.7054],[-4.6769,51.6965],[-4.6964,51.6846],[-4.7008,51.6738],[-4.6936,51.6718],[-4.7153,51.6571],[-4.7108,51.6515],[-4.7575,51.6529],[-4.7558,51.6437],[-4.7764,51.6421],[-4.7819,51.6343],[-4.8264,51.6465],[-4.8631,51.6465],[-4.8675,51.6418],[-4.8614,51.6379],[-4.9047,51.6188],[-4.8953,51.6099],[-4.9219,51.6096],[-4.9247,51.5954],[-5.0592,51.6201],[-5.0631,51.629],[-5.0508,51.6424],[-5.0636,51.6613],[-5.1231,51.6707],[-5.1181,51.6751],[-5.1253,51.6821],[-5.1036,51.6924],[-5.0786,51.6899],[-5.0747,51.6785],[-5.0486,51.6771],[-5.0447,51.684],[-5.0575,51.6876],[-5.0525,51.6971],[-5.0275,51.6987],[-5.0192,51.6915],[-4.9814,51.6896],[-4.9747,51.6743],[-4.9386,51.6768],[-4.9325,51.6804],[-4.9769,51.6882],[-4.9336,51.7046],[-4.9053,51.6943],[-4.9186,51.699],[-4.8847,51.7171],[-4.8675,51.7168],[-4.8458,51.7012],[-4.8631,51.7196],[-4.8336,51.7232],[-4.8836,51.7188],[-4.8842,51.7318],[-4.8731,51.7329],[-4.8969,51.7412],[-4.8875,51.7679],[-4.8619,51.7846],[-4.8336,51.7904],[-4.8575,51.7885],[-4.8958,51.7676],[-4.9086,51.7774],[-4.9403,51.7665],[-4.9436,51.7754],[-4.9347,51.7829],[-4.9447,51.7785],[-4.9408,51.7651],[-4.9147,51.7718],[-4.8992,51.7629],[-4.8986,51.7471],[-4.9047,51.7443],[-4.8864,51.7307],[-4.8947,51.7104],[-4.9897,51.6985],[-5.0219,51.7074],[-5.0197,51.7137],[-5.0231,51.7082],[-5.0603,51.7101],[-5.0597,51.7007],[-5.0542,51.7015],[-5.0597,51.6987],[-5.0636,51.7071],[-5.0769,51.7062],[-5.0792,51.699],[-5.0669,51.699],[-5.0764,51.6976],[-5.1047,51.7238],[-5.1147,51.7101],[-5.1247,51.7168],[-5.1542,51.7121],[-5.1692,51.7176],[-5.1675,51.7074],[-5.1486,51.7024],[-5.1558,51.701],[-5.1564,51.6876],[-5.1753,51.6799],[-5.1881,51.6899],[-5.1875,51.7088],[-5.2036,51.7113],[-5.2147,51.7232],[-5.2342,51.7174],[-5.2286,51.7226],[-5.2542,51.7385],[-5.2114,51.734],[-5.2031,51.7554],[-5.1858,51.7549],[-5.1603,51.7724],[-5.1192,51.7687],[-5.1086,51.7749],[-5.1042,51.8126],[-5.1203,51.8485],[-5.1381,51.8635],[-5.1819,51.8607],[-5.1814,51.8671],[-5.2181,51.8726],[-5.2664,51.8713],[-5.2958,51.8576],[-5.2975,51.8646],[-5.3203,51.8624],[-5.3075,51.8749],[-5.3164,51.8849],[-5.2958,51.894],[-5.3142,51.9018],[-5.3075,51.9079],[-5.2108,51.9329],[-5.2131,51.9388],[-5.1992,51.9421],[-5.2092,51.9454],[-5.1969,51.9504],[-5.1575,51.9485],[-5.1397,51.9649],[-5.1081,51.9624],[-5.1053,51.969],[-5.0842,51.9704],[-5.0881,51.9804],[-5.0814,51.9863],[-5.0953,51.9938],[-5.0742,52.0037],[-5.0919,52.0143],[-5.0719,52.0271],[-5.0769,52.0299],[-5.0208,52.021],[-4.9914,52.026],[-4.9875,52.016],[-4.9697,52.0129],[-4.9819,52.0143],[-4.9919,52.0021],[-4.9719,51.9957],[-4.9714,52.0018],[-4.9203,52.0101],[-4.9225,52.0151],[-4.9103,52.0207],[-4.9186,52.0271],[-4.9092,52.0351],[-4.8858,52.021],[-4.8264,52.0199],[-4.8475,52.0368],[-4.8458,52.0426],[-4.8203,52.0563],[-4.7875,52.0604],[-4.7447,52.0957],[-4.7497,52.1043],[-4.7308,52.1182],[-4.6914,52.1032],[-4.6803,52.0863],[-4.6747,52.0996],[-4.6886,52.1035],[-4.6875,52.1299],[-4.5686,52.1449],[-4.5323,52.1349],[-4.5176,51.8897]]],[[[-5.2703,51.7018],[-5.2636,51.7024],[-5.2753,51.6935],[-5.2903,51.6954],[-5.2703,51.7018]]],[[[-5.2925,51.7435],[-5.2686,51.7343],[-5.2831,51.7351],[-5.2925,51.7268],[-5.3131,51.7349],[-5.2925,51.7435]]],[[[-5.3331,51.8782],[-5.3314,51.8518],[-5.3414,51.8462],[-5.3347,51.8524],[-5.3536,51.866],[-5.3436,51.8685],[-5.3486,51.876],[-5.3331,51.8782]]],[[[-4.6981,51.6407],[-4.6742,51.6374],[-4.6831,51.6296],[-4.7036,51.6312],[-4.7014,51.6382],[-4.7103,51.6424],[-4.6981,51.6407]]]]}},{"type":"Feature","properties":{"id":19},"geometry":{"type":"MultiPolygon","coordinates":[[[[-4.4396,53.4265],[-4.3681,53.4246],[-4.3581,53.4151],[-4.3369,53.4199],[-4.2919,53.4124],[-4.29,53.4176],[-4.2697,53.3957],[-4.2803,53.3765],[-4.2636,53.3674],[-4.2647,53.3601],[-4.2297,53.3574],[-4.2331,53.3401],[-4.2236,53.3379],[-4.2192,53.319],[-4.2031,53.3138],[-4.2142,53.2996],[-4.2064,53.2951],[-4.1436,53.3049],[-4.1197,53.3193],[-4.0397,53.3099],[-4.0858,53.2754],[-4.0875,53.2624],[-4.1586,53.2318],[-4.1614,53.2215],[-4.1775,53.2235],[-4.2097,53.2101],[-4.2186,53.1854],[-4.2447,53.179],[-4.2986,53.1482],[-4.3408,53.149],[-4.3392,53.1407],[-4.3603,53.1349],[-4.3269,53.1263],[-4.3986,53.1451],[-4.4131,53.1332],[-4.4075,53.1457],[-4.4175,53.1601],[-4.3875,53.1679],[-4.3803,53.1815],[-4.3858,53.1915],[-4.4425,53.1544],[-4.4553,53.1637],[-4.4581,53.1804],[-4.4866,53.1765],[-4.4886,53.186],[-4.5092,53.1881],[-4.4964,53.2074],[-4.5053,53.206],[-4.5014,53.2115],[-4.5247,53.2257],[-4.5219,53.2343],[-4.5553,53.2493],[-4.5536,53.2671],[-4.5592,53.2635],[-4.5881,53.2807],[-4.5386,53.3071],[-4.5636,53.2996],[-4.5625,53.316],[-4.5853,53.3304],[-4.5703,53.3363],[-4.5658,53.3521],[-4.5719,53.3535],[-4.5553,53.3729],[-4.5681,53.3835],[-4.5753,53.404],[-4.5297,53.4071],[-4.5119,53.4174],[-4.5069,53.409],[-4.4875,53.4124],[-4.4892,53.4193],[-4.4769,53.4229],[-4.4508,53.4137],[-4.4458,53.4224],[-4.4542,53.4224],[-4.4396,53.4265]]],[[[-3.947,53.1382],[-4.0806,53.0508],[-4.2866,53.0543],[-4.3364,53.0827],[-4.3475,53.1128],[-4.3386,53.1229],[-4.3186,53.1218],[-4.3342,53.1143],[-4.3219,53.0979],[-4.3158,53.0999],[-4.3086,53.1057],[-4.3097,53.1301],[-4.2786,53.1396],[-4.2575,53.1621],[-4.2125,53.1826],[-4.2097,53.2021],[-4.2008,53.2096],[-4.1631,53.219],[-4.1269,53.2404],[-4.1153,53.2318],[-4.0903,53.2357],[-4.0814,53.2285],[-4.0331,53.2371],[-3.9892,53.2565],[-3.947,53.1382]]],[[[-4.5559,53.2464],[-4.6108,53.2438],[-4.6114,53.256],[-4.6255,53.2704],[-4.6181,53.279],[-4.6784,53.2832],[-4.6853,53.3229],[-4.6631,53.3193],[-4.6186,53.331],[-4.6469,53.3193],[-4.6269,53.3157],[-4.6175,53.326],[-4.6192,53.3135],[-4.6308,53.3104],[-4.5853,53.3018],[-4.5869,53.2918],[-4.6019,53.2868],[-4.5919,53.2807],[-4.5947,53.2754],[-4.5803,53.274],[-4.5808,53.2651],[-4.5614,53.264],[-4.5719,53.2615],[-4.5559,53.2464]]]]}},{"type":"Feature","properties":{"id":10},"geometry":{"type":"MultiPolygon","coordinates":[[[[-5.6346,55.385],[-5.5964,55.42],[-5.5681,55.4149],[-5.5631,55.4229],[-5.5275,55.3957],[-5.5153,55.3699],[-5.5619,55.3229],[-5.6019,55.3071],[-5.6442,55.3065],[-5.6537,55.3099],[-5.6346,55.385]]],[[[-5.5436,55.4684],[-5.5392,55.4607],[-5.5542,55.4399],[-5.5503,55.4338],[-5.5881,55.4274],[-5.5436,55.4684]]],[[[-5.5136,55.4959],[-5.5108,55.486],[-5.5429,55.469],[-5.5136,55.4959]]],[[[-5.3796,55.6188],[-5.2621,55.7215],[-5.2025,55.7035],[-5.1603,55.679],[-5.1369,55.6426],[-5.1275,55.6085],[-5.1536,55.5904],[-5.1525,55.5812],[-5.1081,55.5724],[-5.0819,55.5524],[-5.1281,55.5312],[-5.0786,55.5093],[-5.0931,55.4979],[-5.0786,55.4649],[-5.0831,55.4546],[-5.1053,55.4404],[-5.2064,55.4338],[-5.2503,55.4388],[-5.3158,55.4649],[-5.3292,55.4896],[-5.3258,55.496],[-5.3564,55.5057],[-5.3436,55.5554],[-5.3486,55.5704],[-5.3924,55.6071],[-5.3796,55.6188]]],[[[-5.064,55.7898],[-5.0616,55.846],[-5.0581,55.8387],[-5.0236,55.8435],[-5.0214,55.809],[-5.0014,55.7665],[-5.0325,55.7543],[-5.0103,55.7443],[-5.0036,55.7296],[-5.0331,55.7221],[-5.0542,55.7332],[-5.0492,55.7371],[-5.0619,55.7468],[-5.0631,55.7618],[-5.0925,55.7707],[-5.0931,55.7788],[-5.1219,55.7743],[-5.064,55.7898]]],[[[-5.0579,55.9363],[-4.9911,56.0076],[-4.9053,56.036],[-4.8936,55.9954],[-4.8969,55.9829],[-4.9514,55.9993],[-4.9608,55.9901],[-4.9136,55.976],[-4.9069,55.966],[-4.9203,55.9463],[-4.9331,55.9421],[-4.9492,55.8979],[-4.9703,55.8832],[-4.9792,55.8604],[-5.0458,55.871],[-5.0425,55.8821],[-5.0579,55.9363]]],[[[-4.7686,55.9936],[-4.7675,55.9871],[-4.8025,55.9821],[-4.8403,55.9837],[-4.8553,55.9912],[-4.8531,56.0007],[-4.8692,56.021],[-4.7686,55.9936]]],[[[-4.6937,55.9703],[-4.6875,55.9682],[-4.7064,55.9721],[-4.6937,55.9703]]],[[[-4.5662,55.9227],[-4.4751,55.9261],[-4.4327,55.8171],[-4.1868,55.7514],[-4.0988,55.7138],[-3.941,55.4333],[-3.8256,55.2814],[-3.7285,55.0282],[-3.7397,54.8648],[-3.7886,54.8529],[-3.8125,54.8707],[-3.8197,54.8907],[-3.8175,54.8724],[-3.8281,54.8732],[-3.8075,54.8443],[-3.8453,54.861],[-3.8403,54.8532],[-3.8464,54.8537],[-3.8347,54.846],[-3.8603,54.8446],[-3.8358,54.8279],[-3.9564,54.7816],[-4.0658,54.7816],[-4.0642,54.794],[-4.0464,54.8135],[-4.0558,54.8243],[-4.0686,54.8107],[-4.0731,54.8187],[-4.0614,54.826],[-4.0619,54.8379],[-4.0436,54.8443],[-4.0492,54.8496],[-4.0503,54.8393],[-4.0631,54.839],[-4.0903,54.8135],[-4.0892,54.7816],[-4.1253,54.7816],[-4.1236,54.7868],[-4.1321,54.7816],[-4.2253,54.8385],[-4.2086,54.8643],[-4.2258,54.864],[-4.2597,54.8344],[-4.3042,54.8432],[-4.3631,54.8629],[-4.3742,54.8771],[-4.3847,54.8774],[-4.3819,54.8882],[-4.4003,54.9024],[-4.3969,54.9165],[-4.4197,54.9218],[-4.4192,54.9324],[-4.4536,54.9385],[-4.4447,54.931],[-4.4242,54.9324],[-4.4219,54.921],[-4.3986,54.9143],[-4.4058,54.8999],[-4.3964,54.8932],[-4.4197,54.8849],[-4.4203,54.8699],[-4.4303,54.8646],[-4.4192,54.8649],[-4.4103,54.8279],[-4.3471,54.8088],[-4.3463,54.7901],[-4.3686,54.791],[-4.3586,54.7776],[-4.3708,54.7718],[-4.3547,54.7679],[-4.3658,54.7232],[-4.3486,54.7118],[-4.3586,54.6957],[-4.3664,54.6996],[-4.3647,54.6904],[-4.4197,54.6821],[-4.4964,54.7032],[-4.5425,54.7218],[-4.5481,54.734],[-4.5725,54.7376],[-4.5858,54.7657],[-4.6025,54.7768],[-4.6697,54.7985],[-4.7147,54.8257],[-4.7819,54.8321],[-4.8092,54.8604],[-4.8481,54.8682],[-4.8508,54.8574],[-4.9381,54.8307],[-4.9608,54.8054],[-4.9375,54.7768],[-4.9392,54.7637],[-4.9158,54.7424],[-4.9197,54.7368],[-4.8974,54.69],[-4.9667,54.7188],[-4.9553,54.7243],[-4.9592,54.7299],[-4.9857,54.7318],[-4.9919,54.741],[-4.9875,54.7501],[-5.0075,54.759],[-4.9992,54.7693],[-5.0108,54.7829],[-5.0436,54.7918],[-5.0442,54.8029],[-5.0664,54.8118],[-5.1881,54.9309],[-5.1792,54.9654],[-5.1875,54.9765],[-5.1703,55.0004],[-5.1569,55.009],[-5.0986,55.0185],[-5.0547,54.9646],[-5.0736,54.964],[-5.0608,54.9243],[-5.0281,54.9063],[-4.9886,54.9179],[-5.0069,54.954],[-5.0314,54.9732],[-5.0614,55.0254],[-5.0519,55.0532],[-4.9992,55.1121],[-4.9964,55.1401],[-4.9419,55.1646],[-4.9142,55.1968],[-4.8608,55.2268],[-4.8608,55.2526],[-4.8381,55.2768],[-4.8375,55.3112],[-4.8464,55.3246],[-4.8158,55.3354],[-4.8058,55.351],[-4.7731,55.3618],[-4.7714,55.4007],[-4.7469,55.4215],[-4.7136,55.4343],[-4.6503,55.4429],[-4.6414,55.4568],[-4.6436,55.471],[-4.6286,55.4771],[-4.6281,55.4907],[-4.6192,55.4918],[-4.6236,55.5096],[-4.6581,55.5401],[-4.6864,55.5451],[-4.6592,55.5479],[-4.6547,55.5724],[-4.6953,55.6049],[-4.6881,55.6151],[-4.7097,55.6321],[-4.7069,55.6207],[-4.6919,55.6113],[-4.6958,55.6054],[-4.7508,55.6226],[-4.7525,55.631],[-4.7964,55.6304],[-4.8031,55.6401],[-4.8175,55.6343],[-4.8253,55.6399],[-4.8142,55.6437],[-4.8164,55.6512],[-4.8619,55.6749],[-4.8664,55.686],[-4.9058,55.6993],[-4.9042,55.731],[-4.8747,55.7301],[-4.8686,55.744],[-4.8825,55.7518],[-4.8775,55.7554],[-4.8675,55.7443],[-4.8569,55.7476],[-4.8586,55.7782],[-4.8897,55.8187],[-4.8897,55.8796],[-4.8997,55.8893],[-4.8992,55.8974],[-4.8781,55.9082],[-4.8836,55.9146],[-4.8758,55.9204],[-4.8808,55.9415],[-4.8186,55.9632],[-4.8031,55.9574],[-4.7908,55.9637],[-4.7436,55.9457],[-4.5662,55.9227]]],[[[-5.5769,55.2849],[-5.5636,55.2813],[-5.5797,55.274],[-5.5981,55.279],[-5.5769,55.2849]]],[[[-5.5353,55.4257],[-5.5414,55.4201],[-5.5536,55.4246],[-5.5353,55.4257]]],[[[-5.1136,55.256],[-5.1058,55.2515],[-5.1236,55.2465],[-5.1236,55.2562],[-5.1136,55.256]]],[[[-5.0753,55.5349],[-5.0619,55.5126],[-5.0869,55.5254],[-5.0886,55.5363],[-5.0753,55.5349]]],[[[-4.9453,55.7137],[-4.9558,55.7096],[-4.9686,55.7229],[-4.9369,55.7351],[-4.9453,55.7137]]],[[[-4.8892,55.7337],[-4.8975,55.7368],[-4.8819,55.7374],[-4.8842,55.7299],[-4.8892,55.7337]]],[[[-4.8981,55.7915],[-4.8992,55.7696],[-4.8931,55.7643],[-4.8992,55.7537],[-4.9125,55.744],[-4.9169,55.7543],[-4.9497,55.7438],[-4.9497,55.7568],[-4.9303,55.7849],[-4.8981,55.7915]]]]}},{"type":"Feature","properties":{"id":11},"geometry":{"type":"MultiPolygon","coordinates":[[[[-2.6864,56.0624],[-2.6131,56.0445],[-2.6031,56.0288],[-2.5792,56.0232],[-2.5892,56.0163],[-2.5547,56.0026],[-2.5153,56.0074],[-2.4642,55.9876],[-2.4431,55.9888],[-2.4208,55.9718],[-2.3986,55.9699],[-2.3919,55.9554],[-2.3331,55.9313],[-2.2558,55.9249],[-2.2231,55.9329],[-2.1742,55.9171],[-2.1375,55.9174],[-2.1269,55.9082],[-2.1331,55.9029],[-2.1264,55.8963],[-2.1336,55.8921],[-2.0758,55.8729],[-2.0686,55.8432],[-2.0542,55.8376],[-2.0303,55.8043],[-1.9947,55.7799],[-1.9897,55.7679],[-2.0053,55.7626],[-1.9925,55.7612],[-1.9597,55.7329],[-1.9088,55.7049],[-1.9696,55.6783],[-2.2929,55.4612],[-2.4568,55.4233],[-3.3188,55.3337],[-3.8165,55.2715],[-3.8529,55.3095],[-4.0958,55.7185],[-4.1504,55.7356],[-4.1079,55.78],[-3.9561,55.7834],[-3.8104,55.8039],[-3.7437,55.8039],[-3.6708,55.838],[-3.5798,55.8653],[-3.4827,55.8755],[-3.3916,55.9129],[-3.3127,55.9299],[-3.2216,55.9367],[-3.1587,55.9829],[-3.0942,55.949],[-3.0647,55.9451],[-3.0525,55.9532],[-2.9975,55.956],[-2.9725,55.9701],[-2.9231,55.9729],[-2.9008,55.9815],[-2.8969,55.9865],[-2.9031,55.9874],[-2.8847,55.9993],[-2.8947,56.009],[-2.8508,56.0143],[-2.8719,56.026],[-2.8658,56.0379],[-2.8397,56.0401],[-2.8136,56.0635],[-2.6864,56.0624]]]]}},{"type":"Feature","properties":{"id":7},"geometry":{"type":"MultiPolygon","coordinates":[[[[-5.6908,56.3817],[-5.7058,56.3604],[-5.7453,56.3413],[-5.8319,56.3107],[-5.8508,56.3118],[-5.6908,56.3817]]],[[[-5.4518,56.4843],[-5.4381,56.4901],[-5.4586,56.4746],[-5.4518,56.4843]]],[[[-5.3891,56.5107],[-5.3331,56.5207],[-5.2936,56.5468],[-5.2503,56.5482],[-5.2497,56.5579],[-5.2986,56.5488],[-5.2271,56.5788],[-5.1793,56.4682],[-5.1864,56.4593],[-5.2297,56.4465],[-5.2564,56.4635],[-5.2875,56.4601],[-5.3397,56.4712],[-5.3619,56.4701],[-5.3664,56.4585],[-5.4097,56.4585],[-5.4003,56.4743],[-5.4108,56.4904],[-5.4264,56.495],[-5.3891,56.5107]]],[[[-5.1634,56.4314],[-5.1057,56.3424],[-5.0086,56.2632],[-5.0112,56.2415],[-5.0464,56.2335],[-5.0458,56.2451],[-5.0542,56.2468],[-5.1047,56.2021],[-5.1064,56.1826],[-5.1197,56.1682],[-5.1936,56.1493],[-5.2369,56.1285],[-5.2547,56.1132],[-5.2564,56.0971],[-5.2831,56.089],[-5.3075,56.0601],[-5.3208,56.0588],[-5.3225,56.0682],[-5.3336,56.0679],[-5.3364,56.0629],[-5.3258,56.0574],[-5.3408,56.0499],[-5.3375,56.031],[-5.3469,56.021],[-5.3653,56.0221],[-5.3819,56.0037],[-5.4075,56.0007],[-5.4281,56.011],[-5.4303,56.0346],[-5.4419,56.0343],[-5.4431,56.0126],[-5.4503,56.0079],[-5.4431,55.9732],[-5.4497,55.9715],[-5.4281,55.9474],[-5.4175,55.8935],[-5.4019,55.8885],[-5.4108,55.8879],[-5.3947,55.8699],[-5.4125,55.8649],[-5.3847,55.8629],[-5.3397,55.8274],[-5.3186,55.799],[-5.3158,55.7743],[-5.3258,55.7632],[-5.3508,55.7651],[-5.3942,55.7501],[-5.4475,55.7099],[-5.4464,55.6918],[-5.4597,55.6824],[-5.4681,55.6507],[-5.4831,55.6435],[-5.4758,55.6349],[-5.4753,55.6046],[-5.4586,55.5904],[-5.4647,55.5854],[-5.4575,55.576],[-5.4669,55.571],[-5.4697,55.5818],[-5.4869,55.5785],[-5.4942,55.5671],[-5.4864,55.5368],[-5.4897,55.5285],[-5.5019,55.5274],[-5.5097,55.5038],[-5.5883,55.4276],[-5.6025,55.4276],[-5.5964,55.4199],[-5.6126,55.4042],[-5.6672,55.3697],[-5.7215,55.4299],[-5.7125,55.4657],[-5.7131,55.5235],[-5.7031,55.536],[-5.7169,55.5776],[-5.6942,55.5874],[-5.6725,55.6321],[-5.6742,55.6474],[-5.6636,55.6679],[-5.6769,55.6835],[-5.6325,55.7001],[-5.5714,55.7665],[-5.5536,55.7674],[-5.5103,55.7943],[-5.4792,55.804],[-5.4364,55.8585],[-5.5214,55.7954],[-5.5669,55.7757],[-5.5781,55.779],[-5.6053,55.7612],[-5.6169,55.7607],[-5.6175,55.7693],[-5.6019,55.7765],[-5.6214,55.7804],[-5.6081,55.7935],[-5.6397,55.7865],[-5.6669,55.8004],[-5.6719,55.8151],[-5.6625,55.8318],[-5.6642,55.8474],[-5.6258,55.8829],[-5.6292,55.8876],[-5.6042,55.9157],[-5.5869,55.919],[-5.5725,55.9357],[-5.6086,55.929],[-5.6758,55.8868],[-5.6853,55.8862],[-5.6808,55.9071],[-5.6908,55.911],[-5.6636,55.9512],[-5.5992,56.0076],[-5.5719,56.0168],[-5.5625,56.0301],[-5.5981,56.0157],[-5.5669,56.0404],[-5.5892,56.0315],[-5.5819,56.0382],[-5.5869,56.039],[-5.5964,56.0257],[-5.6258,56.0238],[-5.6108,56.0176],[-5.6375,55.9896],[-5.6581,55.9837],[-5.6386,56.0121],[-5.6631,55.9787],[-5.6731,55.9787],[-5.6686,55.9732],[-5.6497,55.9804],[-5.6842,55.9546],[-5.6658,55.9626],[-5.6931,55.931],[-5.7097,55.9365],[-5.6981,55.9551],[-5.6814,55.9646],[-5.7147,55.9512],[-5.6569,56.0165],[-5.6636,56.0254],[-5.6364,56.0285],[-5.6442,56.0424],[-5.5847,56.0921],[-5.5547,56.0915],[-5.5469,56.0865],[-5.5503,56.0807],[-5.5281,56.0743],[-5.5342,56.081],[-5.5292,56.0843],[-5.5453,56.0838],[-5.5297,56.1004],[-5.5547,56.101],[-5.5486,56.1093],[-5.5625,56.1051],[-5.5686,56.1143],[-5.5036,56.189],[-5.5253,56.1879],[-5.5792,56.1568],[-5.5808,56.146],[-5.5981,56.1326],[-5.6147,56.1321],[-5.5881,56.1529],[-5.6019,56.1476],[-5.5964,56.1587],[-5.6019,56.1618],[-5.5853,56.1688],[-5.5881,56.1754],[-5.5575,56.2035],[-5.5564,56.2146],[-5.5436,56.2163],[-5.5486,56.2307],[-5.5675,56.2368],[-5.4842,56.2557],[-5.5058,56.2696],[-5.5164,56.2593],[-5.5614,56.2604],[-5.5814,56.2485],[-5.5969,56.2493],[-5.5942,56.2671],[-5.5803,56.2826],[-5.5919,56.2824],[-5.5825,56.3168],[-5.5897,56.3015],[-5.6092,56.2949],[-5.5986,56.2796],[-5.6219,56.2646],[-5.6358,56.2724],[-5.6336,56.2899],[-5.6547,56.2979],[-5.6192,56.3224],[-5.6031,56.3176],[-5.6125,56.304],[-5.5908,56.3285],[-5.5831,56.3293],[-5.5897,56.3204],[-5.5503,56.349],[-5.5136,56.3429],[-5.5003,56.3521],[-5.4442,56.3626],[-5.4525,56.3679],[-5.4792,56.3549],[-5.4981,56.3579],[-5.5197,56.3451],[-5.5386,56.3587],[-5.5164,56.394],[-5.4742,56.4135],[-5.4864,56.4257],[-5.4842,56.4374],[-5.4692,56.4376],[-5.4403,56.456],[-5.4353,56.4535],[-5.4436,56.4487],[-5.4347,56.4474],[-5.3497,56.4599],[-5.3297,56.4504],[-5.3175,56.4576],[-5.2825,56.4504],[-5.2664,56.4579],[-5.2403,56.4371],[-5.1742,56.4564],[-5.1634,56.4314]]],[[[-5.0238,56.14],[-5.0268,56.0875],[-5.2301,55.9824],[-5.2277,55.9074],[-5.2397,55.9021],[-5.2408,55.8929],[-5.2269,55.8782],[-5.2254,55.8363],[-5.2497,55.8404],[-5.2575,55.8524],[-5.2714,55.8465],[-5.2897,55.8493],[-5.2908,55.8568],[-5.3131,55.8524],[-5.3047,55.8554],[-5.3181,55.8571],[-5.3103,55.8701],[-5.3214,55.8757],[-5.3147,55.8776],[-5.3481,55.8871],[-5.3486,55.8968],[-5.3531,55.8929],[-5.3447,55.9024],[-5.3519,55.9076],[-5.3436,55.9174],[-5.3492,55.9268],[-5.3303,55.9562],[-5.3469,55.9663],[-5.3419,55.996],[-5.3014,56.0235],[-5.2908,56.0482],[-5.2658,56.0707],[-5.2047,56.1074],[-5.2114,56.1168],[-5.2031,56.1287],[-5.0992,56.1568],[-5.0803,56.1676],[-5.0847,56.176],[-5.0614,56.2076],[-5.0128,56.2287],[-5.0238,56.14]]],[[[-5.2878,55.7071],[-5.2958,55.7129],[-5.2726,55.7207],[-5.2878,55.7071]]],[[[-5.3958,55.6104],[-5.3958,55.6276],[-5.3675,55.6771],[-5.3314,55.6879],[-5.3186,55.7057],[-5.2908,55.7057],[-5.3958,55.6104]]],[[[-6.0586,55.8035],[-6.0875,55.8355],[-6.0869,55.8638],[-6.0969,55.8713],[-6.0931,55.8913],[-6.0636,55.9229],[-6.0264,55.9474],[-5.9169,55.9562],[-5.8836,55.9743],[-5.8942,55.9815],[-5.8953,55.974],[-5.9147,55.974],[-5.9186,55.9637],[-5.9386,55.9604],[-6.0075,55.9732],[-5.9914,56.0004],[-5.9642,56.0154],[-5.9631,56.0288],[-5.9047,56.0554],[-5.9008,56.0635],[-5.8214,56.0896],[-5.8231,56.0965],[-5.7997,56.1121],[-5.7847,56.1076],[-5.7792,56.1174],[-5.7475,56.1285],[-5.7486,56.1357],[-5.7386,56.1413],[-5.7186,56.1387],[-5.7247,56.1463],[-5.7108,56.1493],[-5.6964,56.1429],[-5.6875,56.129],[-5.6936,56.1232],[-5.6892,56.1085],[-5.7392,56.0638],[-5.7758,56.0163],[-5.7931,56.0126],[-5.8219,55.971],[-5.8364,55.9707],[-5.8508,55.9388],[-5.8447,55.9396],[-5.8758,55.9054],[-5.8725,55.8896],[-5.8869,55.879],[-5.8819,55.8907],[-5.8969,55.8899],[-5.8969,55.8679],[-5.9364,55.8671],[-5.9508,55.8351],[-5.9397,55.8254],[-5.9531,55.816],[-5.9631,55.7924],[-6.0292,55.7946],[-6.0586,55.8035]]],[[[-6.1704,55.9274],[-6.1619,55.934],[-6.1208,55.9351],[-6.1319,55.8899],[-6.1197,55.8832],[-6.1092,55.8595],[-6.1704,55.9274]]],[[[-6.2583,56.0249],[-6.2097,56.0279],[-6.2064,56.0199],[-6.2325,56.0182],[-6.2408,56.0054],[-6.2583,56.0249]]],[[[-6.2719,56.0399],[-6.2481,56.0557],[-6.2614,56.0582],[-6.2464,56.0635],[-6.2625,56.0646],[-6.2419,56.0726],[-6.2531,56.0743],[-6.2458,56.0857],[-6.2103,56.1018],[-6.2131,56.1063],[-6.1792,56.1054],[-6.1831,56.1154],[-6.1519,56.1332],[-6.1325,56.121],[-6.1675,56.0774],[-6.1958,56.0615],[-6.1803,56.051],[-6.2047,56.0296],[-6.2203,56.0285],[-6.2214,56.0399],[-6.2375,56.0321],[-6.2558,56.0346],[-6.2436,56.0446],[-6.2669,56.0357],[-6.2719,56.0399]]],[[[-5.7447,55.6346],[-5.7503,55.6249],[-5.7608,55.6271],[-5.7503,55.6396],[-5.7447,55.6346]]],[[[-5.7403,55.6471],[-5.7447,55.651],[-5.7364,55.6521],[-5.7403,55.6471]]],[[[-5.7208,55.7282],[-5.7103,55.7221],[-5.7297,55.7107],[-5.7203,55.6996],[-5.7336,55.684],[-5.7169,55.684],[-5.7358,55.6765],[-5.7364,55.6688],[-5.7281,55.6674],[-5.7342,55.6585],[-5.7642,55.6451],[-5.7697,55.6546],[-5.7597,55.6674],[-5.7747,55.6701],[-5.7742,55.6779],[-5.7481,55.7021],[-5.7503,55.7074],[-5.7375,55.7079],[-5.7347,55.7221],[-5.7447,55.7201],[-5.7403,55.7254],[-5.7208,55.7282]]],[[[-5.9931,55.7871],[-5.9981,55.7874],[-5.9869,55.7915],[-5.9931,55.7871]]],[[[-5.6875,56.1985],[-5.6747,56.1921],[-5.6792,56.1849],[-5.6703,56.1685],[-5.7297,56.1585],[-5.7519,56.1676],[-5.7258,56.1907],[-5.6875,56.1985]]],[[[-5.6925,56.2282],[-5.6931,56.2093],[-5.6853,56.2012],[-5.6997,56.2021],[-5.7036,56.2129],[-5.7164,56.2101],[-5.6903,56.2363],[-5.6925,56.2282]]],[[[-5.7992,56.2238],[-5.8203,56.2151],[-5.7975,56.2296],[-5.7992,56.2238]]],[[[-5.7431,56.2487],[-5.7775,56.2385],[-5.7719,56.2463],[-5.7431,56.2487]]],[[[-5.6436,56.1304],[-5.6486,56.129],[-5.6419,56.1357],[-5.6436,56.1304]]],[[[-5.6214,56.1465],[-5.6264,56.1443],[-5.6231,56.1515],[-5.6214,56.1465]]],[[[-5.5392,56.1565],[-5.5553,56.1471],[-5.5264,56.1682],[-5.5392,56.1565]]],[[[-5.5542,56.1604],[-5.5614,56.1571],[-5.5503,56.1637],[-5.5542,56.1604]]],[[[-5.6047,56.2293],[-5.5914,56.2235],[-5.5886,56.2051],[-5.6114,56.1957],[-5.6186,56.2115],[-5.6153,56.2271],[-5.6047,56.2293]]],[[[-5.6342,56.2682],[-5.6292,56.2526],[-5.6114,56.2657],[-5.6064,56.2576],[-5.6236,56.2513],[-5.6169,56.2426],[-5.6342,56.219],[-5.6281,56.2165],[-5.6297,56.2049],[-5.6353,56.206],[-5.6281,56.1979],[-5.6369,56.186],[-5.6503,56.1974],[-5.6564,56.2165],[-5.6658,56.2185],[-5.6597,56.2354],[-5.6669,56.2396],[-5.6542,56.239],[-5.6614,56.2432],[-5.6514,56.2454],[-5.6519,56.2612],[-5.6342,56.2682]]],[[[-5.6608,56.3143],[-5.6764,56.3088],[-5.6664,56.3182],[-5.6608,56.3143]]],[[[-5.4947,56.424],[-5.4881,56.421],[-5.5525,56.3715],[-5.5658,56.381],[-5.5897,56.3801],[-5.5631,56.4087],[-5.5231,56.4113],[-5.4947,56.424]]]]}},{"type":"Feature","properties":{"id":9},"geometry":{"type":"MultiPolygon","coordinates":[[[[-3.1905,55.9733],[-3.2512,55.9397],[-3.3703,55.9167],[-3.4796,55.8793],[-3.5889,55.8657],[-3.7406,55.8043],[-4.0138,55.7804],[-4.1049,55.7838],[-4.1595,55.736],[-4.4387,55.8214],[-4.4691,55.9031],[-4.4509,55.9201],[-4.3962,55.9133],[-4.3112,55.9541],[-4.2688,56.0017],[-4.2202,56.039],[-4.0927,56.0424],[-4.0745,56.0865],[-4.0502,56.1068],[-3.9167,56.1812],[-3.7528,56.2386],[-3.6496,56.1981],[-3.4311,56.2251],[-3.3703,56.2824],[-3.3157,56.3026],[-3.1093,56.3565],[-2.8097,56.3987],[-2.8258,56.3768],[-2.8892,56.3615],[-2.8631,56.3629],[-2.8364,56.3532],[-2.8175,56.3668],[-2.8036,56.3432],[-2.7897,56.344],[-2.7781,56.3329],[-2.6586,56.3193],[-2.6392,56.2993],[-2.5836,56.2796],[-2.6003,56.2637],[-2.6281,56.2568],[-2.6864,56.2221],[-2.7803,56.2001],[-2.8081,56.1835],[-2.8247,56.1896],[-2.8375,56.1829],[-2.8697,56.1868],[-2.8675,56.1935],[-2.8808,56.1901],[-2.8753,56.196],[-2.8925,56.2068],[-2.9581,56.2096],[-3.0208,56.1726],[-3.0636,56.1582],[-3.0842,56.139],[-3.1503,56.116],[-3.1592,56.1026],[-3.1581,56.0835],[-3.1736,56.0621],[-3.2158,56.0638],[-3.2353,56.0535],[-3.2464,56.061],[-3.2825,56.0563],[-3.2831,56.0499],[-3.3097,56.0438],[-3.3114,56.0346],[-3.3403,56.039],[-3.3503,56.0271],[-3.3997,56.0251],[-3.3875,56.0226],[-3.3897,56.0068],[-3.5158,56.0407],[-3.5464,56.0399],[-3.5758,56.0585],[-3.5897,56.059],[-3.5897,56.0465],[-3.6058,56.0451],[-3.6164,56.0554],[-3.6764,56.0462],[-3.7225,56.066],[-3.7325,56.0604],[-3.7264,56.0318],[-3.7069,56.026],[-3.6825,56.0368],[-3.6736,56.0115],[-3.5953,56.0213],[-3.5142,56.0068],[-3.5092,55.9987],[-3.3886,55.9901],[-3.3514,56.0015],[-3.3214,55.9843],[-3.2897,55.9796],[-3.2303,55.9874],[-3.1997,55.9804],[-3.1858,55.9882],[-3.1914,55.9832],[-3.1797,55.9807],[-3.1742,55.9846],[-3.1814,55.9899],[-3.1694,55.9865],[-3.1905,55.9733]]],[[[-3.1336,56.0337],[-3.1297,56.0274],[-3.1414,56.0349],[-3.1336,56.0337]]]]}},{"type":"Feature","properties":{"id":8},"geometry":{"type":"MultiPolygon","coordinates":[[[[-5.2283,55.8793],[-5.2058,55.8565],[-5.2075,55.8432],[-5.1997,55.834],[-5.2058,55.8254],[-5.2253,55.8349],[-5.2283,55.8793]]],[[[-5.2332,55.979],[-5.0238,56.0807],[-5.0009,56.2318],[-4.9258,56.2654],[-4.9314,56.269],[-4.9992,56.2424],[-4.9964,56.2615],[-5.1027,56.3373],[-5.1634,56.4264],[-5.175,56.456],[-5.1575,56.4715],[-5.1358,56.4768],[-5.1442,56.4824],[-5.1036,56.5124],[-5.0958,56.5312],[-5.0669,56.5582],[-5.0792,56.5588],[-5.1181,56.5129],[-5.1558,56.4999],[-5.1797,56.4682],[-5.2271,56.5888],[-4.7931,56.6423],[-4.2255,56.0401],[-4.3348,55.9331],[-4.4015,55.9178],[-4.6758,55.9618],[-4.6842,55.9704],[-4.7031,55.9668],[-4.7019,55.9754],[-4.6864,55.9751],[-4.7019,55.9918],[-4.7897,56.014],[-4.7886,56.0257],[-4.8214,56.0521],[-4.8158,56.0632],[-4.8281,56.0685],[-4.8292,56.0785],[-4.8375,56.0779],[-4.8414,56.0585],[-4.8247,56.0326],[-4.8086,56.0149],[-4.7947,56.0132],[-4.7903,56.0021],[-4.7697,56.001],[-4.7653,55.9882],[-4.8675,56.0235],[-4.8819,56.0571],[-4.8392,56.116],[-4.8225,56.1218],[-4.7697,56.1868],[-4.7486,56.1957],[-4.7458,56.2032],[-4.7531,56.204],[-4.7869,56.1846],[-4.8264,56.141],[-4.8281,56.1265],[-4.8519,56.1135],[-4.8608,56.0996],[-4.8842,56.104],[-4.8925,56.1213],[-4.8853,56.1463],[-4.9008,56.1696],[-4.9158,56.1665],[-4.8997,56.1476],[-4.9086,56.1113],[-4.8736,56.0868],[-4.9114,56.0504],[-4.9058,56.0365],[-4.9873,55.9994],[-5.0592,55.9334],[-5.0692,55.9524],[-5.1053,55.9707],[-5.1269,56.0062],[-5.1175,55.9718],[-5.0814,55.9376],[-5.0731,55.9054],[-5.0775,55.8971],[-5.1069,55.8999],[-5.1781,55.9326],[-5.1897,55.946],[-5.1836,55.9732],[-5.1908,55.9796],[-5.2019,55.9429],[-5.1953,55.9321],[-5.2069,55.916],[-5.2297,55.9071],[-5.2332,55.979]]],[[[-5.0662,55.7866],[-5.1219,55.7758],[-5.1292,55.7893],[-5.1269,55.8085],[-5.1375,55.8013],[-5.1442,55.8126],[-5.1397,55.8357],[-5.1275,55.8426],[-5.1392,55.8507],[-5.1564,55.846],[-5.1703,55.8515],[-5.2114,55.8826],[-5.2136,55.8965],[-5.2225,55.9015],[-5.1858,55.9271],[-5.1581,55.9215],[-5.1136,55.8926],[-5.0786,55.8821],[-5.0747,55.8735],[-5.0908,55.8649],[-5.0647,55.8599],[-5.0662,55.7866]]],[[[-5.1564,55.7995],[-5.1469,55.7843],[-5.1575,55.7754],[-5.1681,55.7943],[-5.1653,55.8049],[-5.1564,55.7995]]]]}},{"type":"Feature","properties":{"id":6},"geometry":{"type":"Polygon","coordinates":[[[-4.598830416666019,56.87355840276188],[-4.453142709999029,56.67732131059811],[-4.040360874442557,56.50016440986435],[-3.852180919997695,56.399518536338725],[-3.579016469997089,56.28513066281384],[-3.366555231107728,56.28176111998505],[-3.421188121107849,56.2210585562185],[-3.639719681108333,56.19742600216691],[-3.748985461108576,56.237930035296394],[-3.876462204442193,56.20417964682052],[-3.985727984442435,56.153498318646164],[-4.07071247999818,56.09597855705015],[-4.094993764442678,56.03837274689474],[-4.21640018666517,56.03837274689474],[-4.264962755554166,56.09259236263828],[-4.544197526665896,56.389439281609434],[-4.799151013333129,56.64062116602075],[-4.598830416666019,56.87355840276188]]]}},{"type":"Feature","properties":{"id":13},"geometry":{"type":"Polygon","coordinates":[[[-1.579251331348201,55.407081604003906],[-1.579723000526428,55.407081604003906],[-1.579723000526428,55.406806945801065],[-1.580276966094914,55.406806945801065],[-1.580276966094914,55.406528472900675],[-1.580832958221322,55.406528472900675],[-1.580832958221322,55.406250000000114],[-1.5813889503479,55.406250000000114],[-1.5813889503479,55.40597152709955],[-1.581944942474365,55.40597152709955],[-1.581944942474365,55.40569305419916],[-1.58361101150507,55.40569305419916],[-1.58361101150507,55.40597152709955],[-1.586390018463135,55.40597152709955],[-1.586390018463135,55.40569305419916],[-1.587499976158142,55.40569305419916],[-1.587499976158142,55.40541839599632],[-1.588055968284607,55.40541839599632],[-1.588055968284607,55.40513992309576],[-1.589166045188904,55.40513992309576],[-1.58916795253748,55.40486145019537],[-1.589722037315369,55.40486145019537],[-1.589722037315369,55.40458297729498],[-1.590278029441833,55.40458297729498],[-1.590278029441833,55.404304504394645],[-1.590834021568298,55.404304504394645],[-1.590834021568298,55.403751373291016],[-1.591390013694763,55.403751373291016],[-1.591390013694763,55.403472900390625],[-1.591943979263306,55.403472900390625],[-1.591943979263306,55.40291595459007],[-1.592499971389771,55.40291595459007],[-1.592499971389771,55.40236282348627],[-1.593055963516235,55.40236282348627],[-1.593055963516235,55.401527404785156],[-1.593610048294067,55.401527404785156],[-1.593610048294067,55.400695800781364],[-1.594166040420532,55.400695800781364],[-1.594166040420532,55.39986038208019],[-1.594722032546997,55.39986038208019],[-1.594722032546997,55.39847183227545],[-1.595278024673462,55.39847183227545],[-1.595278024673462,55.397640228271484],[-1.595831990242004,55.397640228271484],[-1.595834016799927,55.39597320556635],[-1.596387982368469,55.39597320556635],[-1.596387982368469,55.394859313965014],[-1.596943974494934,55.394859313965014],[-1.596943974494934,55.39430618286144],[-1.597501039504948,55.39430618286144],[-1.597501039504948,55.39374923706083],[-1.598610043525582,55.39374923706083],[-1.598610043525582,55.39347076416027],[-1.599722981452885,55.39347076416027],[-1.599722981452885,55.39319610595726],[-1.600833058357239,55.39319610595726],[-1.600833058357239,55.39291763305687],[-1.601945042610112,55.39291763305687],[-1.601945042610112,55.39263916015648],[-1.602501034736576,55.39263916015648],[-1.602501034736576,55.392360687255916],[-1.603055000305119,55.392360687255916],[-1.603055000305119,55.392082214355526],[-1.603610992431584,55.392082214355526],[-1.603610992431584,55.391803741455135],[-1.604166984558049,55.391803741455135],[-1.604166984558049,55.391529083252124],[-1.604722976684513,55.391529083252124],[-1.604722976684513,55.39125061035156],[-1.605276942253056,55.39125061035156],[-1.605276942253056,55.39097213745117],[-1.605833053588867,55.39097213745117],[-1.605833053588867,55.39069366455078],[-1.606389045715275,55.39069366455078],[-1.606389045715275,55.39041519165062],[-1.60694503784174,55.39041519165062],[-1.60694503784174,55.38986206054682],[-1.607499003410339,55.38986206054682],[-1.607499003410339,55.38958358764643],[-1.608054995536747,55.38958358764643],[-1.608054995536747,55.389305114746094],[-1.608610987663212,55.389305114746094],[-1.608610987663212,55.38874816894531],[-1.609166979789677,55.38874816894531],[-1.609166979789677,55.3884735107423],[-1.60972094535822,55.3884735107423],[-1.60972094535822,55.38791656494152],[-1.610277056694031,55.38791656494152],[-1.610277056694031,55.38680648803734],[-1.60972094535822,55.38680648803734],[-1.60972094535822,55.385971069335994],[-1.610277056694031,55.385971069335994],[-1.610277056694031,55.385692596435604],[-1.610833048820496,55.385692596435604],[-1.610833048820496,55.38541793823259],[-1.611389994621277,55.38541793823259],[-1.611389994621277,55.3851394653322],[-1.613612055778503,55.3851394653322],[-1.613612055778503,55.38541793823259],[-1.614168047904968,55.38541793823259],[-1.614168047904968,55.385692596435604],[-1.614722013473511,55.385692596435604],[-1.614722013473511,55.385971069335994],[-1.615278005599976,55.385971069335994],[-1.615278005599976,55.386249542236555],[-1.61583399772644,55.386249542236555],[-1.61583399772644,55.386528015136946],[-1.616943955421448,55.386528015136946],[-1.616943955421448,55.38680648803734],[-1.618056058883553,55.38680648803734],[-1.618056058883553,55.38735961914091],[-1.619166016578617,55.38735961914091],[-1.619166016578617,55.3876380920413],[-1.620278000831604,55.3876380920413],[-1.620278000831604,55.38791656494152],[-1.620833992958069,55.38791656494152],[-1.620833992958069,55.38819503784191],[-1.621387958526498,55.38819503784191],[-1.621387958526498,55.3884735107423],[-1.620833992958069,55.3884735107423],[-1.620833992958069,55.38874816894531],[-1.619166016578617,55.38874816894531],[-1.619166016578617,55.3890266418457],[-1.618056058883553,55.3890266418457],[-1.618056058883553,55.389305114746094],[-1.617499947547913,55.389305114746094],[-1.617499947547913,55.38986206054682],[-1.618056058883553,55.38986206054682],[-1.618056058883553,55.39014053344721],[-1.621943950653076,55.39014053344721],[-1.621943950653076,55.38986206054682],[-1.623056054115182,55.38986206054682],[-1.623056054115182,55.389305114746094],[-1.623610019683781,55.389305114746094],[-1.623610019683781,55.3884735107423],[-1.623056054115182,55.3884735107423],[-1.623056054115182,55.38819503784191],[-1.622499942779541,55.38819503784191],[-1.622499942779541,55.38791656494152],[-1.621943950653076,55.38791656494152],[-1.621943950653076,55.38735961914091],[-1.621387958526498,55.38735961914091],[-1.621387958526498,55.38708496093773],[-1.620833992958069,55.38708496093773],[-1.620833992958069,55.38680648803734],[-1.619166016578617,55.38680648803734],[-1.619166016578617,55.386528015136946],[-1.618612051010132,55.386528015136946],[-1.618610024452153,55.386249542236555],[-1.618056058883553,55.386249542236555],[-1.618056058883553,55.38541793823259],[-1.617499947547913,55.38541793823259],[-1.617499947547913,55.38486099243164],[-1.618056058883553,55.38486099243164],[-1.618056058883553,55.38430404663086],[-1.617499947547913,55.38430404663086],[-1.617499947547913,55.383472442626896],[-1.616943955421448,55.383472442626896],[-1.616943955421448,55.38291549682617],[-1.616389989852905,55.38291549682617],[-1.616389989852905,55.38180541992199],[-1.61583399772644,55.38180541992199],[-1.61583399772644,55.3815269470216],[-1.615278005599976,55.3815269470216],[-1.615278005599976,55.380695343017805],[-1.614722013473511,55.380695343017805],[-1.614722013473511,55.380138397217024],[-1.613612055778503,55.380138397217024],[-1.613612055778503,55.380695343017805],[-1.613055944442749,55.380695343017805],[-1.613055944442749,55.380973815918196],[-1.613612055778503,55.380973815918196],[-1.613612055778503,55.38458251953125],[-1.611389994621277,55.38458251953125],[-1.611389994621277,55.38486099243164],[-1.609166979789677,55.38486099243164],[-1.609166979789677,55.38263702392578],[-1.608610987663212,55.38263702392578],[-1.608610987663212,55.380416870117415],[-1.608054995536747,55.380416870117415],[-1.608054995536747,55.37819290161133],[-1.607499003410339,55.37819290161133],[-1.607499003410339,55.377361297607365],[-1.60694503784174,55.377361297607365],[-1.60694503784174,55.375137329101676],[-1.606389045715275,55.375137329101676],[-1.606389045715275,55.374584197998274],[-1.605833053588867,55.374584197998274],[-1.605833053588867,55.371807098388956],[-1.605276942253056,55.371807098388956],[-1.605276942253056,55.36958312988287],[-1.604722976684513,55.36958312988287],[-1.604722976684513,55.36791610717796],[-1.604166984558049,55.36791610717796],[-1.604166984558049,55.36736297607416],[-1.603610992431584,55.36736297607416],[-1.603610992431584,55.36730062144335],[-1.613938737615742,55.35043471145985],[-1.58361101150507,55.340731971958995],[-1.58361101150507,55.34041595458996],[-1.583055019378605,55.34041595458996],[-1.583055019378605,55.33986282348633],[-1.58249902725214,55.33986282348633],[-1.58249902725214,55.339305877685774],[-1.581944942474365,55.339305877685774],[-1.581944942474365,55.33874893188499],[-1.583055019378605,55.33874893188499],[-1.583055019378605,55.339027404785384],[-1.58361101150507,55.339027404785384],[-1.58361101150507,55.339305877685774],[-1.585278034210205,55.339305877685774],[-1.585278034210205,55.339584350586165],[-1.586390018463135,55.339584350586165],[-1.586390018463135,55.33986282348633],[-1.587499976158142,55.33986282348633],[-1.587499976158142,55.34013748168957],[-1.588611960411015,55.34013748168957],[-1.588611960411015,55.34041595458996],[-1.589722037315369,55.34041595458996],[-1.589722037315369,55.34069442749035],[-1.590834021568298,55.34069442749035],[-1.590834021568298,55.34041595458996],[-1.591390013694763,55.34041595458996],[-1.591390013694763,55.34013748168957],[-1.591943979263306,55.34013748168957],[-1.591943979263306,55.33986282348633],[-1.593610048294067,55.33986282348633],[-1.593610048294067,55.339584350586165],[-1.594166040420532,55.339584350586165],[-1.594166040420532,55.339027404785384],[-1.593610048294067,55.339027404785384],[-1.593610048294067,55.33874893188499],[-1.593055963516235,55.33874893188499],[-1.593055963516235,55.3384704589846],[-1.592499971389771,55.3384704589846],[-1.592499971389771,55.33819580078125],[-1.591390013694763,55.33819580078125],[-1.591390013694763,55.33791732788086],[-1.590278029441833,55.33791732788086],[-1.590278029441833,55.33763885498064],[-1.589722037315369,55.33763885498064],[-1.589722037315369,55.33736038208025],[-1.588055968284607,55.33736038208025],[-1.588055968284607,55.33708190917969],[-1.586390018463135,55.33708190917969],[-1.586390018463135,55.33680725097685],[-1.58361101150507,55.33680725097685],[-1.58361101150507,55.336528778076456],[-1.578611016273442,55.336528778076456],[-1.578611016273442,55.33680725097685],[-1.577501058578378,55.33680725097685],[-1.577501058578378,55.33708190917969],[-1.576944947242737,55.33708190917969],[-1.576944947242737,55.33736038208025],[-1.575832962989807,55.33736038208025],[-1.575832962989807,55.33680725097685],[-1.575278997421265,55.33680725097685],[-1.575278997421265,55.336250305175895],[-1.572500944137573,55.336250305175895],[-1.572500944137573,55.336437225342024],[-1.572500944137573,55.336528778076456],[-1.571944952011108,55.336528778076456],[-1.571944952011108,55.33699965335857],[-1.569722056388855,55.33628848308878],[-1.569722056388855,55.33569335937494],[-1.569165945053044,55.33569335937494],[-1.569165945053044,55.33486175537115],[-1.568609952926636,55.33486175537115],[-1.568609952926636,55.33452224731445],[-1.568609952926636,55.334304809570426],[-1.568166017532349,55.334304809570426],[-1.568055987358036,55.334304809570426],[-1.568055987358036,55.3337516784668],[-1.567499995231572,55.3337516784668],[-1.567499995231572,55.33319473266624],[-1.566944003105164,55.33319473266624],[-1.566944003105164,55.33263778686546],[-1.566388010978699,55.33263778686546],[-1.566388010978699,55.33208465576172],[-1.565834045410099,55.33208465576172],[-1.565834045410099,55.33180618286133],[-1.565278053283691,55.33180618286133],[-1.565278053283691,55.33124923706072],[-1.56472194194788,55.33124923706072],[-1.56472194194788,55.330696105957145],[-1.564165949821415,55.330696105957145],[-1.564165949821415,55.330417633056925],[-1.563611984252873,55.330417633056925],[-1.563611984252873,55.32986068725597],[-1.563055992126408,55.32986068725597],[-1.563055992126408,55.32930374145502],[-1.5625,55.32930374145502],[-1.5625,55.32902908325218],[-1.561944007873535,55.32902908325218],[-1.561944007873535,55.32875061035162],[-1.561390042304936,55.32875061035162],[-1.561390042304936,55.32847213745123],[-1.560278058052063,55.32847213745123],[-1.560278058052063,55.32819366455084],[-1.559721946716252,55.32819366455084],[-1.559721946716252,55.327915191650504],[-1.559167981147709,55.327915191650504],[-1.559167981147709,55.327640533447266],[-1.558611989021244,55.327640533447266],[-1.558611989021244,55.327362060546875],[-1.557499051093998,55.327362060546875],[-1.557499051093998,55.327083587646484],[-1.556943058967533,55.327083587646484],[-1.556943058967533,55.32680511474632],[-1.556388974189758,55.32680511474632],[-1.556388974189758,55.32652664184593],[-1.555832982063293,55.32652664184593],[-1.555832982063293,55.32597351074213],[-1.555276989936829,55.32597351074213],[-1.555276989936829,55.3256950378418],[-1.554723024368286,55.3256950378418],[-1.554723024368286,55.325138092041016],[-1.554167032241821,55.325138092041016],[-1.554167032241821,55.324859619140796],[-1.553611040115356,55.324859619140796],[-1.553611040115356,55.324584960937614],[-1.553055047988892,55.324584960937614],[-1.553055047988892,55.324028015137],[-1.552499055862313,55.324028015137],[-1.552499055862313,55.32347106933605],[-1.551944971084595,55.32347106933605],[-1.551944971084595,55.32291793823265],[-1.55138897895813,55.32291793823265],[-1.55138897895813,55.3223609924317],[-1.550832986831665,55.3223609924317],[-1.550832986831665,55.31958389282221],[-1.5502769947052,55.31958389282221],[-1.5502769947052,55.3179168701173],[-1.550832986831665,55.3179168701173],[-1.550832986831665,55.31347274780268],[-1.5502769947052,55.31347274780268],[-1.5502769947052,55.311733245849894],[-1.5502769947052,55.31152725219738],[-1.550408959388733,55.31152725219738],[-1.550832986831665,55.31152725219738],[-1.550832986831665,55.310855865478516],[-1.550832986831665,55.31069564819359],[-1.550935983657837,55.31069564819359],[-1.55138897895813,55.31069564819359],[-1.55138897895813,55.310138702392805],[-1.551944971084595,55.310138702392805],[-1.551944971084595,55.309860229492415],[-1.553055047988892,55.309860229492415],[-1.553055047988892,55.309581756591854],[-1.553611040115356,55.309581756591854],[-1.553611040115356,55.30930709838867],[-1.554723024368286,55.30930709838867],[-1.554723024368286,55.30902862548845],[-1.555276989936829,55.30902862548845],[-1.555276989936829,55.30875015258806],[-1.555832982063293,55.30875015258806],[-1.555832982063293,55.3084716796875],[-1.556388974189758,55.3084716796875],[-1.556388974189758,55.30819320678711],[-1.556943058967533,55.30819320678711],[-1.556943058967533,55.30791854858427],[-1.557499051093998,55.30791854858427],[-1.557499051093998,55.30764007568371],[-1.55805599689478,55.30764007568371],[-1.55805599689478,55.307083129882756],[-1.558611989021244,55.307083129882756],[-1.558611989021244,55.30652618408203],[-1.559167981147709,55.30652618408203],[-1.559167981147709,55.30541610717785],[-1.559721946716252,55.30541610717785],[-1.559721946716252,55.30486297607422],[-1.560278058052063,55.30486297607422],[-1.560278058052063,55.304027557373274],[-1.560834050178471,55.304027557373274],[-1.560834050178471,55.30319595336914],[-1.561390042304936,55.30319595336914],[-1.561390042304936,55.30236053466814],[-1.561944007873535,55.30236053466814],[-1.561944007873535,55.30180740356474],[-1.5625,55.30180740356474],[-1.5625,55.300971984863224],[-1.563055992126408,55.300971984863224],[-1.563055992126408,55.30041503906244],[-1.563611984252873,55.30041503906244],[-1.563611984252873,55.29958343505865],[-1.564165949821415,55.29958343505865],[-1.564165949821415,55.299026489257926],[-1.56472194194788,55.299026489257926],[-1.56472194194788,55.298194885254134],[-1.565278053283691,55.298194885254134],[-1.565278053283691,55.29791641235374],[-1.565834045410099,55.29791641235374],[-1.565834045410099,55.29708480834961],[-1.566388010978699,55.29708480834961],[-1.566388010978699,55.29624938964861],[-1.566944003105164,55.29624938964861],[-1.566944003105164,55.295696258545036],[-1.567499995231572,55.295696258545036],[-1.567499995231572,55.294860839843864],[-1.568055987358036,55.294860839843864],[-1.568055987358036,55.29430389404291],[-1.568609952926636,55.29430389404291],[-1.568609952926636,55.29347229003912],[-1.569165945053044,55.29347229003912],[-1.569165945053044,55.292362213134766],[-1.569722056388855,55.292362213134766],[-1.569722056388855,55.29152679443382],[-1.570279002189636,55.29152679443382],[-1.570279002189636,55.2904167175293],[-1.570832014083862,55.2904167175293],[-1.570832014083862,55.28819274902338],[-1.571388006210327,55.28819274902338],[-1.571388006210327,55.28486251831049],[-1.571944952011108,55.28486251831049],[-1.571944952011108,55.27541732788109],[-1.571388006210327,55.27541732788109],[-1.571388006210327,55.27430725097656],[-1.570832014083862,55.27430725097656],[-1.570832014083862,55.2726402282716],[-1.570279002189636,55.2726402282716],[-1.570279002189636,55.27097320556646],[-1.569722056388855,55.27097320556646],[-1.569722056388855,55.27069473266613],[-1.569165945053044,55.27069473266613],[-1.569165945053044,55.269306182861555],[-1.568609952926636,55.269306182861555],[-1.568609952926636,55.26819610595703],[-1.568055987358036,55.26819610595703],[-1.568055987358036,55.26708221435547],[-1.567499995231572,55.26708221435547],[-1.567499995231572,55.265972137451115],[-1.566944003105164,55.265972137451115],[-1.566944003105164,55.26486206054693],[-1.566388010978699,55.26486206054693],[-1.566388010978699,55.263748168945426],[-1.565834045410099,55.263748168945426],[-1.565834045410099,55.26263809204124],[-1.565278053283691,55.26263809204124],[-1.565278053283691,55.26152801513672],[-1.56472194194788,55.26152801513672],[-1.56472194194788,55.260417938232706],[-1.564165949821415,55.260417938232706],[-1.564165949821415,55.25958251953119],[-1.563611984252873,55.25958251953119],[-1.563611984252873,55.25847244262701],[-1.563055992126408,55.25847244262701],[-1.563055992126408,55.257362365722656],[-1.5625,55.257362365722656],[-1.5625,55.25652694702171],[-1.561944007873535,55.25652694702171],[-1.561944007873535,55.25541687011719],[-1.561390042304936,55.25541687011719],[-1.561390042304936,55.254581451416186],[-1.560834050178471,55.254581451416186],[-1.560834050178471,55.25347137451183],[-1.560278058052063,55.25347137451183],[-1.560278058052063,55.25263977050804],[-1.559721946716252,55.25263977050804],[-1.559721946716252,55.25208282470709],[-1.559167981147709,55.25208282470709],[-1.559167981147709,55.251525878906364],[-1.558611989021244,55.251525878906364],[-1.558611989021244,55.250694274902344],[-1.55805599689478,55.250694274902344],[-1.55805599689478,55.25013732910179],[-1.557499051093998,55.25013732910179],[-1.557499051093998,55.24958419799799],[-1.556943058967533,55.24958419799799],[-1.556943058967533,55.249027252197266],[-1.556388974189758,55.249027252197266],[-1.556388974189758,55.24819564819347],[-1.555832982063293,55.24819564819347],[-1.555832982063293,55.24763870239286],[-1.555276989936829,55.24763870239286],[-1.555276989936829,55.24708175659191],[-1.554723024368286,55.24708175659191],[-1.554723024368286,55.24625015258812],[-1.554167032241821,55.24625015258812],[-1.554167032241821,55.245693206787166],[-1.553611040115356,55.245693206787166],[-1.553611040115356,55.2448616027832],[-1.553055047988892,55.2448616027832],[-1.553055047988892,55.24430465698242],[-1.552499055862313,55.24430465698242],[-1.552499055862313,55.24402618408226],[-1.551944971084595,55.24402618408226],[-1.551944971084595,55.24319458007807],[-1.55138897895813,55.24319458007807],[-1.55138897895813,55.242916107177734],[-1.550832986831665,55.242916107177734],[-1.550832986831665,55.242637634277344],[-1.5502769947052,55.242637634277344],[-1.5502769947052,55.24208450317394],[-1.549723029136658,55.24208450317394],[-1.549723029136658,55.24152755737316],[-1.549167037010193,55.24152755737316],[-1.549167037010193,55.24097061157255],[-1.548611044883728,55.24097061157255],[-1.548611044883728,55.24069595336937],[-1.548055052757263,55.24069595336937],[-1.548055052757263,55.24013900756859],[-1.547500967979431,55.24013900756859],[-1.547500967979431,55.239582061767635],[-1.546944975852966,55.239582061767635],[-1.546944975852966,55.23930740356445],[-1.546388983726501,55.23930740356445],[-1.546388983726501,55.23902893066423],[-1.545279026031494,55.23902893066423],[-1.545279026031494,55.23875045776384],[-1.544723033905029,55.23875045776384],[-1.544723033905029,55.23847198486328],[-1.544165968894902,55.23847198486328],[-1.544165968894902,55.23819351196289],[-1.543609976768437,55.23819351196289],[-1.543609976768437,55.2379150390625],[-1.542500019073429,55.2379150390625],[-1.542500019073429,55.23764038085949],[-1.541944026946965,55.23764038085949],[-1.541944026946965,55.23736190795893],[-1.5413880348205,55.23736190795893],[-1.5413880348205,55.23708343505854],[-1.540833950042725,55.23708343505854],[-1.540833950042725,55.236804962158146],[-1.539721965789738,55.236804962158146],[-1.539721965789738,55.23652648925781],[-1.539165973663273,55.23652648925781],[-1.539165973663273,55.236251831054744],[-1.538612008094674,55.236251831054744],[-1.538612008094674,55.235973358154354],[-1.538056015968266,55.235973358154354],[-1.538056015968266,55.23569488525402],[-1.537500023841801,55.23569488525402],[-1.537500023841801,55.23541641235363],[-1.536944031715336,55.23541641235363],[-1.536944031715336,55.23513793945324],[-1.536389946937561,55.23513793945324],[-1.536388039588871,55.23485946655302],[-1.535833954811096,55.23485946655302],[-1.535833954811096,55.23458480834984],[-1.535277962684631,55.23458480834984],[-1.535277962684631,55.234306335449446],[-1.534721970558053,55.234306335449446],[-1.534721970558053,55.234027862549055],[-1.534165978431645,55.234027862549055],[-1.534165978431645,55.233470916748274],[-1.533612012863159,55.233470916748274],[-1.533612012863159,55.23236083984392],[-1.533056020736581,55.23236083984392],[-1.533056020736581,55.23152923584013],[-1.532500028610173,55.23152923584013],[-1.532500028610173,55.230972290039006],[-1.531942963600159,55.230972290039006],[-1.531942963600159,55.230415344238224],[-1.531389951705933,55.230415344238224],[-1.531389951705933,55.22986221313482],[-1.530833959579468,55.22986221313482],[-1.530833959579468,55.22874832153332],[-1.530277013778687,55.22874832153332],[-1.530277013778687,55.227638244629134],[-1.529721021652222,55.227638244629134],[-1.529721021652222,55.22652816772461],[-1.529167056083679,55.22652816772461],[-1.529167056083679,55.22236251831055],[-1.529721021652222,55.22236251831055],[-1.529721021652222,55.219306945800895],[-1.529167056083679,55.219306945800895],[-1.529167056083679,55.21819305419916],[-1.528610944747868,55.21819305419916],[-1.528610944747868,55.21736145019537],[-1.52805495262146,55.21736145019537],[-1.52805495262146,55.216526031494254],[-1.527781963348332,55.216526031494254],[-1.527498960494995,55.216526031494254],[-1.527498960494995,55.215694427490234],[-1.526944994926396,55.215694427490234],[-1.526944994926396,55.21513748168968],[-1.526389002799988,55.21513748168968],[-1.526389002799988,55.21430587768555],[-1.525833010673523,55.21430587768555],[-1.525833010673523,55.213748931884766],[-1.525277018547058,55.213748931884766],[-1.525277018547058,55.21291732788097],[-1.524723052978516,55.21291732788097],[-1.524723052978516,55.21236038208036],[-1.524166941642704,55.21236038208036],[-1.524166941642704,55.21180725097679],[-1.52361094951624,55.21180725097679],[-1.52361094951624,55.21125030517601],[-1.523054957389832,55.21125030517601],[-1.523054957389832,55.21069335937506],[-1.522500991821232,55.21069335937506],[-1.522500991821232,55.210140228271655],[-1.521944999694767,55.210140228271655],[-1.521944999694767,55.2095832824707],[-1.521389007568359,55.2095832824707],[-1.521389007568359,55.20902633667015],[-1.520833015441895,55.20902633667015],[-1.520833015441895,55.20847320556635],[-1.520279049873295,55.20847320556635],[-1.520279049873295,55.207916259765625],[-1.519723057746887,55.207916259765625],[-1.519723057746887,55.207637786865234],[-1.519166946411076,55.207637786865234],[-1.519166946411076,55.20708465576183],[-1.518610954284611,55.20708465576183],[-1.518610954284611,55.20652770996105],[-1.51805400848383,55.20652770996105],[-1.51805400848383,55.20597076416044],[-1.517500996589604,55.20597076416044],[-1.517500996589604,55.20541763305687],[-1.516944050788823,55.20541763305687],[-1.516944050788823,55.20486068725609],[-1.516388058662358,55.20486068725609],[-1.516388058662358,55.204582214355526],[-1.51583194732666,55.204582214355526],[-1.51583194732666,55.204029083252124],[-1.515277981758118,55.204029083252124],[-1.515277981758118,55.20347213745117],[-1.514721989631653,55.20347213745117],[-1.514721989631653,55.20319366455078],[-1.514165997505188,55.20319366455078],[-1.514165997505188,55.20264053344738],[-1.513612031936646,55.20264053344738],[-1.513610005378609,55.20236206054682],[-1.513056039810181,55.20236206054682],[-1.513056039810181,55.2015266418457],[-1.512500047683716,55.2015266418457],[-1.512500047683716,55.20124816894531],[-1.511944055557137,55.20124816894531],[-1.511944055557137,55.200973510742244],[-1.511387944221497,55.200973510742244],[-1.511387944221497,55.20041656494152],[-1.510833978652954,55.20041656494152],[-1.510833978652954,55.19958496093773],[-1.509721994400024,55.19958496093773],[-1.509721994400024,55.199028015136946],[-1.50916600227356,55.199028015136946],[-1.50916600227356,55.198749542236555],[-1.507500052452087,55.198749542236555],[-1.507500052452087,55.198471069336165],[-1.505833983421326,55.198471069336165],[-1.505833983421326,55.198192596435604],[-1.505277991294861,55.198192596435604],[-1.505277991294861,55.19791793823242],[-1.50472104549408,55.19791793823242],[-1.50472104549408,55.1976394653322],[-1.503612041473389,55.1976394653322],[-1.503612041473389,55.19736099243181],[-1.503054976463261,55.19736099243181],[-1.503054976463261,55.195693969726506],[-1.503612041473389,55.195693969726506],[-1.503612041473389,55.19513702392578],[-1.504168033599854,55.19513702392578],[-1.504168033599854,55.1940269470216],[-1.50472104549408,55.1940269470216],[-1.50472104549408,55.19041824340849],[-1.504168033599854,55.19041824340849],[-1.504168033599854,55.189861297607536],[-1.503612041473389,55.189861297607536],[-1.503612041473389,55.189304351806584],[-1.503054976463261,55.189304351806584],[-1.503054976463261,55.18875122070318],[-1.502498984336796,55.18875122070318],[-1.502498984336796,55.1881942749024],[-1.501945018768254,55.1881942749024],[-1.501945018768254,55.187637329101676],[-1.501389026641789,55.187637329101676],[-1.501389026641789,55.18708419799805],[-1.500833034515324,55.18708419799805],[-1.500833034515324,55.186805725097884],[-1.500277042388916,55.186805725097884],[-1.500277042388916,55.18652725219749],[-1.49972295761097,55.18652725219749],[-1.49972295761097,55.18541717529297],[-1.500277042388916,55.18541717529297],[-1.500277042388916,55.18513870239258],[-1.500833034515324,55.18513870239258],[-1.500833034515324,55.18486022949236],[-1.501945018768254,55.18486022949236],[-1.501945018768254,55.18458175659197],[-1.503054976463261,55.18458175659197],[-1.503054976463261,55.184307098388786],[-1.504168033599854,55.184307098388786],[-1.504168033599854,55.18458175659197],[-1.50472104549408,55.18458175659197],[-1.50472104549408,55.18486022949236],[-1.505277991294861,55.18486022949236],[-1.505277991294861,55.18513870239258],[-1.507475018501225,55.18513870239258],[-1.508056044578552,55.18513870239258],[-1.508056044578552,55.18486022949236],[-1.50916600227356,55.18486022949236],[-1.50916600227356,55.18458175659197],[-1.509721994400024,55.18458175659197],[-1.509721994400024,55.184307098388786],[-1.510277986526489,55.184307098388786],[-1.510277986526489,55.184028625488565],[-1.510833978652954,55.184028625488565],[-1.510833978652954,55.183750152588175],[-1.511387944221497,55.183750152588175],[-1.511387944221497,55.183471679687614],[-1.511944055557137,55.183471679687614],[-1.511944055557137,55.18319320678705],[-1.512500047683716,55.18319320678705],[-1.512500047683716,55.18291854858421],[-1.513056039810181,55.18291854858421],[-1.513056039810181,55.18236160278326],[-1.513610005378609,55.18236160278326],[-1.513612031936646,55.18180465698248],[-1.514165997505188,55.18180465698248],[-1.514165997505188,55.180973052978516],[-1.514721989631653,55.180973052978516],[-1.514721989631653,55.17680740356468],[-1.514165997505188,55.17680740356468],[-1.514165997505188,55.17597198486334],[-1.513612031936646,55.17597198486334],[-1.513610005378609,55.17541503906256],[-1.513537049293518,55.17541503906256],[-1.513056039810181,55.17541503906256],[-1.513056039810181,55.174861907958984],[-1.513610005378609,55.174861907958984],[-1.513612031936646,55.1743049621582],[-1.514165997505188,55.1743049621582],[-1.514165997505188,55.17402648925804],[-1.514402985572815,55.17402648925804],[-1.514721989631653,55.17402648925804],[-1.514721989631653,55.17351531982433],[-1.515277981758118,55.17347335815424],[-1.515277981758118,55.17319488525385],[-1.51583194732666,55.17319488525385],[-1.51583194732666,55.172637939453125],[-1.516388058662358,55.172637939453125],[-1.516388058662358,55.172359466552734],[-1.516944050788823,55.172359466552734],[-1.516944050788823,55.17208480834972],[-1.517500996589604,55.17208480834972],[-1.517500996589604,55.17152786254894],[-1.51805400848383,55.17152786254894],[-1.51805400848383,55.17124938964872],[-1.518610954284611,55.17124938964872],[-1.518610954284611,55.17097091674833],[-1.519166946411076,55.17097091674833],[-1.519166946411076,55.17069625854515],[-1.519723057746887,55.17069625854515],[-1.519723057746887,55.17013931274437],[-1.520279049873295,55.17013931274437],[-1.520279049873295,55.169582366943416],[-1.520833015441895,55.169582366943416],[-1.520833015441895,55.16847229003906],[-1.521389007568359,55.16847229003906],[-1.521389007568359,55.16764068603527],[-1.521944999694767,55.16764068603527],[-1.521944999694767,55.16680526733393],[-1.522500991821232,55.16680526733393],[-1.522500991821232,55.1656951904298],[-1.523054957389832,55.1656951904298],[-1.523054957389832,55.16513824462902],[-1.52361094951624,55.16513824462902],[-1.52361094951624,55.16402816772484],[-1.524166941642704,55.16402816772484],[-1.524166941642704,55.163471221924055],[-1.524723052978516,55.163471221924055],[-1.524723052978516,55.16291809082031],[-1.525277018547058,55.16291809082031],[-1.525277018547058,55.16263961792009],[-1.526389002799988,55.16263961792009],[-1.526389002799988,55.16291809082031],[-1.527498960494995,55.16291809082031],[-1.527498960494995,55.163192749023494],[-1.533056020736581,55.163192749023494],[-1.533056020736581,55.16291809082031],[-1.534165978431645,55.16291809082031],[-1.534165978431645,55.16263961792009],[-1.535833954811096,55.16263961792009],[-1.535833954811096,55.1623611450197],[-1.536944031715336,55.1623611450197],[-1.536944031715336,55.16208267211914],[-1.539165973663273,55.16208267211914],[-1.539165973663273,55.16180419921875],[-1.5413880348205,55.16180419921875],[-1.5413880348205,55.16208267211914],[-1.543609976768437,55.16208267211914],[-1.543609976768437,55.1623611450197],[-1.544723033905029,55.1623611450197],[-1.544723033905029,55.16263961792009],[-1.545279026031494,55.16263961792009],[-1.545279026031494,55.16291809082031],[-1.546388983726501,55.16291809082031],[-1.546388983726501,55.163192749023494],[-1.546944975852966,55.163192749023494],[-1.546944975852966,55.163471221924055],[-1.548055052757263,55.163471221924055],[-1.548055052757263,55.163749694824446],[-1.549167037010193,55.163749694824446],[-1.549167037010193,55.16402816772484],[-1.55138897895813,55.16402816772484],[-1.55138897895813,55.16430664062523],[-1.552499055862313,55.16430664062523],[-1.552499055862313,55.16402816772484],[-1.553055047988892,55.16402816772484],[-1.553055047988892,55.16430664062523],[-1.555832982063293,55.16430664062523],[-1.555832982063293,55.16458511352562],[-1.561390042304936,55.16458511352562],[-1.561390042304936,55.1648597717288],[-1.563055992126408,55.1648597717288],[-1.563055992126408,55.16513824462902],[-1.56472194194788,55.16513824462902],[-1.56472194194788,55.16458511352562],[-1.564165949821415,55.16458511352562],[-1.564165949821415,55.16430664062523],[-1.563055992126408,55.16430664062523],[-1.563055992126408,55.163749694824446],[-1.5625,55.163749694824446],[-1.5625,55.163471221924055],[-1.561944007873535,55.163471221924055],[-1.561944007873535,55.163192749023494],[-1.561390042304936,55.163192749023494],[-1.561390042304936,55.16291809082031],[-1.560278058052063,55.16291809082031],[-1.560278058052063,55.16263961792009],[-1.559721946716252,55.16263961792009],[-1.559721946716252,55.1623611450197],[-1.554723024368286,55.1623611450197],[-1.554723024368286,55.16263961792009],[-1.553055047988892,55.16263961792009],[-1.553055047988892,55.16291809082031],[-1.552499055862313,55.16291809082031],[-1.552499055862313,55.16263961792009],[-1.55138897895813,55.16263961792009],[-1.55138897895813,55.1623611450197],[-1.548611044883728,55.1623611450197],[-1.548611044883728,55.16208267211914],[-1.545279026031494,55.16208267211914],[-1.545279026031494,55.16180419921875],[-1.544723033905029,55.16180419921875],[-1.544723033905029,55.16152954101591],[-1.543609976768437,55.16152954101591],[-1.543609976768437,55.16125106811535],[-1.541944026946965,55.16125106811535],[-1.541944026946965,55.16097259521479],[-1.536944031715336,55.16097259521479],[-1.536944031715336,55.16125106811535],[-1.533612012863159,55.16125106811535],[-1.533612012863159,55.16152954101591],[-1.530277013778687,55.16152954101591],[-1.530277013778687,55.16125106811535],[-1.529721021652222,55.16125106811535],[-1.529721021652222,55.16097259521479],[-1.529167056083679,55.16097259521479],[-1.529167056083679,55.160694122314396],[-1.528610944747868,55.160694122314396],[-1.528610944747868,55.160415649414006],[-1.52805495262146,55.160415649414006],[-1.52805495262146,55.16013717651367],[-1.527498960494995,55.16013717651367],[-1.527498960494995,55.159862518310604],[-1.526944994926396,55.159862518310604],[-1.526944994926396,55.15958404541021],[-1.526389002799988,55.15958404541021],[-1.526389002799988,55.15930557250988],[-1.525833010673523,55.15930557250988],[-1.525833010673523,55.15902709960949],[-1.525277018547058,55.15902709960949],[-1.525277018547058,55.158195495605696],[-1.524723052978516,55.158195495605696],[-1.524723052978516,55.157081604004134],[-1.524166941642704,55.157081604004134],[-1.524166941642704,55.15541839599638],[-1.52361094951624,55.15541839599638],[-1.52361094951624,55.15347290039068],[-1.523054957389832,55.15347290039068],[-1.523054957389832,55.15124893188499],[-1.522500991821232,55.15124893188499],[-1.522500991821232,55.15041732788086],[-1.521944999694767,55.15041732788086],[-1.521944999694767,55.149307250976676],[-1.521389007568359,55.149307250976676],[-1.521389007568359,55.148471832275504],[-1.520833015441895,55.148471832275504],[-1.520833015441895,55.14764022827171],[-1.520279049873295,55.14764022827171],[-1.520279049873295,55.146526336670036],[-1.519723057746887,55.146526336670036],[-1.519723057746887,55.145694732666016],[-1.519166946411076,55.145694732666016],[-1.519166946411076,55.14513778686546],[-1.518610954284611,55.14513778686546],[-1.518610954284611,55.14458465576166],[-1.51805400848383,55.14458465576166],[-1.51805400848383,55.14402770996094],[-1.517500996589604,55.14402770996094],[-1.517500996589604,55.14347076416033],[-1.516944050788823,55.14347076416033],[-1.516944050788823,55.142917633056754],[-1.516388058662358,55.142917633056754],[-1.516388058662358,55.142360687256144],[-1.51583194732666,55.142360687256144],[-1.51583194732666,55.14180374145502],[-1.515277981758118,55.14180374145502],[-1.515277981758118,55.14125061035179],[-1.514721989631653,55.14125061035179],[-1.514721989631653,55.14069366455084],[-1.514165997505188,55.14069366455084],[-1.514165997505188,55.14041519165045],[-1.513612031936646,55.14041519165045],[-1.513610005378609,55.139862060546875],[-1.513056039810181,55.139862060546875],[-1.513056039810181,55.139305114746094],[-1.512500047683716,55.139305114746094],[-1.512500047683716,55.13874816894554],[-1.511944055557137,55.13874816894554],[-1.511944055557137,55.13847351074213],[-1.511387944221497,55.13847351074213],[-1.511387944221497,55.13819503784174],[-1.510833978652954,55.13819503784174],[-1.510833978652954,55.137638092041016],[-1.510277986526489,55.137638092041016],[-1.510277986526489,55.137084960937614],[-1.509721994400024,55.137084960937614],[-1.509721994400024,55.13680648803722],[-1.50916600227356,55.13680648803722],[-1.50916600227356,55.13624954223661],[-1.508612036705017,55.13624954223661],[-1.508612036705017,55.13569259643566],[-1.508056044578552,55.13569259643566],[-1.508056044578552,55.13541793823265],[-1.507500052452087,55.13541793823265],[-1.507500052452087,55.13486099243187],[-1.506943941116333,55.13486099243187],[-1.506943941116333,55.13458251953131],[-1.506389975547791,55.13458251953131],[-1.506389975547791,55.134029388427905],[-1.505833983421326,55.134029388427905],[-1.505833983421326,55.13347244262695],[-1.505277991294861,55.13347244262695],[-1.505277991294861,55.13319396972656],[-1.50472104549408,55.13319396972656],[-1.50472104549408,55.13291549682617],[-1.504168033599854,55.13291549682617],[-1.504168033599854,55.1323623657226],[-1.503612041473389,55.1323623657226],[-1.503612041473389,55.13208389282221],[-1.503054976463261,55.13208389282221],[-1.503054976463261,55.13180541992182],[-1.502498984336796,55.13180541992182],[-1.502498984336796,55.131526947021484],[-1.501945018768254,55.131526947021484],[-1.501945018768254,55.131248474121094],[-1.501389026641789,55.131248474121094],[-1.501389026641789,55.13069534301769],[-1.500833034515324,55.13069534301769],[-1.500833034515324,55.1304168701173],[-1.500277042388916,55.1304168701173],[-1.500277042388916,55.13013839721691],[-1.499166965484562,55.13013839721691],[-1.499166965484562,55.12985992431669],[-1.498610973358097,55.12985992431669],[-1.498610973358097,55.12930679321312],[-1.498054981231633,55.12930679321312],[-1.498054981231633,55.12902832031273],[-1.497498989105168,55.12902832031273],[-1.497498989105168,55.128471374511946],[-1.496945023536625,55.128471374511946],[-1.496945023536625,55.12763977050798],[-1.49638903141016,55.12763977050798],[-1.49638903141016,55.12680435180664],[-1.495833039283696,55.12680435180664],[-1.495833039283696,55.12625122070324],[-1.495277047157231,55.12625122070324],[-1.495277047157231,55.125415802001896],[-1.494840979576054,55.125415802001896],[-1.494722962379456,55.125415802001896],[-1.494722962379456,55.12498474121094],[-1.494722962379456,55.124862670898494],[-1.494166970252877,55.124862670898494],[-1.494166970252877,55.12430572509777],[-1.493610978126469,55.12430572509777],[-1.493610978126469,55.12374877929699],[-1.493054986,55.12374877929699],[-1.493054986,55.12319564819359],[-1.492501020431405,55.12319564819359],[-1.492501020431405,55.122638702392805],[-1.491945028304997,55.122638702392805],[-1.491945028304997,55.12097167968767],[-1.492501020431405,55.12097167968767],[-1.492501020431405,55.12152862548828],[-1.493054986,55.12152862548828],[-1.493054986,55.12180709838867],[-1.493610978126469,55.12180709838867],[-1.493610978126469,55.122638702392805],[-1.494076013565007,55.122638702392805],[-1.494166970252877,55.122638702392805],[-1.494202971458435,55.12296676635759],[-1.494228005409184,55.12319564819359],[-1.494722962379456,55.12319564819359],[-1.494722962379456,55.12374877929699],[-1.495277047157231,55.12374877929699],[-1.495277047157231,55.12402725219738],[-1.495833039283696,55.12402725219738],[-1.495833039283696,55.12374877929699],[-1.49638903141016,55.12374877929699],[-1.49638903141016,55.122638702392805],[-1.495833039283696,55.122638702392805],[-1.495833039283696,55.122360229492415],[-1.495277047157231,55.122360229492415],[-1.495277047157231,55.12152862548828],[-1.494722962379456,55.12152862548828],[-1.494722962379456,55.12125015258806],[-1.494166970252877,55.12125015258806],[-1.494166970252877,55.12069320678711],[-1.493610978126469,55.12069320678711],[-1.493610978126469,55.11986160278332],[-1.493309974670353,55.11986160278332],[-1.493054986,55.11986160278332],[-1.493054986,55.119026184081974],[-1.493610978126469,55.119026184081974],[-1.493610978126469,55.11875152587896],[-1.494166970252877,55.11875152587896],[-1.494166970252877,55.11847305297857],[-1.495277047157231,55.11847305297857],[-1.495277047157231,55.11791610717785],[-1.495833039283696,55.11791610717785],[-1.495833039283696,55.11708450317383],[-1.49638903141016,55.11708450317383],[-1.49638903141016,55.116527557373274],[-1.496945023536625,55.116527557373274],[-1.496945023536625,55.11569595336914],[-1.497498989105168,55.11569595336914],[-1.497498989105168,55.11486053466814],[-1.498054981231633,55.11486053466814],[-1.498054981231633,55.11430740356457],[-1.498610973358097,55.11430740356457],[-1.498610973358097,55.11208343505865],[-1.499166965484562,55.11208343505865],[-1.499166965484562,55.10958480834955],[-1.498610973358097,55.10958480834955],[-1.498610973358097,55.107360839844034],[-1.498054981231633,55.107360839844034],[-1.498054981231633,55.10569381713873],[-1.497498989105168,55.10569381713873],[-1.497498989105168,55.104305267333984],[-1.496945023536625,55.104305267333984],[-1.496945023536625,55.10319519042963],[-1.49638903141016,55.10319519042963],[-1.49638903141016,55.102638244628906],[-1.495833039283696,55.102638244628906],[-1.495833039283696,55.102085113525504],[-1.495277047157231,55.102085113525504],[-1.495277047157231,55.10152816772472],[-1.494722962379456,55.10152816772472],[-1.494722962379456,55.10069274902355],[-1.494166970252877,55.10069274902355],[-1.494166970252877,55.09986114501976],[-1.493610978126469,55.09986114501976],[-1.493610978126469,55.0995826721192],[-1.493054986,55.0995826721192],[-1.493054986,55.098751068115405],[-1.492501020431405,55.098751068115405],[-1.492501020431405,55.09819412231445],[-1.491945028304997,55.09819412231445],[-1.491945028304997,55.0976371765139],[-1.491389036178532,55.0976371765139],[-1.491389036178532,55.0970840454101],[-1.490831971168518,55.0970840454101],[-1.490831971168518,55.095973968505916],[-1.490278959274292,55.095973968505916],[-1.490278959274292,55.09569549560558],[-1.489722013473511,55.09569549560558],[-1.489722013473511,55.0951385498048],[-1.489166021347046,55.0951385498048],[-1.489166021347046,55.09458160400419],[-1.488610029220581,55.09458160400419],[-1.488610029220581,55.09402847290062],[-1.488055944442692,55.09402847290062],[-1.488055944442692,55.09347152709984],[-1.487499952316284,55.09347152709984],[-1.487499952316284,55.093193054199276],[-1.486943960189819,55.093193054199276],[-1.486943960189819,55.092639923095874],[-1.486387968063354,55.092639923095874],[-1.486387968063354,55.09208297729492],[-1.485834002494812,55.09208297729492],[-1.485834002494812,55.09180450439453],[-1.485574007034302,55.09180450439453],[-1.485278010368347,55.09180450439453],[-1.485278010368347,55.09125137329113],[-1.484722018241882,55.09125137329113],[-1.484722018241882,55.09097290039057],[-1.484166026115417,55.09097290039057],[-1.484166026115417,55.09041595458979],[-1.483611941337529,55.09041595458979],[-1.483611941337529,55.089862823486385],[-1.483055949211064,55.089862823486385],[-1.483055949211064,55.089584350585994],[-1.482499957084656,55.089584350585994],[-1.482499957084656,55.08902740478527],[-1.481943964958191,55.08902740478527],[-1.481943964958191,55.08847045898466],[-1.481387972831726,55.08847045898466],[-1.481387972831726,55.08791732788109],[-1.480834007263184,55.08791732788109],[-1.480834007263184,55.087638854980696],[-1.480278015136719,55.087638854980696],[-1.480278015136719,55.087360382080305],[-1.479722023010254,55.087360382080305],[-1.479722023010254,55.08680725097656],[-1.479168057441711,55.08680725097656],[-1.479168057441711,55.08652877807617],[-1.4786119461059,55.08652877807617],[-1.4786119461059,55.08625030517595],[-1.478055953979435,55.08625030517595],[-1.478055953979435,55.08597183227556],[-1.477499008178654,55.08597183227556],[-1.477499008178654,55.085693359375],[-1.476943016052189,55.085693359375],[-1.476943016052189,55.08541488647461],[-1.473610997200012,55.08541488647461],[-1.473610997200012,55.085693359375],[-1.471389055251962,55.085693359375],[-1.471389055251962,55.08541488647461],[-1.470832943916321,55.08541488647461],[-1.470832943916321,55.08514022827177],[-1.469722986221313,55.08514022827177],[-1.469722986221313,55.08486175537121],[-1.469166994094849,55.08486175537121],[-1.469166994094849,55.084026336669865],[-1.469722986221313,55.084026336669865],[-1.469722986221313,55.08069610595703],[-1.469166994094849,55.08069610595703],[-1.469166994094849,55.08041763305664],[-1.468055009841805,55.08041763305664],[-1.468055009841805,55.08013916015625],[-1.464722990989685,55.08013916015625],[-1.464722990989685,55.07986068725603],[-1.46416699886322,55.07986068725603],[-1.46416699886322,55.07930374145508],[-1.463610053062439,55.07930374145508],[-1.463610053062439,55.07875061035185],[-1.463057041168213,55.07875061035185],[-1.463057041168213,55.07778930664091],[-1.463057041168213,55.0756950378418],[-1.462499976158085,55.0756950378418],[-1.462499976158085,55.07513809204124],[-1.46194398403162,55.07513809204124],[-1.46194398403162,55.07458496093744],[-1.461387991905212,55.07458496093744],[-1.461387991905212,55.07430648803711],[-1.460278034210148,55.07430648803711],[-1.460278034210148,55.07402801513672],[-1.459166049957275,55.07402801513672],[-1.459166049957275,55.07374954223633],[-1.458610057830811,55.07374954223633],[-1.458610057830811,55.07347106933611],[-1.458055973052922,55.07347106933611],[-1.458055973052922,55.07319259643572],[-1.457499980926457,55.07319259643572],[-1.457499980926457,55.07069396972662],[-1.456943988799992,55.07069396972662],[-1.456943988799992,55.070137023925895],[-1.454121947288513,55.070137023925895],[-1.453055977821293,55.070137023925895],[-1.453055977821293,55.069862365722656],[-1.452499985694828,55.069862365722656],[-1.452499985694828,55.069583892822266],[-1.451943993568364,55.069583892822266],[-1.451943993568364,55.066528320312614],[-1.452499985694828,55.066528320312614],[-1.452499985694828,55.066249847412394],[-1.453055977821293,55.066249847412394],[-1.453055977821293,55.065971374512],[-1.453611969947701,55.065971374512],[-1.453611969947701,55.06569290161144],[-1.454166054725647,55.06569290161144],[-1.45416796207428,55.06541824340843],[-1.454722046852055,55.06541824340843],[-1.454722046852055,55.06513977050804],[-1.45527803897852,55.06513977050804],[-1.45527803897852,55.06402587890631],[-1.454722046852055,55.06402587890631],[-1.454722046852055,55.061527252197266],[-1.45416796207428,55.061527252197266],[-1.454166054725647,55.06069564819347],[-1.453611969947701,55.06069564819347],[-1.453611969947701,55.05847167968773],[-1.453055977821293,55.05847167968773],[-1.453055977821293,55.057640075683764],[-1.452788949012756,55.057640075683764],[-1.452499985694828,55.057640075683764],[-1.452499985694828,55.05652618408203],[-1.451943993568364,55.05652618408203],[-1.451943993568364,55.05541610717768],[-1.451390027999821,55.05541610717768],[-1.451390027999821,55.054862976074276],[-1.450834035873356,55.054862976074276],[-1.450834035873356,55.05430603027355],[-1.450276970863342,55.05430603027355],[-1.450276970863342,55.05374908447277],[-1.449720978736877,55.05374908447277],[-1.449720978736877,55.05291748046898],[-1.449167966842651,55.05291748046898],[-1.449167966842651,55.052360534668196],[-1.44861102104187,55.052360534668196],[-1.44861102104187,55.05180740356445],[-1.448055028915405,55.05180740356445],[-1.448055028915405,55.05125045776384],[-1.44749903678894,55.05125045776384],[-1.44749903678894,55.05069351196289],[-1.446944952011108,55.05069351196289],[-1.446944952011108,55.05014038085966],[-1.446388959884644,55.05014038085966],[-1.446388959884644,55.04958343505854],[-1.445832967758179,55.04958343505854],[-1.445832967758179,55.049026489257756],[-1.445276975631714,55.049026489257756],[-1.445276975631714,55.048473358154354],[-1.444723010063171,55.048473358154354],[-1.444723010063171,55.04791641235363],[-1.444167017936707,55.04791641235363],[-1.444167017936707,55.04735946655285],[-1.443611025810242,55.04735946655285],[-1.443611025810242,55.046806335449446],[-1.443055033683777,55.046806335449446],[-1.443055033683777,55.046249389648665],[-1.442500948905888,55.046249389648665],[-1.442500948905888,55.04569625854492],[-1.44194495677948,55.04569625854492],[-1.44194495677948,55.04513931274414],[-1.441388964653015,55.04513931274414],[-1.441388964653015,55.04486083984392],[-1.44083297252655,55.04486083984392],[-1.44083297252655,55.04458236694353],[-1.440279006958008,55.04458236694353],[-1.440279006958008,55.04430389404297],[-1.439723014831543,55.04430389404297],[-1.439723014831543,55.04402923584013],[-1.439167022705078,55.04402923584013],[-1.439167022705078,55.04375076293974],[-1.438611030578613,55.04375076293974],[-1.438611030578613,55.043472290039176],[-1.43750095367426,55.043472290039176],[-1.43750095367426,55.043193817138615],[-1.436944961547795,55.043193817138615],[-1.436944961547795,55.042915344238224],[-1.436388015747013,55.042915344238224],[-1.436388015747013,55.042640686035384],[-1.435832023620549,55.042640686035384],[-1.435832023620549,55.04236221313482],[-1.435278058052006,55.04236221313482],[-1.435278058052006,55.04208374023443],[-1.434721946716309,55.04208374023443],[-1.434721946716309,55.04180526733404],[-1.433609962463322,55.04180526733404],[-1.433609962463322,55.04152679443371],[-1.433055996894836,55.04152679443371],[-1.433055996894836,55.04124832153332],[-1.43194401264185,55.04124832153332],[-1.43194401264185,55.04097366333008],[-1.431388020515385,55.04097366333008],[-1.431388020515385,55.04069519042969],[-1.430277943611145,55.04069519042969],[-1.430277943611145,55.03985977172874],[-1.430834054946786,55.03985977172874],[-1.430834054946786,55.039585113525334],[-1.430277943611145,55.039585113525334],[-1.430277943611145,55.039306640625],[-1.42972195148468,55.039306640625],[-1.42972195148468,55.03874969482422],[-1.429165959358102,55.03874969482422],[-1.429165959358102,55.038471221924],[-1.428611993789673,55.038471221924],[-1.428611993789673,55.03819274902361],[-1.428056001663208,55.03819274902361],[-1.428056001663208,55.037361145019815],[-1.428611993789673,55.037361145019815],[-1.428611993789673,55.03625106811546],[-1.429165959358102,55.03625106811546],[-1.429165959358102,55.03541564941412],[-1.42972195148468,55.03541564941412],[-1.42972195148468,55.03486251831055],[-1.430277943611145,55.03486251831055],[-1.430277943611145,55.034305572509766],[-1.430834054946786,55.034305572509766],[-1.430834054946786,55.033485412597884],[-1.430834054946786,55.03319549560541],[-1.430492043495178,55.03319549560541],[-1.430277943611145,55.03319549560541],[-1.430277943611145,55.03301620483404],[-1.430277943611145,55.03208160400408],[-1.42972195148468,55.03208160400408],[-1.42972195148468,55.030971527099894],[-1.429258942604008,55.030971527099894],[-1.429165959358102,55.030971527099894],[-1.429165959358102,55.03074645996111],[-1.429165959358102,55.02986145019554],[-1.428802967071476,55.02986145019554],[-1.428611993789673,55.02986145019554],[-1.428611993789673,55.0293922424317],[-1.428611993789673,55.02930450439459],[-1.428056001663208,55.02930450439459],[-1.428056001663208,55.028472900390625],[-1.427500009536629,55.028472900390625],[-1.427500009536629,55.027915954589844],[-1.426944017410221,55.027915954589844],[-1.426944017410221,55.026527404785156],[-1.426390051841736,55.026527404785156],[-1.426390051841736,55.0240287780764],[-1.425833940505981,55.0240287780764],[-1.425833940505981,55.02375030517601],[-1.425277948379517,55.02375030517601],[-1.425277948379517,55.02347183227562],[-1.424167990684509,55.02347183227562],[-1.424167990684509,55.02319335937506],[-1.423611998558044,55.02319335937506],[-1.423611998558044,55.022914886474666],[-1.420276999473572,55.022914886474666],[-1.420276999473572,55.0220832824707],[-1.419721007347107,55.0220832824707],[-1.419721007347107,55.02041625976557],[-1.420276999473572,55.02041625976557],[-1.420276999473572,55.01902770996105],[-1.419721007347107,55.01902770996105],[-1.419721007347107,55.01847076416044],[-1.415277004241943,55.01847076416044],[-1.415277004241943,55.01763916015648],[-1.414723038673344,55.01763916015648],[-1.414723038673344,55.01736068725609],[-1.414167046546879,55.01736068725609],[-1.414167046546879,55.017082214355696],[-1.413611054420471,55.017082214355696],[-1.413611054420471,55.016803741455135],[-1.41305494308466,55.016803741455135],[-1.41305494308466,55.01652908325195],[-1.409723043441716,55.01652908325195],[-1.409723043441716,55.01625061035173],[-1.409165978431702,55.01625061035173],[-1.409165978431702,55.01597213745134],[-1.408056974410897,55.01597213745134],[-1.408056974410897,55.01569366455078],[-1.406388044357186,55.01569366455078],[-1.406388044357186,55.01541519165039],[-1.405277967453003,55.01541519165039],[-1.405277967453003,55.01514053344755],[-1.404165983200073,55.01514053344755],[-1.404165983200073,55.01486206054699],[-1.403612017631531,55.01486206054699],[-1.403612017631531,55.01430511474604],[-1.404721975326538,55.01430511474604],[-1.404721975326538,55.01458358764643],[-1.406388044357186,55.01458358764643],[-1.406388044357186,55.01486206054699],[-1.408056974410897,55.01486206054699],[-1.408056974410897,55.01514053344755],[-1.41027903556818,55.01514053344755],[-1.41027903556818,55.01541519165039],[-1.411388993263188,55.01541519165039],[-1.411388993263188,55.01569366455078],[-1.411944985389653,55.01569366455078],[-1.411944985389653,55.01597213745134],[-1.415277004241943,55.01597213745134],[-1.415277004241943,55.01569366455078],[-1.415832996368351,55.01569366455078],[-1.415832996368351,55.01486206054699],[-1.416388988494816,55.01486206054699],[-1.416388988494816,55.01458358764643],[-1.416944980621281,55.01458358764643],[-1.416944980621281,55.014026641845646],[-1.417500972747746,55.014026641845646],[-1.417500972747746,55.01374816894531],[-1.4186110496521,55.01374816894531],[-1.4186110496521,55.013473510742244],[-1.422085046768132,55.013473510742244],[-1.429165959358102,55.013473510742244],[-1.429165959358102,55.013195037841854],[-1.42972195148468,55.013195037841854],[-1.42972195148468,55.01263809204113],[-1.430277943611145,55.01263809204113],[-1.430277943611145,55.011528015136946],[-1.430834054946786,55.011528015136946],[-1.430834054946786,55.00930404663086],[-1.431388020515385,55.00930404663086],[-1.431388020515385,55.00902938842802],[-1.430834054946786,55.00902938842802],[-1.430834054946786,55.00847244262707],[-1.430277943611145,55.00847244262707],[-1.430277943611145,55.007637023925724],[-1.42972195148468,55.007637023925724],[-1.42972195148468,55.00736236572271],[-1.427500009536629,55.00736236572271],[-1.427500009536629,55.007637023925724],[-1.425833940505981,55.007637023925724],[-1.425833940505981,55.00736236572271],[-1.425277948379517,55.00736236572271],[-1.425277948379517,55.005416870117415],[-1.424721956253052,55.005416870117415],[-1.424721956253052,55.00458145141624],[-1.424167990684509,55.00458145141624],[-1.424167990684509,55.00430679321289],[-1.423611998558044,55.00430679321289],[-1.423611998558044,55.0040283203125],[-1.423055052757263,55.0040283203125],[-1.423055052757263,55.00374984741211],[-1.422498941421509,55.00374984741211],[-1.422498941421509,55.0031929016115],[-1.421942949295044,55.0031929016115],[-1.421942949295044,55.00291824340832],[-1.420832991600037,55.00291824340832],[-1.420832991600037,55.0026397705081],[-1.419721007347107,55.0026397705081],[-1.419721007347107,55.00291824340832],[-1.419167041778564,55.00291824340832],[-1.419167041778564,55.00347137451189],[-1.4186110496521,55.00347137451189],[-1.4186110496521,55.0040283203125],[-1.417243957519531,55.0040283203125],[-1.416944980621281,55.0040283203125],[-1.416944980621281,55.00430679321289],[-1.416388988494816,55.00430679321289],[-1.416388988494816,55.00458145141624],[-1.415832996368351,55.00458145141624],[-1.415832996368351,55.005138397217024],[-1.415277004241943,55.005138397217024],[-1.415277004241943,55.005416870117415],[-1.414723038673344,55.005416870117415],[-1.414723038673344,55.00597381591797],[-1.414167046546879,55.00597381591797],[-1.414167046546879,55.00624847412121],[-1.413611054420471,55.00624847412121],[-1.413611054420471,55.0065269470216],[-1.41305494308466,55.0065269470216],[-1.41305494308466,55.00708389282232],[-1.412500977516117,55.00708389282232],[-1.412500977516117,55.007637023925724],[-1.411944985389653,55.007637023925724],[-1.411944985389653,55.007915496826115],[-1.411388993263188,55.007915496826115],[-1.411388993263188,55.008193969726506],[-1.410832047462407,55.008193969726506],[-1.410832047462407,55.00847244262707],[-1.409723043441716,55.00847244262707],[-1.409723043441716,55.00875091552763],[-1.407500028610229,55.00875091552763],[-1.407500028610229,55.00847244262707],[-1.408056974410897,55.00847244262707],[-1.408056974410897,55.007915496826115],[-1.408609986305237,55.007915496826115],[-1.408609986305237,55.007637023925724],[-1.409165978431702,55.007637023925724],[-1.409165978431702,55.00736236572271],[-1.409723043441716,55.00736236572271],[-1.409723043441716,55.00708389282232],[-1.41027903556818,55.00708389282232],[-1.41027903556818,55.00680541992193],[-1.410832047462407,55.00680541992193],[-1.410832047462407,55.0065269470216],[-1.411388993263188,55.0065269470216],[-1.411388993263188,55.00624847412121],[-1.411944985389653,55.00624847412121],[-1.411944985389653,55.00597381591797],[-1.412500977516117,55.00597381591797],[-1.412500977516117,55.00569534301758],[-1.41305494308466,55.00569534301758],[-1.41305494308466,55.005416870117415],[-1.413611054420471,55.005416870117415],[-1.413611054420471,55.004859924316634],[-1.414167046546879,55.004859924316634],[-1.414167046546879,55.004585266113224],[-1.414723038673344,55.00458145141624],[-1.414723038673344,55.00430679321289],[-1.415277004241943,55.00430679321289],[-1.415277004241943,55.00374984741211],[-1.415832996368351,55.00374984741211],[-1.415832996368351,55.00302505493164],[-1.415832996368351,55.00291824340832],[-1.415681958198547,55.00291824340832],[-1.415277004241943,55.00291824340832],[-1.415277004241943,55.002632141113395],[-1.415277004241943,55.0006942749024],[-1.414723038673344,55.0006942749024],[-1.414723038673344,55.00041580200201],[-1.414167046546879,55.00041580200201],[-1.414167046546879,54.99986267089844],[-1.414167046546879,54.99958419799805],[-1.412500977516117,54.99958419799805],[-1.412500977516117,54.999305725097656],[-1.411944985389653,54.999305725097656],[-1.411944985389653,54.9987487792971],[-1.411388993263188,54.9987487792971],[-1.411388993263188,54.99791717529297],[-1.410832047462407,54.99791717529297],[-1.410832047462407,54.99763870239258],[-1.41027903556818,54.99763870239258],[-1.41027903556818,54.99736022949219],[-1.409165978431702,54.99736022949219],[-1.409165978431702,54.996528625488395],[-1.408609986305237,54.996528625488395],[-1.408609986305237,54.995971679687784],[-1.408056974410897,54.995971679687784],[-1.408056974410897,54.99569320678722],[-1.406944036483765,54.99569320678722],[-1.406944036483765,54.99541854858421],[-1.406388044357186,54.99541473388666],[-1.406388044357186,54.99514007568382],[-1.405833959579468,54.99514007568382],[-1.405833959579468,54.99430465698248],[-1.404721975326538,54.99430465698248],[-1.404721975326538,54.99402618408209],[-1.404165983200073,54.99402618408209],[-1.404165983200073,54.99375152587908],[-1.402791976928711,54.99375152587908],[-1.400277972221375,54.99375152587908],[-1.400277972221375,54.993194580078125],[-1.39972198009491,54.993194580078125],[-1.39972198009491,54.99263763427757],[-1.399165987968445,54.99263763427757],[-1.399165987968445,54.99236297607416],[-1.398612022399902,54.99236297607416],[-1.398612022399902,54.99208450317377],[-1.395833015441838,54.99208450317377],[-1.395833015441838,54.99180603027338],[-1.393610954284554,54.99180603027338],[-1.393610954284554,54.990695953369254],[-1.393054962158146,54.990695953369254],[-1.393054962158146,54.98958206176786],[-1.392498970031681,54.98958206176786],[-1.392498970031681,54.98930740356468],[-1.391945004463082,54.98930740356468],[-1.391945004463082,54.98902893066429],[-1.388054966926518,54.98902893066429],[-1.388054966926518,54.98847198486351],[-1.386945009231454,54.98847198486351],[-1.386945009231454,54.98819351196295],[-1.385833024978581,54.98819351196295],[-1.385833024978581,54.98791503906256],[-1.385279059409982,54.98791503906256],[-1.385277032852116,54.987640380859546],[-1.384722948074341,54.987640380859546],[-1.384722948074341,54.987361907959155],[-1.384166955947876,54.987361907959155],[-1.384166955947876,54.987083435058594],[-1.383056998252869,54.987083435058594],[-1.383056998252869,54.9868049621582],[-1.380277991294861,54.9868049621582],[-1.380277991294861,54.9862518310548],[-1.379721999168396,54.9862518310548],[-1.379721999168396,54.98597335815424],[-1.379166007041931,54.98597335815424],[-1.379166007041931,54.984584808349666],[-1.379721999168396,54.984584808349666],[-1.379721999168396,54.98402786254894],[-1.380277991294861,54.98402786254894],[-1.380277991294861,54.981803894043026],[-1.380835056304932,54.981803894043026],[-1.380835056304932,54.98014068603544],[-1.380277991294861,54.98014068603544],[-1.380277991294861,54.97986221313488],[-1.379721999168396,54.97986221313488],[-1.379721999168396,54.97958374023432],[-1.379166007041931,54.97958374023432],[-1.379166007041931,54.97902679443354],[-1.378612041473389,54.97902679443354],[-1.378610014915466,54.9787483215332],[-1.378056049346924,54.9787483215332],[-1.378056049346924,54.978195190429744],[-1.377500057220459,54.978195190429744],[-1.377500057220459,54.97791671752941],[-1.376943945884648,54.97791671752941],[-1.376943945884648,54.97763824462902],[-1.374166011810303,54.97763824462902],[-1.374166011810303,54.97735977172863],[-1.373612046241703,54.97735977172863],[-1.373612046241703,54.97708511352539],[-1.373056054115295,54.97708511352539],[-1.373056054115295,54.97652816772484],[-1.371943950653019,54.97652816772484],[-1.371943950653019,54.976249694824446],[-1.371553000840147,54.976249694824446],[-1.371389985084477,54.97585809223528],[-1.371389985084477,54.975692749023665],[-1.371321156253077,54.975692749023665],[-1.359181074964277,54.946529388427734],[-1.359722971916199,54.946529388427734],[-1.359722971916199,54.946250915527514],[-1.360277056693917,54.946250915527514],[-1.360277056693917,54.94569396972656],[-1.360833048820496,54.94569396972656],[-1.360833048820496,54.94541549682617],[-1.361049056053105,54.94541549682617],[-1.36138904094696,54.94541549682617],[-1.36138904094696,54.94513702392578],[-1.361945033073425,54.94513702392578],[-1.361945033073425,54.94486236572277],[-1.363054990768433,54.94486236572277],[-1.363054990768433,54.94458389282221],[-1.363610982894897,54.94458389282221],[-1.363610982894897,54.94430541992182],[-1.364166975021362,54.94430541992182],[-1.364166975021362,54.943195343017635],[-1.364722967147827,54.943195343017635],[-1.364722967147827,54.94263839721691],[-1.365277051925602,54.94263839721691],[-1.365277051925602,54.940692901611555],[-1.36583304405201,54.940692901611555],[-1.36583304405201,54.9395828247072],[-1.366389036178589,54.9395828247072],[-1.366389036178589,54.9390296936038],[-1.366945028305054,54.93902587890625],[-1.366945028305054,54.93847274780285],[-1.367498993873483,54.93847274780285],[-1.367498993873483,54.93597412109375],[-1.368054986000061,54.93597412109375],[-1.368054986000061,54.934860229492415],[-1.367498993873483,54.934860229492415],[-1.367498993873483,54.93402862548828],[-1.366945028305054,54.93402862548828],[-1.366945028305054,54.93375015258789],[-1.367498993873483,54.93375015258789],[-1.367498993873483,54.93319320678728],[-1.366945028305054,54.93319320678728],[-1.366945028305054,54.93236160278349],[-1.366389036178589,54.93236160278349],[-1.366389036178589,54.932083129882926],[-1.365277051925602,54.932083129882926],[-1.365277051925602,54.931804656982365],[-1.364722967147827,54.931804656982365],[-1.364722967147827,54.93069458007818],[-1.364166975021362,54.93069458007818],[-1.364166975021362,54.92986297607422],[-1.363868951797485,54.92986297607422],[-1.363610982894897,54.92986297607422],[-1.363610982894897,54.92958450317383],[-1.36391901969904,54.92958450317383],[-1.364166975021362,54.92958450317383],[-1.364166975021362,54.92930603027344],[-1.36583304405201,54.92930603027344],[-1.36583304405201,54.929027557373274],[-1.366389036178589,54.929027557373274],[-1.366389036178589,54.928749084472884],[-1.366945028305054,54.928749084472884],[-1.366945028305054,54.92763900756836],[-1.366389036178589,54.92763900756836],[-1.366389036178589,54.92708206176775],[-1.36583304405201,54.92708206176775],[-1.36583304405201,54.925693511963004],[-1.365277051925602,54.925693511963004],[-1.365277051925602,54.92486190795921],[-1.36583304405201,54.92486190795921],[-1.36583304405201,54.923194885253906],[-1.3646479845047,54.923194885253906],[-1.364166975021362,54.923194885253906],[-1.364166975021362,54.9234733581543],[-1.358610987663269,54.9234733581543],[-1.358610987663269,54.923194885253906],[-1.356387972831669,54.923194885253906],[-1.356387972831669,54.922916412353516],[-1.355278968811035,54.922916412353516],[-1.355278968811035,54.92263793945335],[-1.354166030883732,54.92263793945335],[-1.354166030883732,54.92235946655296],[-1.353610038757324,54.92235946655296],[-1.353610038757324,54.92208480834955],[-1.352499961852971,54.92208480834955],[-1.352499961852971,54.92180633544916],[-1.351943969726506,54.92180633544916],[-1.351943969726506,54.92152786254883],[-1.351387977600041,54.92152786254883],[-1.351387977600041,54.92124938964844],[-1.350834012031498,54.92124938964844],[-1.350834012031498,54.92097091674805],[-1.352499961852971,54.92097091674805],[-1.352499961852971,54.92124938964844],[-1.353610038757324,54.92124938964844],[-1.353610038757324,54.92152786254883],[-1.354166030883732,54.92152786254883],[-1.354166030883732,54.92180633544916],[-1.355278968811035,54.92180633544916],[-1.355278968811035,54.92208480834955],[-1.356387972831669,54.92208480834955],[-1.356387972831669,54.92235946655296],[-1.358610987663269,54.92235946655296],[-1.358610987663269,54.92263793945335],[-1.364166975021362,54.92263793945335],[-1.364166975021362,54.92235946655296],[-1.364722967147827,54.92235946655296],[-1.364722967147827,54.92208480834955],[-1.364166975021362,54.92208480834955],[-1.364166975021362,54.92124938964844],[-1.363610982894897,54.92124938964844],[-1.363610982894897,54.920417785644645],[-1.363054990768433,54.920417785644645],[-1.363054990768433,54.919860839844034],[-1.36250102519989,54.919860839844034],[-1.362498998641968,54.91875076293968],[-1.361945033073425,54.91875076293968],[-1.361945033073425,54.91819381713873],[-1.36138904094696,54.91819381713873],[-1.36138904094696,54.91764068603533],[-1.361945033073425,54.91764068603533],[-1.361945033073425,54.917083740234375],[-1.36138904094696,54.917083740234375],[-1.36138904094696,54.917362213134936],[-1.360833048820496,54.917362213134936],[-1.360833048820496,54.916805267333984],[-1.360277056693917,54.916805267333984],[-1.360277056693917,54.91597366333002],[-1.359722971916199,54.91597366333002],[-1.359722971916199,54.915138244628906],[-1.360277056693917,54.915138244628906],[-1.360277056693917,54.91458511352545],[-1.359722971916199,54.91458511352545],[-1.359722971916199,54.914306640625114],[-1.358610987663269,54.914306640625114],[-1.358610987663269,54.91458511352545],[-1.357501029968262,54.91458511352545],[-1.357501029968262,54.914772033691406],[-1.357501029968262,54.914859771728516],[-1.356387972831669,54.914859771728516],[-1.356387972831669,54.915138244628906],[-1.355278968811035,54.915138244628906],[-1.355278968811035,54.91569519042963],[-1.354722023010197,54.91569519042963],[-1.354722023010197,54.91624832153343],[-1.354166030883732,54.91624832153343],[-1.354166030883732,54.916805267333984],[-1.353610038757324,54.916805267333984],[-1.353610038757324,54.91764068603533],[-1.353055953979379,54.91764068603533],[-1.353055953979379,54.91819381713873],[-1.352499961852971,54.91819381713873],[-1.352499961852971,54.91902923584007],[-1.351387977600041,54.91902923584007],[-1.351387977600041,54.91930389404308],[-1.350834012031498,54.91930389404308],[-1.350834012031498,54.91819381713873],[-1.351387977600041,54.91819381713873],[-1.351387977600041,54.91764068603533],[-1.351943969726506,54.91764068603533],[-1.351943969726506,54.916805267333984],[-1.352499961852971,54.916805267333984],[-1.352499961852971,54.91624832153343],[-1.353055953979379,54.91624832153343],[-1.353055953979379,54.91569519042963],[-1.353610038757324,54.91569519042963],[-1.353610038757324,54.915138244628906],[-1.354166030883732,54.915138244628906],[-1.354166030883732,54.914859771728516],[-1.354722023010197,54.914859771728516],[-1.354722023010197,54.91458511352545],[-1.355278968811035,54.91458511352545],[-1.355278968811035,54.914306640625114],[-1.355831980705204,54.914306640625114],[-1.355831980705204,54.91374969482433],[-1.356387972831669,54.91374969482433],[-1.356387972831669,54.91347122192411],[-1.356945037841797,54.91347122192411],[-1.356945037841797,54.91319274902372],[-1.357501029968262,54.91319274902372],[-1.357501029968262,54.91208267211937],[-1.356945037841797,54.91208267211937],[-1.356945037841797,54.91180419921881],[-1.356387972831669,54.91180419921881],[-1.356387972831669,54.911251068115405],[-1.355831980705204,54.911251068115405],[-1.355831980705204,54.910972595215014],[-1.354722023010197,54.910972595215014],[-1.354722023010197,54.91069412231445],[-1.354166030883732,54.91069412231445],[-1.354166030883732,54.91041564941406],[-1.35380399227131,54.91041564941406],[-1.353610038757324,54.91041564941406],[-1.353610038757324,54.910186767578125],[-1.353610038757324,54.908473968505916],[-1.353055953979379,54.908473968505916],[-1.353055953979379,54.90791702270519],[-1.352594017982369,54.90791702270519],[-1.352499961852971,54.90791702270519],[-1.352499961852971,54.9076385498048],[-1.351943969726506,54.9076385498048],[-1.351943969726506,54.90708160400419],[-1.351387977600041,54.90708160400419],[-1.351387977600041,54.90680694580101],[-1.350834012031498,54.90680694580101],[-1.350834012031498,54.905418395996094],[-1.351387977600041,54.905418395996094],[-1.351387977600041,54.90486145019548],[-1.351943969726506,54.90486145019548],[-1.351943969726506,54.90430450439453],[-1.352499961852971,54.90430450439453],[-1.352499961852971,54.9037513732913],[-1.353003978729248,54.9037513732913],[-1.353610038757324,54.9037513732913],[-1.353610038757324,54.90347290039074],[-1.354166030883732,54.90347290039074],[-1.354166030883732,54.90319442749018],[-1.354722023010197,54.90319442749018],[-1.354722023010197,54.90291595458979],[-1.355278968811035,54.90291595458979],[-1.355278968811035,54.902637481689396],[-1.355831980705204,54.902637481689396],[-1.355831980705204,54.902084350585994],[-1.356387972831669,54.902084350585994],[-1.356387972831669,54.901805877685604],[-1.356945037841797,54.901805877685604],[-1.356945037841797,54.90097045898449],[-1.357501029968262,54.90097045898449],[-1.357501029968262,54.90069580078125],[-1.358057022094727,54.90069580078125],[-1.358057022094727,54.90041732788109],[-1.358610987663269,54.90041732788109],[-1.358610987663269,54.900138854980696],[-1.359166979789734,54.900138854980696],[-1.359166979789734,54.899860382080305],[-1.359722971916199,54.899860382080305],[-1.359722971916199,54.89847183227556],[-1.360277056693917,54.89847183227556],[-1.360277056693917,54.89791488647461],[-1.360833048820496,54.89791488647461],[-1.360833048820496,54.89736175537138],[-1.360277056693917,54.89736175537138],[-1.360277056693917,54.896804809570256],[-1.359722971916199,54.896804809570256],[-1.359722971916199,54.89485931396496],[-1.359166979789734,54.89485931396496],[-1.359166979789734,54.893196105956974],[-1.359722971916199,54.893196105956974],[-1.359722971916199,54.89291763305664],[-1.360277056693917,54.89291763305664],[-1.360277056693917,54.89263916015625],[-1.359722971916199,54.89263916015625],[-1.359722971916199,54.89208221435564],[-1.360277056693917,54.89208221435564],[-1.360277056693917,54.89125061035185],[-1.360833048820496,54.89125061035185],[-1.360833048820496,54.890972137451456],[-1.360277056693917,54.890972137451456],[-1.360277056693917,54.89014053344749],[-1.359722971916199,54.89014053344749],[-1.359722971916199,54.88930511474615],[-1.359166979789734,54.88930511474615],[-1.359166979789734,54.8881950378418],[-1.358610987663269,54.8881950378418],[-1.358610987663269,54.88735961914085],[-1.358057022094727,54.88735961914085],[-1.358057022094727,54.88708496093744],[-1.358610987663269,54.88708496093744],[-1.358610987663269,54.88652801513672],[-1.358057022094727,54.88652801513672],[-1.358057022094727,54.88624954223633],[-1.357501029968262,54.88624954223633],[-1.357501029968262,54.88597106933594],[-1.356945037841797,54.88597106933594],[-1.356945037841797,54.885417938232536],[-1.356387972831669,54.885417938232536],[-1.356387972831669,54.885139465332145],[-1.356945037841797,54.885139465332145],[-1.356945037841797,54.884860992431925],[-1.357501029968262,54.884860992431925],[-1.357501029968262,54.88319396972662],[-1.356945037841797,54.88319396972662],[-1.356945037841797,54.88291549682623],[-1.356387972831669,54.88291549682623],[-1.356387972831669,54.88263702392584],[-1.355278968811035,54.88263702392584],[-1.355278968811035,54.882083892822266],[-1.354722023010197,54.882083892822266],[-1.354722023010197,54.88124847412132],[-1.354166030883732,54.88124847412132],[-1.354166030883732,54.88069534301752],[-1.353610038757324,54.88069534301752],[-1.353610038757324,54.87958526611334],[-1.354166030883732,54.879581451416016],[-1.354166030883732,54.87874984741222],[-1.354722023010197,54.87874984741222],[-1.354722023010197,54.87791824340843],[-1.355278968811035,54.87791824340843],[-1.355278968811035,54.87708282470726],[-1.354722023010197,54.87708282470726],[-1.354722023010197,54.87652587890631],[-1.354166030883732,54.87652587890631],[-1.354166030883732,54.875972747802905],[-1.354722023010197,54.875972747802905],[-1.354722023010197,54.875694274902344],[-1.355278968811035,54.875694274902344],[-1.355278968811035,54.87513732910156],[-1.354722023010197,54.87513732910156],[-1.354722023010197,54.87291717529308],[-1.354166030883732,54.87291717529308],[-1.354166030883732,54.8723602294923],[-1.353610038757324,54.8723602294923],[-1.353610038757324,54.8718070983889],[-1.353055953979379,54.8718070983889],[-1.353055953979379,54.87125015258812],[-1.352499961852971,54.87125015258812],[-1.352499961852971,54.869861602783374],[-1.351943969726506,54.869861602783374],[-1.351943969726506,54.86963653564476],[-1.351943969726506,54.86875152587919],[-1.351387977600041,54.86875152587919],[-1.351387977600041,54.86819458007807],[-1.350834012031498,54.86819458007807],[-1.350834012031498,54.86763763427729],[-1.350278019905033,54.86763763427729],[-1.350278019905033,54.86652755737316],[-1.349722027778569,54.86652755737316],[-1.349722027778569,54.86624908447277],[-1.349166035652104,54.86624908447277],[-1.349166035652104,54.86597061157238],[-1.348611950874329,54.86597061157238],[-1.348611950874329,54.86541748046898],[-1.34805595874775,54.86541748046898],[-1.34805595874775,54.864860534668196],[-1.347499966621342,54.864860534668196],[-1.347499966621342,54.86402893066406],[-1.346943974494877,54.86402893066406],[-1.346943974494877,54.86347198486345],[-1.347499966621342,54.86347198486345],[-1.347499966621342,54.85958480834961],[-1.346943974494877,54.85958480834961],[-1.346943974494877,54.858196258544865],[-1.346390008926278,54.858196258544865],[-1.346390008926278,54.85791778564453],[-1.34583401679987,54.85791778564453],[-1.34583401679987,54.85597229003935],[-1.345278024673405,54.85597229003935],[-1.345278024673405,54.85458374023443],[-1.34472203254694,54.85458374023443],[-1.34472203254694,54.85402679443365],[-1.344167947769165,54.85402679443365],[-1.344167947769165,54.85319519042969],[-1.3436119556427,54.85319519042969],[-1.3436119556427,54.85235977172874],[-1.342499017715454,54.85235977172874],[-1.342499017715454,54.852085113525334],[-1.341946005821228,54.852085113525334],[-1.341946005821228,54.85180664062494],[-1.341390013694763,54.85180664062494],[-1.341390013694763,54.85124969482422],[-1.340832948684692,54.85124969482422],[-1.340832948684692,54.849861145019815],[-1.341946005821228,54.849861145019815],[-1.341946005821228,54.849582672119425],[-1.342499017715454,54.849582672119425],[-1.342499017715454,54.849304199218864],[-1.341946005821228,54.849304199218864],[-1.341946005821228,54.84902954101585],[-1.341390013694763,54.84902954101585],[-1.341390013694763,54.84875106811546],[-1.340832948684692,54.84875106811546],[-1.340832948684692,54.84847259521507],[-1.340276956558228,54.84847259521507],[-1.340276956558228,54.84819412231451],[-1.338611006736755,54.84819412231451],[-1.338611006736755,54.84791564941412],[-1.338055014610291,54.84791564941412],[-1.338055014610291,54.847084045410156],[-1.33916699886322,54.847084045410156],[-1.33916699886322,54.846805572509766],[-1.338611006736755,54.846805572509766],[-1.338611006736755,54.846527099609375],[-1.338055014610291,54.846527099609375],[-1.338055014610291,54.84624862670921],[-1.337499022483826,54.84624862670921],[-1.337499022483826,54.84569549560541],[-1.336945056915283,54.84569549560541],[-1.336945056915283,54.84513854980469],[-1.336388945579472,54.84513854980469],[-1.336388945579472,54.844581604003906],[-1.335832953453064,54.844581604003906],[-1.335832953453064,54.844306945800895],[-1.335276961326599,54.844306945800895],[-1.335276961326599,54.8431930541995],[-1.334722995758,54.8431930541995],[-1.334722995758,54.84291839599632],[-1.334167003631592,54.84291839599632],[-1.334167003631592,54.84263992309593],[-1.33250105381012,54.84263992309593],[-1.33250105381012,54.84291839599632],[-1.330278992652836,54.84291839599632],[-1.330278992652836,54.84236145019554],[-1.329723000526371,54.84236145019554],[-1.329723000526371,54.84180450439459],[-1.32916605472559,54.84180450439459],[-1.32916605472559,54.8415260314942],[-1.328984022140503,54.8415260314942],[-1.328609943389779,54.8415260314942],[-1.328609943389779,54.84085083007818],[-1.328609943389779,54.83986282348644],[-1.328060984611511,54.83986282348644],[-1.328057050704899,54.83958435058588],[-1.327906012535095,54.83958435058588],[-1.327499985694885,54.83958435058588],[-1.327499985694885,54.83930587768549],[-1.326943993568307,54.83930587768549],[-1.326943993568307,54.8390274047851],[-1.327499985694885,54.8390274047851],[-1.327499985694885,54.83885192871094],[-1.327499985694885,54.838748931884766],[-1.326943993568307,54.838748931884766],[-1.326943993568307,54.838470458984375],[-1.326388001441899,54.838470458984375],[-1.326388001441899,54.83819580078131],[-1.325834035873413,54.83819580078131],[-1.325832009315434,54.83763885498058],[-1.325278043746835,54.83763885498058],[-1.325278043746835,54.83736038208019],[-1.324722051620427,54.83736038208019],[-1.324722051620427,54.8365287780764],[-1.324166059493962,54.8365287780764],[-1.324166059493962,54.83625030517601],[-1.324722051620427,54.83625030517601],[-1.324722051620427,54.83597183227562],[-1.324166059493962,54.83597183227562],[-1.324166059493962,54.83569335937523],[-1.323609948158264,54.83569335937523],[-1.323609948158264,54.834861755371264],[-1.324166059493962,54.834861755371264],[-1.324166059493962,54.834583282470874],[-1.323609948158264,54.834583282470874],[-1.323609948158264,54.83430480957031],[-1.324166059493962,54.83430480957031],[-1.324166059493962,54.83347320556652],[-1.324514985084534,54.83347320556652],[-1.324722051620427,54.83347320556652],[-1.324722051620427,54.832084655761776],[-1.324166059493962,54.832084655761776],[-1.324166059493962,54.83124923706066],[-1.323609948158264,54.83124923706066],[-1.323609948158264,54.83041763305687],[-1.323055982589722,54.83041763305687],[-1.323055982589722,54.82875061035156],[-1.322499990463257,54.82875061035156],[-1.322499990463257,54.826526641845646],[-1.321943998336792,54.826526641845646],[-1.321943998336792,54.826248168945256],[-1.32139003276825,54.826248168945256],[-1.32139003276825,54.825695037841854],[-1.320834040641785,54.825695037841854],[-1.320834040641785,54.82541656494146],[-1.320042967796326,54.82541656494146],[-1.319722056388741,54.82541656494146],[-1.319722056388741,54.82513809204113],[-1.318611979484558,54.82513809204113],[-1.318611979484558,54.82430648803711],[-1.318055987358093,54.82430648803711],[-1.318055987358093,54.823749542236555],[-1.318611979484558,54.823749542236555],[-1.318611979484558,54.82291793823242],[-1.319165945053101,54.82291793823242],[-1.319165945053101,54.82208251953142],[-1.319722056388741,54.82208251953142],[-1.319722056388741,54.82180404663103],[-1.319165945053101,54.82180404663103],[-1.319165945053101,54.82125091552763],[-1.319722056388741,54.82125091552763],[-1.319722056388741,54.820415496826115],[-1.32027804851532,54.820415496826115],[-1.32027804851532,54.819862365722884],[-1.319722056388741,54.819862365722884],[-1.319722056388741,54.81902694702154],[-1.319165945053101,54.81902694702154],[-1.319165945053101,54.81847381591797],[-1.318611979484558,54.81847381591797],[-1.318611979484558,54.817359924316634],[-1.318055987358093,54.817359924316634],[-1.318055987358093,54.8165283203125],[-1.317499995231628,54.8165283203125],[-1.317499995231628,54.81597137451172],[-1.316943049430847,54.81597137451172],[-1.316943049430847,54.8156929016115],[-1.316390037536621,54.8156929016115],[-1.316390037536621,54.814582824707315],[-1.315834045410156,54.814582824707315],[-1.315834045410156,54.814304351806754],[-1.314720988273621,54.814304351806754],[-1.314720988273621,54.81402587890619],[-1.314167976379395,54.81402587890619],[-1.314167976379395,54.81347274780296],[-1.313611030578556,54.81347274780296],[-1.313611030578556,54.8131942749024],[-1.313055038452148,54.8131942749024],[-1.313055038452148,54.81291580200201],[-1.312499046325684,54.81291580200201],[-1.312499046325684,54.8112487792971],[-1.311944961547795,54.8112487792971],[-1.311944961547795,54.81041717529291],[-1.31138896942133,54.81041717529291],[-1.31138896942133,54.80986022949219],[-1.310832977294865,54.80986022949219],[-1.310832977294865,54.80764007568382],[-1.31138896942133,54.80764007568382],[-1.31138896942133,54.80625152587908],[-1.310832977294865,54.80625152587908],[-1.310832977294865,54.805416107177734],[-1.3102769851684,54.805416107177734],[-1.3102769851684,54.80458450317377],[-1.310832977294865,54.80458450317377],[-1.310832977294865,54.8031959533692],[-1.3102769851684,54.8031959533692],[-1.3102769851684,54.80152893066429],[-1.310832977294865,54.80152893066429],[-1.310832977294865,54.80097198486351],[-1.31138896942133,54.80097198486351],[-1.31138896942133,54.80041503906256],[-1.310832977294865,54.80041503906256],[-1.310832977294865,54.800140380859375],[-1.3102769851684,54.800140380859375],[-1.3102769851684,54.799861907959155],[-1.309167027473393,54.799861907959155],[-1.309167027473393,54.799583435058764],[-1.308611035346928,54.799583435058764],[-1.308611035346928,54.797084808349666],[-1.309167027473393,54.797084808349666],[-1.309167027473393,54.796806335449276],[-1.309723019599858,54.796806335449276],[-1.309723019599858,54.794029235839844],[-1.3102769851684,54.794029235839844],[-1.3102769851684,54.78958511352539],[-1.309723019599858,54.78958511352539],[-1.309723019599858,54.788192749023665],[-1.309167027473393,54.788192749023665],[-1.309167027473393,54.78763961791992],[-1.308611035346928,54.78763961791992],[-1.308611035346928,54.78736114501953],[-1.30805504322052,54.78736114501953],[-1.30805504322052,54.78708267211931],[-1.307500958442574,54.78708267211931],[-1.307500958442574,54.78458404541021],[-1.30805504322052,54.78458404541021],[-1.30805504322052,54.7837486267091],[-1.308611035346928,54.7837486267091],[-1.308611035346928,54.78291702270508],[-1.309167027473393,54.78291702270508],[-1.309167027473393,54.782081604004134],[-1.308611035346928,54.782081604004134],[-1.308611035346928,54.781806945800724],[-1.30805504322052,54.781806945800724],[-1.30805504322052,54.78125],[-1.307500958442574,54.78125],[-1.307500958442574,54.78069305419939],[-1.306944966316166,54.78069305419939],[-1.306944966316166,54.78041839599621],[-1.306388974189701,54.78041839599621],[-1.306388974189701,54.7798614501956],[-1.306944966316166,54.7798614501956],[-1.306944966316166,54.779304504394645],[-1.306388974189701,54.779304504394645],[-1.306388974189701,54.77763748168951],[-1.305832982063237,54.77763748168951],[-1.305832982063237,54.7773628234865],[-1.305279016494694,54.7773628234865],[-1.305279016494694,54.77680587768555],[-1.304723024368229,54.77680587768555],[-1.304723024368229,54.77569580078119],[-1.304371953010559,54.77569580078119],[-1.304167032241764,54.77569580078119],[-1.304167032241764,54.77486038208008],[-1.3036110401153,54.77486038208008],[-1.3036110401153,54.774028778076286],[-1.303056955337524,54.774028778076286],[-1.303053975105286,54.773471832275675],[-1.30250096321106,54.773471832275675],[-1.30250096321106,54.773193359375284],[-1.301944971084481,54.773193359375284],[-1.301944971084481,54.77291488647472],[-1.30250096321106,54.77291488647472],[-1.30250096321106,54.77264022827171],[-1.301944971084481,54.77264022827171],[-1.301944971084481,54.77208328247093],[-1.301388025283813,54.77208328247093],[-1.301388025283813,54.77097320556658],[-1.300832033157349,54.77097320556658],[-1.300832033157349,54.770416259765625],[-1.300277948379517,54.770416259765625],[-1.300277948379517,54.76985931396507],[-1.299721956253052,54.76985931396507],[-1.299721956253052,54.76958465576166],[-1.299165964126587,54.76958465576166],[-1.299165964126587,54.76930618286127],[-1.299721956253052,54.76930618286127],[-1.299721956253052,54.76874923706055],[-1.299165964126587,54.76874923706055],[-1.299165964126587,54.768470764160156],[-1.298609972000122,54.768470764160156],[-1.298609972000122,54.76736068725597],[-1.29805600643158,54.76736068725597],[-1.29805600643158,54.76680374145536],[-1.297500014305115,54.76680374145536],[-1.297500014305115,54.76625061035179],[-1.29694402217865,54.76625061035179],[-1.29694402217865,54.76569366455101],[-1.296388030052185,54.76569366455101],[-1.296388030052185,54.76410293579113],[-1.296388030052185,54.7640266418457],[-1.296303987503052,54.7640266418457],[-1.295277953147888,54.7640266418457],[-1.295277953147888,54.76374816894531],[-1.294721961021423,54.76374816894531],[-1.294721961021423,54.76319503784174],[-1.294165968894958,54.76319503784174],[-1.294165968894958,54.76291656494135],[-1.293612003326416,54.76291656494135],[-1.293612003326416,54.76263809204096],[-1.292500019073486,54.76263809204096],[-1.292500019073486,54.762359619140625],[-1.291389942169133,54.762359619140625],[-1.291389942169133,54.76124954223644],[-1.290833950042668,54.76124954223644],[-1.290833950042668,54.76069259643583],[-1.29027795791626,54.76069259643583],[-1.29027795791626,54.76041793823265],[-1.289721012115422,54.76041793823265],[-1.289721012115422,54.76013946533226],[-1.289168000221196,54.76013946533226],[-1.289168000221196,54.75958251953148],[-1.288612008094788,54.75958251953148],[-1.288612008094788,54.75819396972673],[-1.288054943084603,54.75819396972673],[-1.288054943084603,54.75791549682617],[-1.287498950958195,54.75791549682617],[-1.287498950958195,54.75763702392578],[-1.286388993263131,54.75763702392578],[-1.286388993263131,54.75680541992182],[-1.285833001136723,54.75680541992182],[-1.285833001136723,54.75624847412104],[-1.285277009010258,54.75624847412104],[-1.285277009010258,54.755973815918026],[-1.284167051315251,54.755973815918026],[-1.284167051315251,54.755416870117244],[-1.283611059188786,54.755416870117244],[-1.283611059188786,54.75513839721691],[-1.283054947853088,54.75513839721691],[-1.283054947853088,54.75485992431652],[-1.281944990158081,54.75485992431652],[-1.281944990158081,54.75430679321289],[-1.281388998031616,54.75430679321289],[-1.281388998031616,54.75402832031273],[-1.280833005905038,54.75402832031273],[-1.280833005905038,54.75374984741234],[-1.28027701377863,54.75374984741234],[-1.28027701377863,54.753471374511946],[-1.279723048210144,54.753471374511946],[-1.279723048210144,54.753192901611555],[-1.279167056083566,54.753192901611555],[-1.279167056083566,54.7529182434082],[-1.278610944747925,54.7529182434082],[-1.278610944747925,54.75263977050781],[-1.279167056083566,54.75263977050781],[-1.279167056083566,54.7520828247072],[-1.278610944747925,54.7520828247072],[-1.278610944747925,54.75152587890625],[-1.277500987052917,54.75152587890625],[-1.277500987052917,54.75069427490246],[-1.276944994926453,54.75069427490246],[-1.276944994926453,54.749862670898665],[-1.276389002799988,54.749862670898665],[-1.276389002799988,54.749584197998104],[-1.27527904510498,54.749584197998104],[-1.27527904510498,54.74874877929699],[-1.274723052978516,54.74874877929699],[-1.274723052978516,54.74847412109375],[-1.274165987968445,54.7484703063966],[-1.274165987968445,54.74819564819336],[-1.27360999584198,54.74819564819336],[-1.27360999584198,54.74791717529297],[-1.272500038146973,54.74791717529297],[-1.272500038146973,54.747638702392805],[-1.271944046020508,54.747638702392805],[-1.271944046020508,54.747360229492415],[-1.270833969116154,54.747360229492415],[-1.270833969116154,54.747081756592024],[-1.269721984863224,54.747081756592024],[-1.269721984863224,54.746807098388615],[-1.269165992736816,54.746807098388615],[-1.269165992736816,54.74652862548828],[-1.268612027168217,54.74652862548828],[-1.268612027168217,54.7454185485841],[-1.268056035041752,54.74541473388689],[-1.268056035041752,54.74514007568371],[-1.267500042915344,54.74514007568371],[-1.267500042915344,54.744304656982536],[-1.266944050788879,54.744304656982536],[-1.266944050788879,54.744026184081974],[-1.266389966010991,54.744026184081974],[-1.266389966010991,54.743751525879134],[-1.265833973884526,54.743751525879134],[-1.265833973884526,54.743141174316406],[-1.265833973884526,54.74208450317383],[-1.265277981758061,54.74208450317383],[-1.265277981758061,54.74180603027344],[-1.264721989631596,54.74180603027344],[-1.264721989631596,54.741249084472884],[-1.264165997505131,54.741249084472884],[-1.264165997505131,54.74097061157249],[-1.263612031936589,54.74097061157249],[-1.263612031936589,54.740695953369084],[-1.263056039810124,54.740695953369084],[-1.263056039810124,54.73958206176758],[-1.262500047683659,54.73958206176758],[-1.262500047683659,54.738471984863565],[-1.261945962905884,54.738471984863565],[-1.261945962905884,54.738193511963175],[-1.261389970779305,54.738193511963175],[-1.261389970779305,54.737915039062614],[-1.260833024978638,54.737915039062614],[-1.260833024978638,54.7376403808596],[-1.260277032852173,54.7376403808596],[-1.260277032852173,54.73708343505882],[-1.259742021560612,54.73708343505882],[-1.259721040725594,54.73680496215826],[-1.259521007537785,54.73680496215826],[-1.259166955947876,54.73680496215826],[-1.259166955947876,54.73652648925787],[-1.258610963821411,54.73652648925787],[-1.258610963821411,54.73597335815447],[-1.258054971694946,54.73597335815447],[-1.258054971694946,54.735694885253906],[-1.257498979568481,54.735694885253906],[-1.257498979568481,54.735137939453125],[-1.256945013999939,54.735137939453125],[-1.256945013999939,54.73485946655296],[-1.256389021873474,54.73485946655296],[-1.256389021873474,54.73458480834955],[-1.255833029747009,54.73458480834955],[-1.255833029747009,54.73430633544916],[-1.255277037620544,54.73430633544916],[-1.255277037620544,54.73402786254877],[-1.255833029747009,54.73402786254877],[-1.255833029747009,54.732917785644645],[-1.254166960716248,54.732917785644645],[-1.254166960716248,54.732639312744254],[-1.253610968589783,54.732639312744254],[-1.253610968589783,54.732082366943644],[-1.253054976463318,54.732082366943644],[-1.253054976463318,54.73180389404325],[-1.252501010894775,54.73180389404325],[-1.252501010894775,54.73152923584007],[-1.253054976463318,54.73152923584007],[-1.253054976463318,54.73097229003929],[-1.252501010894775,54.73097229003929],[-1.252501010894775,54.73041534423834],[-1.251945018768311,54.73041534423834],[-1.251945018768311,54.730140686035156],[-1.251389026641846,54.730140686035156],[-1.251389026641846,54.729862213134936],[-1.250833034515381,54.729862213134936],[-1.250833034515381,54.729583740234546],[-1.250278949737492,54.729583740234546],[-1.250278949737492,54.729305267333984],[-1.249722957611084,54.729305267333984],[-1.249722957611084,54.7287483215332],[-1.249166965484619,54.7287483215332],[-1.249166965484619,54.72847366333019],[-1.248610019683781,54.72847366333019],[-1.248610019683781,54.72791671752924],[-1.248054027557373,54.72791671752924],[-1.248054027557373,54.727359771728516],[-1.247501015663147,54.727359771728516],[-1.247501015663147,54.72652816772472],[-1.246943950653019,54.72652816772472],[-1.246943950653019,54.72624969482433],[-1.246387958526554,54.72624969482433],[-1.246387958526554,54.72569274902372],[-1.245833992957955,54.72569274902372],[-1.245833992957955,54.72541809082054],[-1.24530100822443,54.72541809082054],[-1.245278000831547,54.72486114501976],[-1.244722008705082,54.72486114501976],[-1.244722008705082,54.72458267211937],[-1.244166016578617,54.72458267211937],[-1.244166016578617,54.724029541015625],[-1.243612051010075,54.724029541015625],[-1.243610024452153,54.723751068115234],[-1.24305605888361,54.723751068115234],[-1.24305605888361,54.723472595215014],[-1.242499947547913,54.723472595215014],[-1.242499947547913,54.723194122314624],[-1.241943955421334,54.723194122314624],[-1.241943955421334,54.72263717651367],[-1.241387963294926,54.72263717651367],[-1.241387963294926,54.72236251831083],[-1.24083399772644,54.72236251831083],[-1.24083399772644,54.72208404541027],[-1.240278005599862,54.72208404541027],[-1.240278005599862,54.72152709960932],[-1.239722013473454,54.72152709960932],[-1.239722013473454,54.720973968505916],[-1.239166021346989,54.720973968505916],[-1.239166021346989,54.720695495605526],[-1.23861205577839,54.720695495605526],[-1.23861205577839,54.720417022705135],[-1.238055944442749,54.720417022705135],[-1.238055944442749,54.72020339965843],[-1.237866997718697,54.72018051147484],[-1.237499952316284,54.7201385498048],[-1.237499952316284,54.7200088500976],[-1.237499952316284,54.71986007690441],[-1.23707103729248,54.71986007690441],[-1.236943960189706,54.71986007690441],[-1.236943960189706,54.71958160400402],[-1.236389994621277,54.71958160400402],[-1.236389994621277,54.71930694580078],[-1.235834002494812,54.71930694580078],[-1.235834002494812,54.71902847290062],[-1.235278010368233,54.71902847290062],[-1.235278010368233,54.71875000000023],[-1.234720945358276,54.71875000000023],[-1.234720945358276,54.71847152709984],[-1.23416805267334,54.71847152709984],[-1.23416805267334,54.718193054199446],[-1.233610987663269,54.718193054199446],[-1.233610987663269,54.717918395996094],[-1.233054995536804,54.717918395996094],[-1.233054995536804,54.7176399230957],[-1.232499003410339,54.7176399230957],[-1.232499003410339,54.71736145019531],[-1.231945037841797,54.71736145019531],[-1.231945037841797,54.71708297729509],[-1.231389045715332,54.71708297729509],[-1.231389045715332,54.7168045043947],[-1.230833053588867,54.7168045043947],[-1.230833053588867,54.71652603149414],[-1.230276942253113,54.71652603149414],[-1.230276942253113,54.7162513732913],[-1.229722976684513,54.7162513732913],[-1.229722976684513,54.71597290039091],[-1.229166984558049,54.71597290039091],[-1.229166984558049,54.71569442749035],[-1.228610992431641,54.71569442749035],[-1.228610992431641,54.71541595458979],[-1.228055000305176,54.71541595458979],[-1.228055000305176,54.715137481689396],[-1.227501034736576,54.715137481689396],[-1.227499008178711,54.714862823486555],[-1.226945042610168,54.714862823486555],[-1.226945042610168,54.714584350585994],[-1.226389050483704,54.714584350585994],[-1.226389050483704,54.714305877685604],[-1.225833058357239,54.714305877685604],[-1.225833058357239,54.71402740478521],[-1.224722981452885,54.71402740478521],[-1.224722981452885,54.71374893188488],[-1.222501039504948,54.71374893188488],[-1.222501039504948,54.71347045898449],[-1.221945047378483,54.71347045898449],[-1.221945047378483,54.71319580078125],[-1.220834970474129,54.71319580078125],[-1.220831990241891,54.71291732788086],[-1.220278978347721,54.71291732788086],[-1.220278978347721,54.712638854980696],[-1.219722032546997,54.712638854980696],[-1.219722032546997,54.712360382080305],[-1.218610048294011,54.712360382080305],[-1.218610048294011,54.711807250976506],[-1.218055963516235,54.711807250976506],[-1.218055963516235,54.71152877807617],[-1.217499971389771,54.71152877807617],[-1.217499971389771,54.71125030517578],[-1.216387987136841,54.71125030517578],[-1.216387987136841,54.71097183227539],[-1.215278029441833,54.71097183227539],[-1.215278029441833,54.71069335937517],[-1.214722037315369,54.71069335937517],[-1.214722037315369,54.71041488647478],[-1.213611960411072,54.71041488647478],[-1.213611960411072,54.7101402282716],[-1.212499976158142,54.7101402282716],[-1.212499976158142,54.70986175537138],[-1.211943984031677,54.70986175537138],[-1.211943984031677,54.70958328247099],[-1.211390018463135,54.70958328247099],[-1.211390018463135,54.709304809570426],[-1.21083402633667,54.709304809570426],[-1.21083402633667,54.709026336669865],[-1.210278034210205,54.709026336669865],[-1.210278034210205,54.708751678467024],[-1.209167957305908,54.708751678467024],[-1.209167957305908,54.708473205566634],[-1.208611965179443,54.708473205566634],[-1.208611965179443,54.70819473266607],[-1.207499027252197,54.70819473266607],[-1.207499027252197,54.70791625976568],[-1.206946015357971,54.70791625976568],[-1.206946015357971,54.70763778686529],[-1.206388950347844,54.70763778686529],[-1.206388950347844,54.70735931396496],[-1.205276966094914,54.70735931396496],[-1.205276966094914,54.70708465576172],[-1.204167008399907,54.70708465576172],[-1.204167008399907,54.70680618286133],[-1.203611016273442,54.70680618286133],[-1.203611016273442,54.70652770996094],[-1.201388955116158,54.70652770996094],[-1.201388955116158,54.706249237060774],[-1.200276970863285,54.706249237060774],[-1.200276970863285,54.705970764160384],[-1.199723005294686,54.705970764160384],[-1.199723005294686,54.705696105956974],[-1.199167013168278,54.705696105956974],[-1.199167013168278,54.705417633056584],[-1.198611021041813,54.705417633056584],[-1.198611021041813,54.70513916015625],[-1.19638895988453,54.70513916015625],[-1.19638895988453,54.70486068725586],[-1.195832967758122,54.70486068725586],[-1.195832967758122,54.70458221435547],[-1.195279002189636,54.70458221435547],[-1.195279002189636,54.70430374145525],[-1.194723010063058,54.70430374145525],[-1.194723010063058,54.70402908325207],[-1.193609952926636,54.70402908325207],[-1.193609952926636,54.703750610351676],[-1.192499995231628,54.703750610351676],[-1.192499995231628,54.703472137451456],[-1.191944003105164,54.703472137451456],[-1.191944003105164,54.703193664551065],[-1.190834045410156,54.703193664551065],[-1.190834045410156,54.702915191650504],[-1.189721941947937,54.702915191650504],[-1.189721941947937,54.7023620605471],[-1.189165949821472,54.7023620605471],[-1.189165949821472,54.70208358764671],[-1.188055992126465,54.70208358764671],[-1.188055992126465,54.70180511474615],[-1.1875,54.70180511474615],[-1.1875,54.70152664184576],[-1.186390042304993,54.70152664184576],[-1.186390042304993,54.70124816894537],[-1.184167981147709,54.70124816894537],[-1.184167981147709,54.70097351074236],[-1.182716012001038,54.70097351074236],[-1.182500004768372,54.70097351074236],[-1.182500004768372,54.70089721679716],[-1.182500004768372,54.7006950378418],[-1.181943058967533,54.7006950378418],[-1.181943058967533,54.700416564941406],[-1.181112051010132,54.700416564941406],[-1.180276989936715,54.700416564941406],[-1.180276989936715,54.700138092041016],[-1.179720997810307,54.700138092041016],[-1.179720997810307,54.69993209838867],[-1.179720997810307,54.69985961914085],[-1.179509043693486,54.69985961914085],[-1.179167032241821,54.69985961914085],[-1.179167032241821,54.69974136352539],[-1.179167032241821,54.69958496093744],[-1.178717970848027,54.69958496093744],[-1.178611040115243,54.69958496093744],[-1.178611040115243,54.69930648803705],[-1.178055047988835,54.69930648803705],[-1.178055047988835,54.69874954223633],[-1.17749905586237,54.69874954223633],[-1.17749905586237,54.69847106933594],[-1.176944971084595,54.69847106933594],[-1.176944971084595,54.697917938232536],[-1.17638897895813,54.697917938232536],[-1.17638897895813,54.697360992431754],[-1.175832986831665,54.697360992431754],[-1.175832986831665,54.69597244262718],[-1.17638897895813,54.69597244262718],[-1.17638897895813,54.69513702392584],[-1.176944971084595,54.69513702392584],[-1.176944971084595,54.694583892822436],[-1.17749905586237,54.694583892822436],[-1.17749905586237,54.694026947021484],[-1.178055047988835,54.694026947021484],[-1.178055047988835,54.693748474121094],[-1.178611040115243,54.693748474121094],[-1.178611040115243,54.69347381591808],[-1.180276989936715,54.69347381591808],[-1.180276989936715,54.69319534301752],[-1.185278058052063,54.69319534301752],[-1.185278058052063,54.693748474121094],[-1.185834050178528,54.693748474121094],[-1.185834050178528,54.694026947021484],[-1.185278058052063,54.694026947021484],[-1.185278058052063,54.694305419921875],[-1.184721946716252,54.694305419921875],[-1.184721946716252,54.694583892822436],[-1.185278058052063,54.694583892822436],[-1.185278058052063,54.69486236572283],[-1.186390042304993,54.69486236572283],[-1.186390042304993,54.69513702392584],[-1.1875,54.69513702392584],[-1.1875,54.69541549682623],[-1.189165949821472,54.69541549682623],[-1.189165949821472,54.69625091552757],[-1.189721941947937,54.69625091552757],[-1.189721941947937,54.696804046631144],[-1.190278053283691,54.696804046631144],[-1.190278053283691,54.697082519531534],[-1.189721941947937,54.697082519531534],[-1.189721941947937,54.697360992431754],[-1.190278053283691,54.697360992431754],[-1.190278053283691,54.697639465332145],[-1.189721941947937,54.697639465332145],[-1.189721941947937,54.69819259643555],[-1.190278053283691,54.69819259643555],[-1.190278053283691,54.69874954223633],[-1.190834045410156,54.69874954223633],[-1.190834045410156,54.69902801513666],[-1.191944003105164,54.69902801513666],[-1.191944003105164,54.69930648803705],[-1.192499995231628,54.69930648803705],[-1.192499995231628,54.69958496093744],[-1.193609952926636,54.69958496093744],[-1.193609952926636,54.69930648803705],[-1.194165945053101,54.69930648803705],[-1.194165945053101,54.69847106933594],[-1.194723010063058,54.69847106933594],[-1.194723010063058,54.69819259643555],[-1.194165945053101,54.69819259643555],[-1.194165945053101,54.697917938232536],[-1.19305694103241,54.697917938232536],[-1.19305694103241,54.697082519531534],[-1.192499995231628,54.697082519531534],[-1.192499995231628,54.69652938842796],[-1.191944003105164,54.69652938842796],[-1.191944003105164,54.69597244262718],[-1.191388010978699,54.69597244262718],[-1.191388010978699,54.69569396972679],[-1.190834045410156,54.69569396972679],[-1.190834045410156,54.69541549682623],[-1.190278053283691,54.69541549682623],[-1.190278053283691,54.69486236572283],[-1.189721941947937,54.69486236572283],[-1.189721941947937,54.694583892822436],[-1.190278053283691,54.694583892822436],[-1.190278053283691,54.694305419921875],[-1.190834045410156,54.694305419921875],[-1.190834045410156,54.69291687011713],[-1.191944003105164,54.69291687011713],[-1.191944003105164,54.69263839721674],[-1.193609952926636,54.69263839721674],[-1.193609952926636,54.692359924316406],[-1.194723010063058,54.692359924316406],[-1.194723010063058,54.69208526611334],[-1.19638895988453,54.692081451416016],[-1.19638895988453,54.69180679321295],[-1.197500944137573,54.69180679321295],[-1.197500944137573,54.69097137451183],[-1.196944952011108,54.69097137451183],[-1.196944952011108,54.68958282470726],[-1.19638895988453,54.68958282470726],[-1.19638895988453,54.68930435180687],[-1.195832967758122,54.68930435180687],[-1.195832967758122,54.68902587890631],[-1.195279002189636,54.68902587890631],[-1.195279002189636,54.688751220703125],[-1.194165945053101,54.688751220703125],[-1.194165945053101,54.688194274902514],[-1.193609952926636,54.688194274902514],[-1.193609952926636,54.68791580200195],[-1.19305694103241,54.68791580200195],[-1.19305694103241,54.68763732910156],[-1.193609952926636,54.68763732910156],[-1.193609952926636,54.68736267089872],[-1.194165945053101,54.68736267089872],[-1.194165945053101,54.6868057250976],[-1.194723010063058,54.6868057250976],[-1.194723010063058,54.68624877929682],[-1.195279002189636,54.68624877929682],[-1.195279002189636,54.68597412109381],[-1.195832967758122,54.68597412109381],[-1.195832967758122,54.685695648193416],[-1.196944952011108,54.685695648193416],[-1.196944952011108,54.685417175293026],[-1.197500944137573,54.685417175293026],[-1.197500944137573,54.68513870239269],[-1.198055028915348,54.68513870239269],[-1.198055028915348,54.6848602294923],[-1.198611021041813,54.6848602294923],[-1.198611021041813,54.68458175659191],[-1.198055028915348,54.68458175659191],[-1.198055028915348,54.68430709838867],[-1.198611021041813,54.68430709838867],[-1.198611021041813,54.68013763427729],[-1.198055028915348,54.68013763427729],[-1.198055028915348,54.679306030273494],[-1.197500944137573,54.679306030273494],[-1.197500944137573,54.67763900756859],[-1.196944952011108,54.67763900756859],[-1.196944952011108,54.677360534668196],[-1.19638895988453,54.677360534668196],[-1.19638895988453,54.677082061767805],[-1.195832967758122,54.677082061767805],[-1.195832967758122,54.67541503906267],[-1.195279002189636,54.67541503906267],[-1.195279002189636,54.67486190795927],[-1.194723010063058,54.67486190795927],[-1.194723010063058,54.67458343505888],[-1.194165945053101,54.67458343505888],[-1.194165945053101,54.674026489257756],[-1.19305694103241,54.674026489257756],[-1.19305694103241,54.673473358154524],[-1.192499995231628,54.673473358154524],[-1.192499995231628,54.67291641235357],[-1.191944003105164,54.67291641235357],[-1.191944003105164,54.67263793945318],[-1.191388010978699,54.67263793945318],[-1.191388010978699,54.671249389648665],[-1.190834045410156,54.671249389648665],[-1.190834045410156,54.670970916748274],[-1.190278053283691,54.670970916748274],[-1.190278053283691,54.670417785644474],[-1.189721941947937,54.670417785644474],[-1.189721941947937,54.66986083984375],[-1.190278053283691,54.66986083984375],[-1.190278053283691,54.66958236694336],[-1.189721941947937,54.66958236694336],[-1.189721941947937,54.66875076293957],[-1.189165949821472,54.66875076293957],[-1.189165949821472,54.668193817138956],[-1.188609957695007,54.668193817138956],[-1.188609957695007,54.66736221313499],[-1.188055992126465,54.66736221313499],[-1.188055992126465,54.6670837402346],[-1.1875,54.6670837402346],[-1.1875,54.66652679443365],[-1.186944007873535,54.66652679443365],[-1.186944007873535,54.66569519042969],[-1.1875,54.66569519042969],[-1.1875,54.66430664062494],[-1.186944007873535,54.66430664062494],[-1.186944007873535,54.66374969482422],[-1.186390042304993,54.66374969482422],[-1.186390042304993,54.66319274902344],[-1.185834050178528,54.66319274902344],[-1.185834050178528,54.662361145019645],[-1.185278058052063,54.662361145019645],[-1.185278058052063,54.66152954101585],[-1.184721946716252,54.66152954101585],[-1.184721946716252,54.65958404541033],[-1.184167981147709,54.65958404541033],[-1.184167981147709,54.659305572509766],[-1.183611989021244,54.659305572509766],[-1.183611989021244,54.659027099609375],[-1.181390047073307,54.659027099609375],[-1.181390047073307,54.658748626708984],[-1.181943058967533,54.658748626708984],[-1.181943058967533,54.656250000000114],[-1.181390047073307,54.656250000000114],[-1.181390047073307,54.6556930541995],[-1.180834054946899,54.6556930541995],[-1.180834054946899,54.65541839599632],[-1.179720997810307,54.65541839599632],[-1.179720997810307,54.65513992309593],[-1.179167032241821,54.65513992309593],[-1.179167032241821,54.65458297729515],[-1.178611040115243,54.65458297729515],[-1.178611040115243,54.6540260314942],[-1.178055047988835,54.6540260314942],[-1.178055047988835,54.653751373291016],[-1.17749905586237,54.653751373291016],[-1.17749905586237,54.653472900390796],[-1.175832986831665,54.653472900390796],[-1.175832986831665,54.652915954589844],[-1.175276994705087,54.652915954589844],[-1.175276994705087,54.65236282348661],[-1.174723029136658,54.65236282348661],[-1.174723029136658,54.65180587768549],[-1.174167037010193,54.65180587768549],[-1.174167037010193,54.65124893188471],[-1.173611044883614,54.65124893188471],[-1.173611044883614,54.650970458984375],[-1.173055052757206,54.650970458984375],[-1.173055052757206,54.65069580078131],[-1.172500967979431,54.65069580078131],[-1.172500967979431,54.65013885498058],[-1.171944975852966,54.65013885498058],[-1.171944975852966,54.64986038208019],[-1.170832991600037,54.64986038208019],[-1.170832991600037,54.6495819091798],[-1.170279026031494,54.6495819091798],[-1.170279026031494,54.64930725097656],[-1.169167041778564,54.64930725097656],[-1.169167041778564,54.6490287780764],[-1.167500972747803,54.6490287780764],[-1.167500972747803,54.64930725097656],[-1.166944026947021,54.64930725097656],[-1.166944026947021,54.6495819091798],[-1.166388034820557,54.6495819091798],[-1.166388034820557,54.64930725097656],[-1.165832042694092,54.64930725097656],[-1.165832042694092,54.64875030517601],[-1.16556799411768,54.64875030517601],[-1.165277957916203,54.64875030517601],[-1.165277957916203,54.64819335937523],[-1.164721965789738,54.64819335937523],[-1.164721965789738,54.647640228271484],[-1.164165973663273,54.647640228271484],[-1.164165973663273,54.647361755371094],[-1.163056015968266,54.647361755371094],[-1.163056015968266,54.647640228271484],[-1.161388039588928,54.647640228271484],[-1.161388039588928,54.64791488647484],[-1.159165978431645,54.64791488647484],[-1.159165978431645,54.647361755371094],[-1.15972197055811,54.647361755371094],[-1.15972197055811,54.647083282470874],[-1.160277962684575,54.647083282470874],[-1.160277962684575,54.64652633666992],[-1.160833954810983,54.64652633666992],[-1.160833954810983,54.64597320556669],[-1.163609981536808,54.64597320556669],[-1.163609981536808,54.64625167846708],[-1.166318058967533,54.64625167846708],[-1.166944026947021,54.64625167846708],[-1.166944026947021,54.64597320556669],[-1.168053984642029,54.64597320556669],[-1.168056964874268,54.64569473266613],[-1.1686110496521,54.64569473266613],[-1.1686110496521,54.64097213745117],[-1.168056964874268,54.64097213745117],[-1.168056964874268,54.64046478271479],[-1.168056964874268,54.638748168945256],[-1.1686110496521,54.638748168945256],[-1.1686110496521,54.63861083984375],[-1.1686110496521,54.63735961914074],[-1.167500972747803,54.63735961914074],[-1.167500972747803,54.6370849609375],[-1.165832042694092,54.6370849609375],[-1.165832042694092,54.63680648803711],[-1.163609981536808,54.63680648803711],[-1.163609981536808,54.63652801513672],[-1.161389946937561,54.63652801513672],[-1.161388039588928,54.636249542236555],[-1.160833954810983,54.636249542236555],[-1.160833954810983,54.63513946533203],[-1.161388039588928,54.63513946533203],[-1.161389946937561,54.63458251953125],[-1.161944031715336,54.63458251953125],[-1.161944031715336,54.63375091552746],[-1.162500023841801,54.63375091552746],[-1.162500023841801,54.63319396972685],[-1.163056015968266,54.63319396972685],[-1.163056015968266,54.632915496826286],[-1.163609981536808,54.632915496826286],[-1.163609981536808,54.632637023925724],[-1.164165973663273,54.632637023925724],[-1.164165973663273,54.632362365722884],[-1.164721965789738,54.632362365722884],[-1.164721965789738,54.63180541992193],[-1.166388034820557,54.63180541992193],[-1.166388034820557,54.63208389282249],[-1.166944026947021,54.63208389282249],[-1.166944026947021,54.63319396972685],[-1.165277957916203,54.63319396972685],[-1.165277957916203,54.63375091552746],[-1.164721965789738,54.63375091552746],[-1.164721965789738,54.63402938842785],[-1.164165973663273,54.63402938842785],[-1.164165973663273,54.63458251953125],[-1.164721965789738,54.63458251953125],[-1.164721965789738,54.63486099243164],[-1.165277957916203,54.63486099243164],[-1.165277957916203,54.635692596435774],[-1.165832042694092,54.635692596435774],[-1.165832042694092,54.636249542236555],[-1.166944026947021,54.636249542236555],[-1.166944026947021,54.63652801513672],[-1.167500972747803,54.63652801513672],[-1.167500972747803,54.63680648803711],[-1.169167041778564,54.63680648803711],[-1.169167041778564,54.636249542236555],[-1.169723033905029,54.636249542236555],[-1.169723033905029,54.635692596435774],[-1.170279026031494,54.635692596435774],[-1.170279026031494,54.635417938232365],[-1.170832991600037,54.635417938232365],[-1.170832991600037,54.63486099243164],[-1.171388983726501,54.63486099243164],[-1.171388983726501,54.63458251953125],[-1.171944975852966,54.63458251953125],[-1.171944975852966,54.63402938842785],[-1.170832991600037,54.63402938842785],[-1.170832991600037,54.63375091552746],[-1.170279026031494,54.63375091552746],[-1.170279026031494,54.63347244262724],[-1.169723033905029,54.63347244262724],[-1.169723033905029,54.632637023925724],[-1.173611044883614,54.632637023925724],[-1.173611044883614,54.632915496826286],[-1.176944971084595,54.632915496826286],[-1.176944971084595,54.632637023925724],[-1.17749905586237,54.632637023925724],[-1.17749905586237,54.632915496826286],[-1.18305599689478,54.632915496826286],[-1.18305599689478,54.632637023925724],[-1.184721946716252,54.632637023925724],[-1.184721946716252,54.632362365722884],[-1.188055992126465,54.632362365722884],[-1.188055992126465,54.63208389282249],[-1.188609957695007,54.63208389282249],[-1.188609957695007,54.63152694702154],[-1.189165949821472,54.63152694702154],[-1.189165949821472,54.63097381591814],[-1.189721941947937,54.63097381591814],[-1.189721941947937,54.63069534301758],[-1.190278053283691,54.63069534301758],[-1.190278053283691,54.63041687011719],[-1.190834045410156,54.63041687011719],[-1.190834045410156,54.6301383972168],[-1.191388010978699,54.6301383972168],[-1.191388010978699,54.629859924316634],[-1.191944003105164,54.629859924316634],[-1.191944003105164,54.62874984741211],[-1.192499995231628,54.62874984741211],[-1.192499995231628,54.62902832031244],[-1.19305694103241,54.62902832031244],[-1.19305694103241,54.62874984741211],[-1.194165945053101,54.62874984741211],[-1.194165945053101,54.62847137451172],[-1.194723010063058,54.62847137451172],[-1.194723010063058,54.62819290161133],[-1.195279002189636,54.62819290161133],[-1.195279002189636,54.627361297607536],[-1.195832967758122,54.627361297607536],[-1.195832967758122,54.626804351806925],[-1.19638895988453,54.626804351806925],[-1.19638895988453,54.62569427490257],[-1.197500944137573,54.62569427490257],[-1.197500944137573,54.62541580200201],[-1.198055028915348,54.62541580200201],[-1.198055028915348,54.62486267089861],[-1.198611021041813,54.62486267089861],[-1.198611021041813,54.62458419799822],[-1.199167013168278,54.62458419799822],[-1.199167013168278,54.623474121093864],[-1.199723005294686,54.623474121093864],[-1.199723005294686,54.62236022949219],[-1.200276970863285,54.62236022949219],[-1.200276970863285,54.6220817565918],[-1.20083296298975,54.6220817565918],[-1.20083296298975,54.62180709838873],[-1.200276970863285,54.62180709838873],[-1.200276970863285,54.621528625488395],[-1.190773010253849,54.621528625488395],[-1.181943058967533,54.621528625488395],[-1.181943058967533,54.621250152588004],[-1.17638897895813,54.621250152588004],[-1.17638897895813,54.621528625488395],[-1.175832986831665,54.621528625488395],[-1.175832986831665,54.621250152588004],[-1.171388983726501,54.621250152588004],[-1.171388983726501,54.621528625488395],[-1.170832991600037,54.621528625488395],[-1.170832991600037,54.6220817565918],[-1.170279026031494,54.6220817565918],[-1.170279026031494,54.62291717529291],[-1.169723033905029,54.62291717529291],[-1.169723033905029,54.62347030639671],[-1.169167041778564,54.623474121093864],[-1.169167041778564,54.623748779296875],[-1.1686110496521,54.623748779296875],[-1.1686110496521,54.624305725097656],[-1.168053984642029,54.624305725097656],[-1.168053984642029,54.62458419799822],[-1.167500972747803,54.62458419799822],[-1.167500972747803,54.62541580200201],[-1.166944026947021,54.62541580200201],[-1.166944026947021,54.62625122070335],[-1.167500972747803,54.62625122070335],[-1.167500972747803,54.626525878906364],[-1.1686110496521,54.62652969360374],[-1.1686110496521,54.62958145141624],[-1.166944026947021,54.62958145141624],[-1.166944026947021,54.629306793212834],[-1.165277957916203,54.629306793212834],[-1.165277957916203,54.62902832031244],[-1.164721965789738,54.62902832031244],[-1.164721965789738,54.62874984741211],[-1.164165973663273,54.62874984741211],[-1.164165973663273,54.62597274780296],[-1.164721965789738,54.62597274780296],[-1.164721965789738,54.62569427490257],[-1.164165973663273,54.62569427490257],[-1.164165973663273,54.62458419799822],[-1.164721965789738,54.62458419799822],[-1.164721965789738,54.624305725097656],[-1.165277957916203,54.624305725097656],[-1.165277957916203,54.624027252197266],[-1.165832042694092,54.624027252197266],[-1.165832042694092,54.623748779296875],[-1.166388034820557,54.623748779296875],[-1.166388034820557,54.62291717529291],[-1.167500972747803,54.62291717529291],[-1.167500972747803,54.62263870239252],[-1.168053984642029,54.62263870239252],[-1.168056964874268,54.62236022949219],[-1.1686110496521,54.62236022949219],[-1.1686110496521,54.6220817565918],[-1.169167041778564,54.6220817565918],[-1.169167041778564,54.62180709838873],[-1.169723033905029,54.62180709838873],[-1.169723033905029,54.621250152588004],[-1.169167041778564,54.621250152588004],[-1.169167041778564,54.620971679687614],[-1.168056964874268,54.620971679687614],[-1.168053984642029,54.620693206787394],[-1.167500972747803,54.620693206787394],[-1.167500972747803,54.62041854858421],[-1.167292952537423,54.62041854858421],[-1.166944026947021,54.62041854858421],[-1.166944026947021,54.620517730713004],[-1.166944026947021,54.620693206787394],[-1.166388034820557,54.620693206787394],[-1.166388034820557,54.620971679687614],[-1.165832042694092,54.620971679687614],[-1.165832042694092,54.621528625488395],[-1.165277957916203,54.621528625488395],[-1.165277957916203,54.62180709838873],[-1.164721965789738,54.62180709838873],[-1.164721965789738,54.62263870239252],[-1.164165973663273,54.62263870239252],[-1.164165973663273,54.62291717529291],[-1.163609981536808,54.62291717529291],[-1.163609981536808,54.62347030639671],[-1.163056015968266,54.623474121093864],[-1.163056015968266,54.623748779296875],[-1.162500023841801,54.623748779296875],[-1.162500023841801,54.624027252197266],[-1.161944031715336,54.624027252197266],[-1.161944031715336,54.62458419799822],[-1.161388039588928,54.62458419799822],[-1.161388039588928,54.62541580200201],[-1.160833954810983,54.62541580200201],[-1.160833954810983,54.62513732910162],[-1.155833959579354,54.62513732910162],[-1.155833959579354,54.62541580200201],[-1.154721021652222,54.62541580200201],[-1.154721021652222,54.62513732910162],[-1.154168009757882,54.62513732910162],[-1.154168009757882,54.62541580200201],[-1.153612017631474,54.62541580200201],[-1.153612017631474,54.62569427490257],[-1.15305495262146,54.62569427490257],[-1.15305495262146,54.62625122070335],[-1.152498960494995,54.62625122070335],[-1.152498960494995,54.626804351806925],[-1.15194296836853,54.626804351806925],[-1.15194296836853,54.62847137451172],[-1.151389002799988,54.62847137451172],[-1.151389002799988,54.62819290161133],[-1.149723052978516,54.62819290161133],[-1.149723052978516,54.62791824340832],[-1.145833015441895,54.62791824340832],[-1.145833015441895,54.627639770507926],[-1.143610954284668,54.627639770507926],[-1.143610954284668,54.62791824340832],[-1.140599966049137,54.62791824340832],[-1.140279054641724,54.62791824340832],[-1.140279054641724,54.62819290161133],[-1.139721989631539,54.62819290161133],[-1.139721989631539,54.62874984741211],[-1.138610005378666,54.62874984741211],[-1.138610005378666,54.62847137451172],[-1.138056039810067,54.62847137451172],[-1.138056039810067,54.62791824340832],[-1.137500047683659,54.62791824340832],[-1.137500047683659,54.627639770507926],[-1.136944055557194,54.627639770507926],[-1.136944055557194,54.62791824340832],[-1.136387944221383,54.62791824340832],[-1.136387944221383,54.62819290161133],[-1.135833978652954,54.62819290161133],[-1.135833978652954,54.62874984741211],[-1.135277986526489,54.62874984741211],[-1.135277986526489,54.62958145141624],[-1.134721994399911,54.62958145141624],[-1.134721994399911,54.63097381591814],[-1.135277986526489,54.63097381591814],[-1.135277986526489,54.63124847412115],[-1.135833978652954,54.63124847412115],[-1.135833978652954,54.63152694702154],[-1.136387944221383,54.63152694702154],[-1.136387944221383,54.63180541992193],[-1.136944055557194,54.63180541992193],[-1.136944055557194,54.63208389282249],[-1.137500047683659,54.63208389282249],[-1.137500047683659,54.632362365722884],[-1.138056039810067,54.632362365722884],[-1.138056039810067,54.632637023925724],[-1.138610005378666,54.632637023925724],[-1.138610005378666,54.632724761963004],[-1.138610005378666,54.632915496826286],[-1.139721989631539,54.632915496826286],[-1.139721989631539,54.63319396972685],[-1.140279054641724,54.63319396972685],[-1.140279054641724,54.63347244262724],[-1.140831947326603,54.63347244262724],[-1.140831947326603,54.635417938232365],[-1.141389012336731,54.635417938232365],[-1.141389012336731,54.635971069336165],[-1.141945004463196,54.635971069336165],[-1.141945004463196,54.63694233443755],[-1.126942992210388,54.63404780042284],[-1.126942992210388,54.63402938842785],[-1.126847565114672,54.63402938842785],[-1.126389980316162,54.633941100620746],[-1.126389980316162,54.63319396972685],[-1.125833034515381,54.63319396972685],[-1.125833034515381,54.632637023925724],[-1.125277042388916,54.632637023925724],[-1.125277042388916,54.632362365722884],[-1.124722957611027,54.632362365722884],[-1.124722957611027,54.63180541992193],[-1.124166965484562,54.63180541992193],[-1.124166965484562,54.63152694702154],[-1.123610973358097,54.63152694702154],[-1.123610973358097,54.63060379028332],[-1.123610973358097,54.63041687011719],[-1.123350977897644,54.63041687011719],[-1.123054981231633,54.63041687011719],[-1.123054981231633,54.63020324707048],[-1.122959017753487,54.63019180297857],[-1.122498989105225,54.6301383972168],[-1.122498989105225,54.629859924316634],[-1.12138903141016,54.629859924316634],[-1.12138903141016,54.62958145141624],[-1.120833039283752,54.62958145141624],[-1.120833039283752,54.629306793212834],[-1.120277047157288,54.629306793212834],[-1.120277047157288,54.62902832031244],[-1.119166970252934,54.62902832031244],[-1.119166970252934,54.62874984741211],[-1.118610978126469,54.62874984741211],[-1.118610978126469,54.62847137451172],[-1.118054986,54.62847137451172],[-1.118054986,54.62819290161133],[-1.117501020431462,54.62819290161133],[-1.117501020431462,54.62791824340832],[-1.116389036178532,54.62791824340832],[-1.116389036178532,54.627639770507926],[-1.115833044052124,54.627639770507926],[-1.115833044052124,54.627361297607536],[-1.114166975021305,54.627361297607536],[-1.114166975021305,54.627082824707315],[-1.113610029220467,54.627082824707315],[-1.113610029220467,54.626804351806925],[-1.113057017326298,54.626804351806925],[-1.113057017326298,54.626525878906364],[-1.111943960189819,54.626525878906364],[-1.111943960189819,54.62625122070335],[-1.110834002494812,54.62625122070335],[-1.110834002494812,54.62597274780296],[-1.110278010368347,54.62597274780296],[-1.110278010368347,54.62569427490257],[-1.109722018241882,54.62569427490257],[-1.109722018241882,54.62541580200201],[-1.108611941337585,54.62541580200201],[-1.108611941337585,54.62513732910162],[-1.107499957084656,54.62513732910162],[-1.107499957084656,54.62486267089861],[-1.106943964958191,54.62486267089861],[-1.106943964958191,54.62458419799822],[-1.105834007263184,54.62458419799822],[-1.105834007263184,54.624305725097656],[-1.105278015136719,54.624305725097656],[-1.105278015136719,54.624027252197266],[-1.104166030883789,54.624027252197266],[-1.104166030883789,54.623748779296875],[-1.103055953979492,54.623748779296875],[-1.103055953979492,54.623474121093864],[-1.101943969726562,54.62347030639671],[-1.101943969726562,54.6231956481933],[-1.100834012031555,54.6231956481933],[-1.100834012031555,54.62291717529291],[-1.099720954894963,54.62291717529291],[-1.099720954894963,54.62263870239252],[-1.098055005073491,54.62263870239252],[-1.098055005073491,54.62236022949219],[-1.095832943916207,54.62236022949219],[-1.095832943916207,54.6220817565918],[-1.094722986221313,54.6220817565918],[-1.094722986221313,54.62180709838873],[-1.093611001968327,54.62180709838873],[-1.093611001968327,54.621528625488395],[-1.091945052146855,54.621528625488395],[-1.091945052146855,54.621250152588004],[-1.090832948684692,54.621250152588004],[-1.090832948684692,54.620971679687614],[-1.09027898311615,54.620971679687614],[-1.09027898311615,54.620693206787394],[-1.089722990989685,54.620693206787394],[-1.089722990989685,54.62041854858421],[-1.087501049041748,54.620414733887],[-1.087501049041748,54.62014007568382],[-1.078055977821293,54.62014007568382],[-1.078055977821293,54.620414733887],[-1.076390027999821,54.62041854858421],[-1.076390027999821,54.620693206787394],[-1.074722051620483,54.620693206787394],[-1.074722051620483,54.620971679687614],[-1.073055028915292,54.620971679687614],[-1.073055028915292,54.620693206787394],[-1.072499036788884,54.620693206787394],[-1.072499036788884,54.62041854858421],[-1.071806823687057,54.62041696366585],[-1.030090193226716,54.59894274887668],[-1.015833020210209,54.59802499416657],[-1.015833020210209,54.597915649414176],[-1.015277028083801,54.597915649414176],[-1.015277028083801,54.597637176513615],[-1.014166951179448,54.597637176513615],[-1.014166951179448,54.597362518310774],[-1.013610959052983,54.597362518310774],[-1.013610959052983,54.597084045410384],[-1.012501001357975,54.597084045410384],[-1.012501001357975,54.59680557250982],[-1.011389017105046,54.59680557250982],[-1.011389017105046,54.59652709960943],[-1.010279059410038,54.59652709960943],[-1.010277032852116,54.59624862670904],[-1.009722948074341,54.59624862670904],[-1.009722948074341,54.59597396850603],[-1.008054971694889,54.59597396850603],[-1.008054971694889,54.59569549560547],[-1.00750100612629,54.59569549560547],[-1.00750100612629,54.59541702270508],[-1.006387948989868,54.59541702270508],[-1.006387948989868,54.59513854980469],[-1.005831956863403,54.59513854980469],[-1.005831956863403,54.594860076904524],[-1.004166007041931,54.594860076904524],[-1.004166007041931,54.594581604004134],[-1.003610014915466,54.594581604004134],[-1.003610014915466,54.594306945800724],[-1.003056049346924,54.594306945800724],[-1.003056049346924,54.594028472900334],[-1.002500057220459,54.594028472900334],[-1.002500057220459,54.59375],[-1.000277996063232,54.59375],[-0.998611986637115,54.59375],[-0.998611986637115,54.59347152709961],[-0.998055994510537,54.59347152709961],[-0.998055994510537,54.59319305419922],[-0.996944010257664,54.59319305419922],[-0.996944010257664,54.59291839599621],[-0.995278000831604,54.59291839599621],[-0.995278000831604,54.59263992309582],[-0.994258999824467,54.59263992309582],[-0.993611991405487,54.59263992309582],[-0.993611991405487,54.59237289428711],[-0.991943001747075,54.592361450195426],[-0.991943001747075,54.592082977295206],[-0.990832984447479,54.592082977295206],[-0.990832984447479,54.591804504394815],[-0.989166975021362,54.591804504394815],[-0.989166975021362,54.591526031494254],[-0.988054990768319,54.591526031494254],[-0.988054990768319,54.59125137329124],[-0.986944973468724,54.59125137329124],[-0.986944973468724,54.59097290039085],[-0.985832989215851,54.59097290039085],[-0.985832989215851,54.59069442749046],[-0.984166979789734,54.59069442749046],[-0.984166979789734,54.5904159545899],[-0.983054995536691,54.5904159545899],[-0.983054995536691,54.59013748168951],[-0.981944978237095,54.59013748168951],[-0.981944978237095,54.5898628234865],[-0.980832993984222,54.5898628234865],[-0.980832993984222,54.58958435058611],[-0.97972297668457,54.58958435058611],[-0.97972297668457,54.58930587768555],[-0.978609979152566,54.58930587768555],[-0.978609979152566,54.589027404785156],[-0.977500021457672,54.589027404785156],[-0.977500021457672,54.588748931884766],[-0.976387977600098,54.588748931884766],[-0.976387977600098,54.5884704589846],[-0.975278019905033,54.5884704589846],[-0.975278019905033,54.58819580078119],[-0.974165976047516,54.58819580078119],[-0.974165976047516,54.5879173278808],[-0.973056018352509,54.5879173278808],[-0.973056018352509,54.58763885498041],[-0.972500026226044,54.58763885498041],[-0.972500026226044,54.58736038208008],[-0.971387982368412,54.58736038208008],[-0.971387982368412,54.58708190917969],[-0.970278024673405,54.58708190917969],[-0.970278024673405,54.58680725097662],[-0.966943025588876,54.58680725097662],[-0.966943025588876,54.58708190917969],[-0.963055014610291,54.58708190917969],[-0.963055014610291,54.58680725097662],[-0.961944997310582,54.58680725097662],[-0.961944997310582,54.586528778076286],[-0.960277020931187,54.586528778076286],[-0.960277020931187,54.586250305175895],[-0.959167003631592,54.586250305175895],[-0.959167003631592,54.585971832275504],[-0.956389009952488,54.585971832275504],[-0.956389009952488,54.586250305175895],[-0.955277025699559,54.586250305175895],[-0.955277025699559,54.58680725097662],[-0.954723000526428,54.58680725097662],[-0.954723000526428,54.58708190917969],[-0.953611016273499,54.58708190917969],[-0.953611016273499,54.58680725097662],[-0.950277984142303,54.58680725097662],[-0.950277984142303,54.58708190917969],[-0.949721992015839,54.58708190917969],[-0.949721992015839,54.58736038208008],[-0.948610007762909,54.58736038208008],[-0.948610007762909,54.58763885498041],[-0.947499990463143,54.58763885498041],[-0.947499990463143,54.58819580078119],[-0.94638800621027,54.58819580078119],[-0.94638800621027,54.5884704589846],[-0.945833981037083,54.5884704589846],[-0.945833981037083,54.588748931884766],[-0.94472199678421,54.588748931884766],[-0.94472199678421,54.589027404785156],[-0.943611979484558,54.589027404785156],[-0.943611979484558,54.58930587768555],[-0.939167976379395,54.58930587768555],[-0.939167976379395,54.589027404785156],[-0.93805497884739,54.589027404785156],[-0.93805497884739,54.588748931884766],[-0.936389029025918,54.588748931884766],[-0.936389029025918,54.5884704589846],[-0.935832977294922,54.5884704589846],[-0.935832977294922,54.58819580078119],[-0.935276985168457,54.58819580078119],[-0.935276985168457,54.5879173278808],[-0.93416702747345,54.5879173278808],[-0.93416702747345,54.58763885498041],[-0.933054983615875,54.58763885498041],[-0.933054983615875,54.58736038208008],[-0.929723024368229,54.58736038208008],[-0.929723024368229,54.58708190917969],[-0.925831973552704,54.58708190917969],[-0.925831973552704,54.58680725097662],[-0.925279021263066,54.58680725097662],[-0.925279021263066,54.586528778076286],[-0.92472201585764,54.586528778076286],[-0.92472201585764,54.586250305175895],[-0.924166023731232,54.586250305175895],[-0.924166023731232,54.585971832275504],[-0.92305600643158,54.585971832275504],[-0.92305600643158,54.585693359375284],[-0.92194402217865,54.585693359375284],[-0.92194402217865,54.585414886474894],[-0.921387970447483,54.585414886474894],[-0.921387970447483,54.58514022827171],[-0.920834004878941,54.58514022827171],[-0.920834004878941,54.58486175537132],[-0.919722020626011,54.58486175537132],[-0.919722020626011,54.58430480957054],[-0.919166028499603,54.58430480957054],[-0.919166028499603,54.58402633666998],[-0.918612003326416,54.58402633666998],[-0.918612003326416,54.5837516784668],[-0.918056011199951,54.5837516784668],[-0.918056011199951,54.58347320556658],[-0.917500019073486,54.58347320556658],[-0.917500019073486,54.582916259765625],[-0.916944026947021,54.582916259765625],[-0.916944026947021,54.58180618286127],[-0.916390001773777,54.58180618286127],[-0.916390001773777,54.58124923706049],[-0.915834009647313,54.58124923706049],[-0.915834009647313,54.580970764160156],[-0.915278017520848,54.580970764160156],[-0.915278017520848,54.58069610595709],[-0.914722025394383,54.58069610595709],[-0.914722025394383,54.5804176330567],[-0.914168000221252,54.5804176330567],[-0.914168000221252,54.580139160156364],[-0.913612008094788,54.580139160156364],[-0.913612008094788,54.57986068725597],[-0.913056015968323,54.57986068725597],[-0.913056015968323,54.57958221435558],[-0.912499010562897,54.57958221435558],[-0.912499010562897,54.57930374145536],[-0.911390006542092,54.57930374145536],[-0.911390006542092,54.57902908325218],[-0.910833001136723,54.57902908325218],[-0.910833001136723,54.5784721374514],[-0.910277009010258,54.5784721374514],[-0.910277009010258,54.57819366455101],[-0.909721016883793,54.57819366455101],[-0.909721016883793,54.57791519165062],[-0.909166991710663,54.57791519165062],[-0.909166991710663,54.577640533447266],[-0.908055007457733,54.577640533447266],[-0.908055007457733,54.577362060546875],[-0.907499015331268,54.577362060546875],[-0.907499015331268,54.577083587646655],[-0.906944990157967,54.577083587646655],[-0.906944990157967,54.576805114746264],[-0.906388998031559,54.576805114746264],[-0.906388998031559,54.5765266418457],[-0.905833005905095,54.5765266418457],[-0.905833005905095,54.57624816894531],[-0.90527701377863,54.57624816894531],[-0.90527701377863,54.57603073120123],[-0.905124008655491,54.5760231018067],[-0.904166996479034,54.57597351074247],[-0.904166996479034,54.57569503784191],[-0.90361100435257,54.57569503784191],[-0.90361100435257,54.57541656494135],[-0.903055012226105,54.57541656494135],[-0.903055012226105,54.57518005371105],[-0.902943015098515,54.57517242431646],[-0.902500987052917,54.57513809204096],[-0.902500987052917,54.57496643066412],[-0.902500987052917,54.57485961914057],[-0.902217984199467,54.57485961914057],[-0.901944994926339,54.57485961914057],[-0.901944994926339,54.574752807617415],[-0.901944994926339,54.57458496093756],[-0.901503026485386,54.57458496093756],[-0.901389002799931,54.57458496093756],[-0.901389002799931,54.574306488037166],[-0.900833010673466,54.574306488037166],[-0.900833010673466,54.574028015136776],[-0.900278985500279,54.574028015136776],[-0.900278985500279,54.57347106933605],[-0.899722993373871,54.57347106933605],[-0.899722993373871,54.57319259643566],[-0.900278985500279,54.57319259643566],[-0.900278985500279,54.57291793823242],[-0.899722993373871,54.57291793823242],[-0.899722993373871,54.57236099243187],[-0.899167001247406,54.57236099243187],[-0.899167001247406,54.57208251953148],[-0.894721984863281,54.57208251953148],[-0.894721984863281,54.57180404663109],[-0.894165992736816,54.57180404663109],[-0.894165992736816,54.571529388427734],[-0.892499983310699,54.571529388427734],[-0.892499983310699,54.57180404663109],[-0.889721989631653,54.57180404663109],[-0.889721989631653,54.57208251953148],[-0.889165997505188,54.57208251953148],[-0.889165997505188,54.57180404663109],[-0.883611023426056,54.57180404663109],[-0.883611023426056,54.571529388427734],[-0.882498979568368,54.571529388427734],[-0.882498979568368,54.571250915527344],[-0.881389021873474,54.571250915527344],[-0.881389021873474,54.57097244262695],[-0.8802769780159,54.57097244262695],[-0.8802769780159,54.57069396972673],[-0.879167020320835,54.57069396972673],[-0.879167020320835,54.57041549682634],[-0.878054976463318,54.57041549682634],[-0.878054976463318,54.57013702392578],[-0.871388018131256,54.57013702392578],[-0.871388018131256,54.57041549682634],[-0.869722008705082,54.57041549682634],[-0.869722008705082,54.57069396972673],[-0.868610024452209,54.57069396972673],[-0.868610024452209,54.57097244262695],[-0.866388022899628,54.57097244262695],[-0.866388022899628,54.571250915527344],[-0.864722013473454,54.571250915527344],[-0.864722013473454,54.571529388427734],[-0.862500011920929,54.571529388427734],[-0.862500011920929,54.57180404663109],[-0.861389994621163,54.57180786132807],[-0.861389994621163,54.57208251953148],[-0.860834002494755,54.57208251953148],[-0.860834002494755,54.57180404663109],[-0.857072894009357,54.57180404663109],[-0.837363489253639,54.566092492275565],[-0.894047813951603,54.53650461189702],[-1.171801004971625,54.47726444751044],[-1.523243818099,54.47397080849842],[-1.852012901347189,54.45420340478871],[-2.311155931400695,54.322176559843534],[-2.27147690411212,54.43772327364103],[-2.452866743145604,54.55951926238208],[-2.588909122420717,54.66128529175576],[-2.679604041937459,54.73335206318297],[-2.70936331240389,54.80447411223252],[-2.751876555927362,54.851819386727186],[-2.60024598736031,54.93250467063336],[-2.20912414694436,55.12419412039096],[-1.58249902725214,55.41796993335875],[-1.58249902725214,55.415973663330305],[-1.581944942474365,55.415973663330305],[-1.581944942474365,55.41458511352539],[-1.5813889503479,55.41458511352539],[-1.5813889503479,55.41347122192383],[-1.580832958221322,55.41347122192383],[-1.580832958221322,55.412639617920036],[-1.580276966094914,55.412639617920036],[-1.580276966094914,55.41152954101568],[-1.579723000526428,55.41152954101568],[-1.579723000526428,55.41069412231457],[-1.57916700839985,55.41069412231457],[-1.57916700839985,55.407219309110985],[-1.579251331348201,55.407081604003906]]]}},{"type":"Feature","properties":{"id":12},"geometry":{"type":"MultiPolygon","coordinates":[[[[-3.5795,54.5751],[-3.5703,54.6082],[-3.5766,54.6506],[-3.5675,54.6485],[-3.5625,54.6615],[-3.5236,54.6868],[-3.4947,54.7257],[-3.4375,54.7579],[-3.4321,54.7947],[-3.3981,54.8567],[-3.3558,54.8963],[-3.3353,54.8999],[-3.3436,54.8954],[-3.2803,54.8726],[-3.2903,54.8915],[-3.2625,54.8932],[-3.2486,54.9107],[-3.2219,54.9032],[-3.2469,54.9137],[-3.2703,54.9026],[-3.2986,54.9068],[-3.2997,54.922],[-3.2575,54.9429],[-3.2036,54.9543],[-3.1431,54.9299],[-3.1097,54.9274],[-3.0636,54.9457],[-3.0169,54.9471],[-3.0703,54.9543],[-3.0886,54.9496],[-3.0903,54.9565],[-3.0575,54.9832],[-3.0492,54.9835],[-3.0414,54.9685],[-3.0219,54.9712],[-3.0386,54.9685],[-3.0464,54.9837],[-3.0586,54.9868],[-3.0914,54.9754],[-3.1197,54.976],[-3.1481,54.9629],[-3.2047,54.976],[-3.2714,54.9651],[-3.3269,54.9779],[-3.36,54.9729],[-3.4164,54.9804],[-3.4375,54.9924],[-3.4508,54.9918],[-3.4369,54.9863],[-3.4647,54.9693],[-3.5281,54.9674],[-3.5575,54.9793],[-3.5764,55.0043],[-3.5753,54.9799],[-3.5853,54.9726],[-3.5775,54.9535],[-3.5864,54.9313],[-3.5619,54.9068],[-3.5753,54.8918],[-3.5947,54.8849],[-3.5942,54.8715],[-3.69,54.8844],[-3.7286,54.8799],[-3.7258,54.8751],[-3.7439,54.8698],[-3.7255,55.0321],[-3.8104,55.268],[-3.5676,55.3026],[-2.4507,55.4268],[-2.3041,55.4558],[-1.9175,55.7094],[-1.8781,55.689],[-1.8408,55.6426],[-1.8081,55.6346],[-1.7892,55.6576],[-1.7642,55.6271],[-1.7703,55.6179],[-1.7836,55.6168],[-1.7692,55.604],[-1.7425,55.6188],[-1.7219,55.6171],[-1.6397,55.5771],[-1.6453,55.5707],[-1.6227,55.5521],[-1.6325,55.5507],[-1.6392,55.5382],[-1.6103,55.521],[-1.6181,55.5146],[-1.6153,55.4982],[-1.595,55.4918],[-1.5864,55.4493],[-1.5925,55.4393],[-1.5781,55.429],[-1.5825,55.4167],[-2.5964,54.9346],[-3.3896,54.5455],[-3.6197,54.4901],[-3.6408,54.5151],[-3.6069,54.531],[-3.5795,54.5751]]],[[[-1.7905,55.6885],[-1.7868,55.6688],[-1.7975,55.6679],[-1.8103,55.6804],[-1.8458,55.6774],[-1.8553,55.6846],[-1.7905,55.6885]]]]}},{"type":"Feature","properties":{"id":2},"geometry":{"type":"Polygon","coordinates":[[[-1.997727414118866,57.6915283203125],[-1.998056054115295,57.6915283203125],[-1.998056054115295,57.68902969360363],[-1.998610019683724,57.68902587890642],[-1.998610019683724,57.68819427490263],[-1.998056054115295,57.68819427490263],[-1.998056054115295,57.687084197998274],[-1.998610019683724,57.687084197998274],[-1.998610019683724,57.68680572509771],[-1.999166011810303,57.68680572509771],[-1.999166011810303,57.68652725219732],[-1.999722003936768,57.68652725219732],[-1.999722003936768,57.68624877929693],[-2.000278949737435,57.68624877929693],[-2.000832080841008,57.68624877929693],[-2.000832080841008,57.68597412109392],[-2.000832080841008,57.68375015258789],[-2.000278949737435,57.68375015258789],[-1.999166011810303,57.68375015258789],[-1.999166011810303,57.68319320678711],[-1.997499942779541,57.68319320678711],[-1.997499942779541,57.6829185485841],[-1.996943950653076,57.68291473388689],[-1.996943950653076,57.68264007568371],[-1.996387958526611,57.68264007568371],[-1.996387958526611,57.68236160278332],[-1.995833992958069,57.68236160278332],[-1.995833992958069,57.6820831298831],[-1.995278000831604,57.6820831298831],[-1.995278000831604,57.681804656982706],[-1.994722008705139,57.681804656982706],[-1.994722008705139,57.681526184082145],[-1.994166016578674,57.681526184082145],[-1.994166016578674,57.681251525879134],[-1.993612051010132,57.681251525879134],[-1.993612051010132,57.68097305297874],[-1.99312698841095,57.68097305297874],[-1.993106007575932,57.6808967590332],[-1.993056058883667,57.68069458007835],[-1.992820978164673,57.68069458007835],[-1.991943955421448,57.68069458007835],[-1.991943955421448,57.68041610717779],[-1.991389989852905,57.68041610717779],[-1.991389989852905,57.6801376342774],[-1.989722013473511,57.6801376342774],[-1.989722013473511,57.67986297607439],[-1.988612055778503,57.67986297607439],[-1.988612055778503,57.679584503174],[-1.987498998641911,57.679584503174],[-1.987498998641911,57.67930603027344],[-1.986945986747742,57.67930603027344],[-1.986943006515503,57.67902755737305],[-1.985833048820439,57.67902755737305],[-1.985833048820439,57.678749084472656],[-1.98472094535822,57.678749084472656],[-1.98472094535822,57.67847061157249],[-1.983610987663212,57.67847061157249],[-1.983610987663212,57.678195953369084],[-1.98194503784174,57.678195953369084],[-1.98194503784174,57.67791748046869],[-1.981389045715275,57.67791748046869],[-1.981389045715275,57.6776390075683],[-1.98083305358881,57.6776390075683],[-1.98083305358881,57.67736053466797],[-1.979166984557992,57.67736053466797],[-1.979166984557992,57.67708206176758],[-1.97750103473652,57.67708206176758],[-1.97750103473652,57.67680740356451],[-1.976389050483647,57.67680740356451],[-1.976389050483647,57.67662048339861],[-1.976389050483647,57.676528930664176],[-1.975805044174194,57.676528930664176],[-1.975278973579407,57.676528930664176],[-1.975278973579407,57.67644500732422],[-1.975278973579407,57.676250457763786],[-1.974032044410592,57.676250457763786],[-1.972499966621399,57.676250457763786],[-1.972499966621399,57.67601013183588],[-1.972259044647217,57.67601013183588],[-1.965278029441833,57.675971984863395],[-1.965278029441833,57.675693511963175],[-1.961390018463078,57.675693511963175],[-1.961390018463078,57.675415039062784],[-1.958055019378548,57.675415039062784],[-1.958055019378548,57.6751403808596],[-1.9563889503479,57.6751403808596],[-1.9563889503479,57.675060272217024],[-1.9563889503479,57.67458343505882],[-1.955832958221436,57.67458343505882],[-1.955832958221436,57.67430496215843],[-1.954167008399963,57.67430496215843],[-1.954167008399963,57.67458343505882],[-1.953611016273499,57.67458343505882],[-1.953611016273499,57.6751403808596],[-1.95305502414692,57.6751403808596],[-1.95305502414692,57.67539978027355],[-1.95305502414692,57.675693511963175],[-1.952501058578491,57.675693511963175],[-1.952501058578491,57.675971984863395],[-1.951944947242737,57.675971984863395],[-1.951944947242737,57.676250457763786],[-1.951388955116272,57.676250457763786],[-1.951388955116272,57.67680740356451],[-1.950832962989807,57.67680740356451],[-1.950832962989807,57.6776390075683],[-1.951388955116272,57.6776390075683],[-1.951388955116272,57.67791748046869],[-1.952501058578491,57.67791748046869],[-1.952501058578491,57.678195953369084],[-1.951944947242737,57.678195953369084],[-1.951944947242737,57.678749084472656],[-1.951388955116272,57.678749084472656],[-1.951388955116272,57.67902755737305],[-1.950832962989807,57.67902755737305],[-1.950832962989807,57.67930603027344],[-1.947500944137573,57.67930603027344],[-1.947500944137573,57.679584503174],[-1.946388006210327,57.679584503174],[-1.946388006210327,57.67986297607439],[-1.945834994316101,57.67986297607439],[-1.945834994316101,57.68041610717779],[-1.946388006210327,57.68041610717779],[-1.946388006210327,57.681526184082145],[-1.945834994316101,57.681526184082145],[-1.945834994316101,57.681804656982706],[-1.944722056388855,57.681804656982706],[-1.944722056388855,57.68185477518923],[-1.9375,57.68053674072342],[-1.9375,57.68041610717779],[-1.936838998871738,57.68041610717779],[-1.936390042304936,57.680334172034],[-1.936390042304936,57.6801376342774],[-1.93531313058713,57.6801376342774],[-1.935278058052006,57.68013123349518],[-1.935278058052006,57.67986297607439],[-1.934167981147766,57.67986297607439],[-1.934167981147766,57.679584503174],[-1.933611989021188,57.679584503174],[-1.933611989021188,57.67930603027344],[-1.932499051094055,57.67930603027344],[-1.932499051094055,57.67902755737305],[-1.931388974189758,57.67902755737305],[-1.931388974189758,57.67847061157249],[-1.929262786123465,57.67847061157249],[-1.929167032241821,57.678403783589516],[-1.929167032241821,57.678195953369084],[-1.928869244557031,57.678195953369084],[-1.917724366041529,57.67041778564459],[-1.918056011199951,57.67041778564459],[-1.918056011199951,57.66791534423851],[-1.917500019073373,57.66791534423851],[-1.917500019073373,57.667362213134766],[-1.916944026946965,57.667362213134766],[-1.916944026946965,57.666805267334155],[-1.9163880348205,57.666805267334155],[-1.9163880348205,57.666526794433594],[-1.915833950042725,57.666526794433594],[-1.915833950042725,57.66597366333036],[-1.91527795791626,57.66597366333036],[-1.91527795791626,57.66541671752924],[-1.914721965789795,57.66541671752924],[-1.914721965789795,57.66513824462885],[-1.914165973663216,57.66513824462885],[-1.914165973663216,57.66485977172846],[-1.913612008094788,57.66485977172846],[-1.913612008094788,57.66458511352545],[-1.912500023841744,57.66458511352545],[-1.912500023841744,57.664028167724666],[-1.911944031715336,57.664028167724666],[-1.911944031715336,57.66374969482433],[-1.911389946937561,57.66374969482433],[-1.911388039588871,57.66347122192394],[-1.910833954811096,57.66347122192394],[-1.910833954811096,57.66319274902355],[-1.910277962684631,57.66319274902355],[-1.910277962684631,57.66291809082031],[-1.909721970558167,57.66291809082031],[-1.909721970558167,57.66263961792015],[-1.909168004989624,57.66263961792015],[-1.909168004989624,57.66236114501976],[-1.908612012863159,57.66236114501976],[-1.908612012863159,57.661251068115234],[-1.908056020736694,57.661251068115234],[-1.908056020736694,57.660694122314624],[-1.907498955726624,57.660694122314624],[-1.907498955726624,57.66041564941423],[-1.906945943832397,57.66041564941423],[-1.906942963600159,57.66013717651367],[-1.906389951705933,57.66013717651367],[-1.906389951705933,57.65986251831083],[-1.905833005905151,57.65986251831083],[-1.905833005905151,57.65958404541044],[-1.905277013778687,57.65958404541044],[-1.905277013778687,57.65930557250988],[-1.904723048210087,57.65930557250988],[-1.904721021652222,57.65902709960932],[-1.904167056083679,57.65902709960932],[-1.904167056083679,57.65874862670893],[-1.903610944747868,57.65874862670893],[-1.903610944747868,57.65847396850609],[-1.903054952621403,57.65847396850609],[-1.903054952621403,57.658195495605526],[-1.902498960494938,57.658195495605526],[-1.902498960494938,57.657917022705135],[-1.901944994926396,57.657917022705135],[-1.901944994926396,57.657638549804744],[-1.901389002799931,57.657638549804744],[-1.901389002799931,57.65736007690441],[-1.900833010673466,57.65736007690441],[-1.900833010673466,57.65680694580078],[-1.900277018547058,57.65680694580078],[-1.900277018547058,57.65625000000023],[-1.899723052978459,57.65625000000023],[-1.899723052978459,57.6551399230957],[-1.899166941642704,57.6551399230957],[-1.899166941642704,57.65486145019531],[-1.89861094951624,57.65486145019531],[-1.89861094951624,57.652637481689396],[-1.898054957389775,57.652637481689396],[-1.898054957389775,57.651805877685604],[-1.897500991821232,57.651805877685604],[-1.897500991821232,57.65124893188482],[-1.896944999694767,57.65124893188482],[-1.896944999694767,57.65013885498047],[-1.896389007568303,57.65013885498047],[-1.896389007568303,57.649860382080305],[-1.895833015441838,57.649860382080305],[-1.895833015441838,57.649307250976506],[-1.895279049873295,57.649307250976506],[-1.895279049873295,57.649028778076115],[-1.89472305774683,57.649028778076115],[-1.89472305774683,57.64847183227539],[-1.894166946411076,57.64847183227539],[-1.894166946411076,57.64702224731468],[-1.894166946411076,57.6468048095706],[-1.893916010856628,57.6468048095706],[-1.893610000610352,57.6468048095706],[-1.893610000610352,57.64654159545893],[-1.893610000610352,57.646251678467024],[-1.893275022506657,57.646251678467024],[-1.893056988716012,57.646251678467024],[-1.893056988716012,57.64606094360374],[-1.893056988716012,57.64513778686529],[-1.892500042915344,57.64513778686529],[-1.892500042915344,57.64458465576189],[-1.891944050788879,57.64458465576189],[-1.891944050788879,57.64374923706055],[-1.891388058662301,57.64374923706055],[-1.891388058662301,57.643470764160384],[-1.890833973884583,57.643470764160384],[-1.890833973884583,57.643196105956974],[-1.890277981758118,57.643196105956974],[-1.890277981758118,57.64208221435547],[-1.889721989631653,57.64208221435547],[-1.889721989631653,57.64152908325207],[-1.889165997505188,57.64152908325207],[-1.889165997505188,57.640972137451286],[-1.888612031936646,57.640972137451286],[-1.888610005378723,57.64014053344749],[-1.888056039810181,57.64014053344749],[-1.888056039810181,57.63958358764671],[-1.887500047683716,57.63958358764671],[-1.887500047683716,57.63902664184576],[-1.886944055557251,57.63902664184576],[-1.886944055557251,57.63847351074236],[-1.886387944221497,57.63847351074236],[-1.886387944221497,57.637916564941406],[-1.885833978652954,57.637916564941406],[-1.885833978652954,57.637359619140625],[-1.884721994400024,57.637359619140625],[-1.884721994400024,57.637084960937614],[-1.884168028831482,57.637084960937614],[-1.884168028831482,57.63680648803705],[-1.883612036705017,57.63680648803705],[-1.883612036705017,57.63652801513666],[-1.883056044578552,57.63652801513666],[-1.883056044578552,57.63624954223627],[-1.882500052452087,57.63624954223627],[-1.882500052452087,57.63597106933594],[-1.881943941116333,57.63597106933594],[-1.881943941116333,57.63541793823248],[-1.881389975547734,57.63541793823248],[-1.881389975547734,57.635139465332145],[-1.880833983421326,57.635139465332145],[-1.880833983421326,57.634582519531364],[-1.880277037620488,57.634582519531364],[-1.880277037620488,57.634304046631144],[-1.879721045494023,57.634304046631144],[-1.879721045494023,57.63402938842796],[-1.879168033599854,57.63402938842796],[-1.879168033599854,57.63347244262718],[-1.878610968589669,57.63347244262718],[-1.878610968589669,57.6329154968264],[-1.878054976463261,57.6329154968264],[-1.878054976463261,57.63263702392584],[-1.877498984336796,57.63263702392584],[-1.877498984336796,57.632362365722656],[-1.876945018768197,57.632362365722656],[-1.876945018768197,57.632083892822436],[-1.876389026641789,57.632083892822436],[-1.876389026641789,57.631805419922046],[-1.875834941864014,57.631805419922046],[-1.875833034515324,57.631248474121094],[-1.875277042388859,57.631248474121094],[-1.875277042388859,57.63097381591825],[-1.874722957611084,57.63097381591825],[-1.874722957611084,57.63041687011713],[-1.873610973358041,57.63041687011713],[-1.873610973358041,57.63013839721674],[-1.873105049133301,57.63013839721674],[-1.873054981231633,57.62985992431635],[-1.872647047042847,57.62985992431635],[-1.872501015663147,57.62985992431635],[-1.872501015663147,57.62976837158226],[-1.872501015663147,57.629581451416016],[-1.872190952301025,57.629581451416016],[-1.871945023536568,57.629581451416016],[-1.871945023536568,57.62942886352539],[-1.871945023536568,57.62930679321295],[-1.87174201011652,57.62930679321295],[-1.870833039283696,57.62930679321295],[-1.870833039283696,57.628753662109546],[-1.87027895450592,57.62874984741222],[-1.87027895450592,57.62847137451183],[-1.869722962379456,57.62847137451183],[-1.869722962379456,57.62819290161144],[-1.869166970252991,57.62819290161144],[-1.869166970252991,57.6279182434082],[-1.868610978126526,57.6279182434082],[-1.868610978126526,57.62763977050804],[-1.868057012557983,57.62763977050804],[-1.868057012557983,57.62736129760765],[-1.867501020431519,57.62736129760765],[-1.867501020431519,57.62708282470726],[-1.866945028305054,57.62708282470726],[-1.866945028305054,57.62652587890648],[-1.865831971168518,57.62652587890648],[-1.865831971168518,57.626251220703125],[-1.865278005599976,57.626251220703125],[-1.865278005599976,57.625972747802734],[-1.864722013473511,57.625972747802734],[-1.864722013473511,57.625694274902514],[-1.864166021347046,57.625694274902514],[-1.864166021347046,57.625415802002124],[-1.863055944442692,57.625415802002124],[-1.863055944442692,57.62486267089872],[-1.862499952316227,57.62486267089872],[-1.862499952316227,57.62458419799833],[-1.861387968063354,57.62458419799833],[-1.861387968063354,57.62430572509777],[-1.86027801036829,57.62430572509777],[-1.86027801036829,57.62374877929682],[-1.858611941337529,57.62374877929682],[-1.858611941337529,57.62347412109398],[-1.857499957084599,57.62347030639643],[-1.857499957084599,57.623195648193416],[-1.856389999389592,57.623195648193416],[-1.856389999389592,57.622917175293026],[-1.855834007263127,57.622917175293026],[-1.855834007263127,57.622638702392635],[-1.854722023010254,57.622638702392635],[-1.854722023010254,57.6223602294923],[-1.854168057441655,57.6223602294923],[-1.854168057441655,57.62208175659191],[-1.852499008178597,57.62208175659191],[-1.852499008178597,57.62180709838867],[-1.851943016052189,57.62180709838867],[-1.851943016052189,57.62152862548828],[-1.851389050483704,57.62152862548828],[-1.851389050483704,57.62125015258812],[-1.849166989326477,57.62125015258812],[-1.849166989326477,57.62097167968773],[-1.848055005073547,57.62097167968773],[-1.848055005073547,57.62069320678734],[-1.84694504737854,57.62069320678734],[-1.84694504737854,57.62041854858393],[-1.845832943916321,57.620414733886946],[-1.845832943916321,57.620140075683594],[-1.845276951789856,57.620140075683594],[-1.845276951789856,57.6198616027832],[-1.844356553661761,57.6198616027832],[-1.844166994094849,57.619748101494075],[-1.844166994094849,57.61958312988281],[-1.843891473460476,57.61958312988281],[-1.843611001968384,57.619415193880236],[-1.843611001968384,57.61930465698259],[-1.843426393259476,57.61930465698259],[-1.822500380616289,57.606774931102485],[-1.822500944137516,57.60652923583996],[-1.823055028915405,57.60652923583996],[-1.823055028915405,57.605781555175895],[-1.823055028915405,57.605415344238565],[-1.82361102104187,57.605415344238565],[-1.82361102104187,57.60486221313499],[-1.824167013168335,57.60486221313499],[-1.824167013168335,57.60402679443365],[-1.824720978736877,57.60402679443365],[-1.824720978736877,57.60180664062494],[-1.825276970863342,57.60180664062494],[-1.825276970863342,57.60152816772455],[-1.825832962989807,57.60152816772455],[-1.825832962989807,57.60069274902344],[-1.826390027999878,57.60069274902344],[-1.826390027999878,57.59819412231468],[-1.826943039894104,57.59819412231468],[-1.826943039894104,57.59513854980463],[-1.827499985694772,57.59513854980463],[-1.827499985694772,57.594581604003906],[-1.82805597782135,57.594581604003906],[-1.82805597782135,57.59430694580084],[-1.827499985694772,57.59430694580084],[-1.827499985694772,57.59319305419933],[-1.82805597782135,57.59319305419933],[-1.82805597782135,57.59152603149437],[-1.827499985694772,57.59152603149437],[-1.827499985694772,57.590972900390625],[-1.82805597782135,57.590972900390625],[-1.82805597782135,57.587638854980526],[-1.827499985694772,57.587638854980526],[-1.827499985694772,57.58430480957048],[-1.826943039894104,57.58430480957048],[-1.826943039894104,57.58291625976574],[-1.826390027999878,57.58291625976574],[-1.826390027999878,57.579303741455305],[-1.825832962989807,57.579303741455305],[-1.825832962989807,57.57791519165056],[-1.825276970863342,57.57791519165056],[-1.825276970863342,57.57680511474638],[-1.824720978736877,57.57680511474638],[-1.824720978736877,57.575973510742415],[-1.824167013168335,57.575973510742415],[-1.824167013168335,57.57513809204107],[-1.82361102104187,57.57513809204107],[-1.82361102104187,57.57402801513672],[-1.823055028915405,57.57402801513672],[-1.823055028915405,57.573471069336165],[-1.822500944137516,57.573471069336165],[-1.82249903678894,57.57208251953125],[-1.821944952011052,57.57208251953125],[-1.821944952011052,57.57069396972685],[-1.821388959884587,57.57069396972685],[-1.821388959884587,57.569862365722884],[-1.820850968360901,57.569862365722884],[-1.820848941802865,57.569717407226676],[-1.820832967758179,57.56902694702154],[-1.82074594497675,57.56902694702154],[-1.820276975631714,57.56902694702154],[-1.820276975631714,57.56847381591814],[-1.819723010063115,57.56847381591814],[-1.819723010063115,57.56819534301775],[-1.819167017936707,57.56819534301775],[-1.819167017936707,57.56791687011719],[-1.818611025810242,57.56791687011719],[-1.818611025810242,57.56652832031244],[-1.818055033683777,57.56652832031244],[-1.818055033683777,57.56624984741205],[-1.817500948905888,57.56624984741205],[-1.817500948905888,57.564861297607536],[-1.816944956779423,57.564861297607536],[-1.816944956779423,57.564304351806925],[-1.816388964652958,57.564304351806925],[-1.816388964652958,57.564025878906534],[-1.81583297252655,57.564025878906534],[-1.81583297252655,57.56319427490257],[-1.815279006957951,57.56319427490257],[-1.815279006957951,57.56291580200218],[-1.814723014831486,57.56291580200218],[-1.814723014831486,57.56236267089844],[-1.814167022705078,57.56236267089844],[-1.814167022705078,57.56208419799822],[-1.813609957694894,57.56208419799822],[-1.813609957694894,57.561527252197266],[-1.813056945800724,57.561527252197266],[-1.813056945800724,57.560974121094034],[-1.81250095367426,57.560970306396484],[-1.81250095367426,57.56069564819347],[-1.811944007873421,57.56069564819347],[-1.811944007873421,57.56013870239252],[-1.811388015747013,57.56013870239252],[-1.811388015747013,57.5595817565918],[-1.810834050178528,57.5595817565918],[-1.810834050178528,57.55930709838873],[-1.810278058051949,57.55930709838873],[-1.810278058051949,57.55902862548834],[-1.809721946716309,57.55902862548834],[-1.809721946716309,57.558750152588004],[-1.809165954589844,57.558750152588004],[-1.809165954589844,57.55819320678722],[-1.808611989021301,57.55819320678722],[-1.808611989021301,57.557918548583984],[-1.808055996894836,57.557914733887],[-1.808055996894836,57.55764007568382],[-1.800277948379517,57.55764007568382],[-1.800277948379517,57.55736160278343],[-1.799721002578735,57.55736160278343],[-1.799721002578735,57.55680465698265],[-1.799167990684509,57.55680465698265],[-1.799167990684509,57.555694580078296],[-1.799721002578735,57.555694580078296],[-1.799721002578735,57.555416107177905],[-1.800833940505981,57.555416107177905],[-1.800833940505981,57.555137634277344],[-1.803611993789673,57.555137634277344],[-1.803611993789673,57.55430603027355],[-1.804165959358215,57.55430603027355],[-1.804165959358215,57.55402755737299],[-1.80472195148468,57.55402755737299],[-1.80472195148468,57.55347061157221],[-1.805277943611145,57.55347061157221],[-1.805277943611145,57.550235748291016],[-1.805277943611145,57.549583435058594],[-1.80472195148468,57.549583435058594],[-1.80472195148468,57.54902648925798],[-1.804206967353764,57.54902648925798],[-1.804165959358215,57.54735946655268],[-1.803611993789673,57.54735946655268],[-1.803611993789673,57.546527862548885],[-1.803056001663208,57.546527862548885],[-1.803056001663208,57.54541778564453],[-1.802500009536743,57.54541778564453],[-1.802500009536743,57.54458236694359],[-1.801944017410278,57.54458236694359],[-1.801944017410278,57.54347229003906],[-1.802500009536743,57.54347229003906],[-1.802500009536743,57.54291534423845],[-1.803056001663208,57.54291534423845],[-1.803056001663208,57.54236221313488],[-1.803611993789673,57.54236221313488],[-1.803611993789673,57.541248321533146],[-1.804165959358215,57.541248321533146],[-1.804165959358215,57.540416717529354],[-1.80472195148468,57.540416717529354],[-1.80472195148468,57.53958511352556],[-1.805277943611145,57.53958511352556],[-1.805277943611145,57.53902816772461],[-1.805834054946899,57.53902816772461],[-1.805834054946899,57.53597259521496],[-1.806388020515328,57.53597259521496],[-1.806388020515328,57.53013992309582],[-1.805834054946899,57.53013992309582],[-1.805834054946899,57.529304504394815],[-1.805277943611145,57.529304504394815],[-1.805277943611145,57.52819442749046],[-1.80472195148468,57.52819442749046],[-1.80472195148468,57.52763748168951],[-1.804165959358215,57.52763748168951],[-1.804165959358215,57.52736282348633],[-1.803611993789673,57.52736282348633],[-1.803611993789673,57.52680587768572],[-1.803056001663208,57.52680587768572],[-1.803056001663208,57.526248931884766],[-1.802500009536743,57.526248931884766],[-1.802500009536743,57.525970458984375],[-1.801944017410278,57.525970458984375],[-1.801944017410278,57.5254173278808],[-1.801390051841736,57.5254173278808],[-1.801390051841736,57.52513885498041],[-1.800833940505981,57.52513885498041],[-1.800833940505981,57.52486038208002],[-1.800277948379517,57.52486038208002],[-1.800277948379517,57.52458190917969],[-1.799721002578735,57.52458190917969],[-1.799721002578735,57.52430725097662],[-1.799167990684509,57.52430725097662],[-1.799167990684509,57.52402877807623],[-1.798611044883671,57.52402877807623],[-1.798611044883671,57.52236175537132],[-1.798055052757263,57.52236175537132],[-1.798055052757263,57.52152633667015],[-1.798611044883671,57.52152633667015],[-1.798611044883671,57.51902770996088],[-1.798055052757263,57.51902770996088],[-1.798055052757263,57.5184707641601],[-1.797498941421452,57.5184707641601],[-1.797498941421452,57.51708221435558],[-1.796944975852909,57.51708221435558],[-1.796944975852909,57.51680374145519],[-1.796388983726445,57.51680374145519],[-1.796388983726445,57.51652908325195],[-1.79583299159998,57.51652908325195],[-1.79583299159998,57.51625061035179],[-1.795276999473515,57.51625061035179],[-1.795276999473515,57.5159721374514],[-1.792770028114319,57.5159721374514],[-1.788611054420414,57.5159721374514],[-1.788611054420414,57.51569366455101],[-1.786944985389596,57.51569366455101],[-1.786944985389596,57.51541519165062],[-1.785279035568124,57.51541519165062],[-1.785279035568124,57.514862060546875],[-1.784721970558167,57.514862060546875],[-1.784721970558167,57.514583587646484],[-1.784165978431702,57.514583587646484],[-1.784165978431702,57.514305114746264],[-1.783609986305237,57.514305114746264],[-1.783609986305237,57.514026641845874],[-1.783056020736694,57.514026641845874],[-1.783056020736694,57.51347351074247],[-1.782500028610229,57.51347351074247],[-1.782500028610229,57.51319503784208],[-1.781944036483765,57.51319503784208],[-1.781944036483765,57.51291656494152],[-1.7813880443573,57.51291656494152],[-1.7813880443573,57.51263809204096],[-1.780833959579411,57.51263809204096],[-1.780833959579411,57.51235961914057],[-1.779721975326538,57.51235961914057],[-1.779721975326538,57.51208496093773],[-1.779165983200073,57.51208496093773],[-1.779165983200073,57.511806488037166],[-1.77472198009491,57.511806488037166],[-1.77472198009491,57.511528015136776],[-1.773612022399902,57.511528015136776],[-1.773612022399902,57.511249542236385],[-1.773056030273438,57.511249542236385],[-1.773056030273438,57.51041793823242],[-1.77249896526331,57.51041793823242],[-1.77249896526331,57.50958251953148],[-1.771945953369084,57.50958251953148],[-1.771945953369084,57.50930404663109],[-1.771389007568246,57.50930404663109],[-1.771389007568246,57.50902938842768],[-1.770833015441838,57.50902938842768],[-1.770833015441838,57.508750915527344],[-1.769721031188908,57.508750915527344],[-1.769721031188908,57.50847244262695],[-1.769166946411133,57.50847244262695],[-1.769166946411133,57.50791549682634],[-1.768610954284668,57.50791549682634],[-1.768610954284668,57.50763702392595],[-1.768054962158203,57.50763702392595],[-1.768054962158203,57.50736236572277],[-1.767498970031625,57.50736236572277],[-1.767498970031625,57.50708389282255],[-1.766581003066401,57.50708389282255],[-1.766891921768618,57.50624847412104],[-1.766945004463196,57.50624847412104],[-1.766945004463196,57.50610584430989],[-1.767097781183137,57.505695343017805],[-1.768054962158203,57.505695343017805],[-1.768054962158203,57.505416870117244],[-1.768610954284668,57.505416870117244],[-1.768610954284668,57.5040283203125],[-1.768054962158203,57.5040283203125],[-1.768054962158203,57.50374984741211],[-1.767821838434664,57.50374984741211],[-1.768959034235353,57.50069427490263],[-1.769721031188908,57.50069427490263],[-1.769721031188908,57.50041580200224],[-1.771975040435791,57.50041580200224],[-1.773612022399902,57.50041580200224],[-1.773612022399902,57.500137329101676],[-1.775833964347783,57.500137329101676],[-1.775833964347783,57.499862670898665],[-1.776389956474247,57.499862670898665],[-1.776389956474247,57.499584197998274],[-1.777500033378601,57.499584197998274],[-1.777500033378601,57.50097274780285],[-1.778056025505066,57.50097274780285],[-1.778056025505066,57.50208282470703],[-1.779165983200073,57.50208282470703],[-1.779165983200073,57.50236129760742],[-1.779721975326538,57.50236129760742],[-1.779721975326538,57.502639770507756],[-1.780277967453003,57.502639770507756],[-1.780277967453003,57.502918243408146],[-1.7813880443573,57.502918243408146],[-1.7813880443573,57.503192901611555],[-1.785832047462463,57.503192901611555],[-1.785832047462463,57.502918243408146],[-1.786388039588928,57.502918243408146],[-1.786388039588928,57.502639770507756],[-1.786944985389596,57.502639770507756],[-1.786944985389596,57.50208282470703],[-1.787500977516174,57.50208282470703],[-1.787500977516174,57.50152969360363],[-1.788056969642639,57.50152587890642],[-1.788056969642639,57.499584197998274],[-1.788611054420414,57.499584197998274],[-1.788611054420414,57.499305725097884],[-1.789167046546879,57.499305725097884],[-1.789167046546879,57.49847412109392],[-1.789723038673344,57.49847412109392],[-1.789723038673344,57.49763870239258],[-1.790277004241887,57.49763870239258],[-1.790277004241887,57.497081756592024],[-1.789723038673344,57.497081756592024],[-1.789723038673344,57.496250152587834],[-1.788611054420414,57.496250152587834],[-1.788611054420414,57.496528625488224],[-1.786388039588928,57.496528625488224],[-1.786388039588928,57.496250152587834],[-1.785832047462463,57.496250152587834],[-1.785832047462463,57.49541854858404],[-1.786388039588928,57.49541854858404],[-1.786388039588928,57.494583129882926],[-1.786944985389596,57.494583129882926],[-1.786944985389596,57.494304656982706],[-1.786388039588928,57.494304656982706],[-1.786388039588928,57.494026184082315],[-1.785832047462463,57.494026184082315],[-1.785832047462463,57.493751525879134],[-1.784721970558167,57.493751525879134],[-1.784721970558167,57.49347305297874],[-1.784165978431702,57.49347305297874],[-1.784165978431702,57.49319458007835],[-1.783056020736694,57.49319458007835],[-1.783056020736694,57.494026184082315],[-1.782500028610229,57.494026184082315],[-1.782500028610229,57.494304656982706],[-1.781944036483765,57.494304656982706],[-1.781944036483765,57.49486160278332],[-1.7813880443573,57.49486160278332],[-1.7813880443573,57.49514007568371],[-1.779721975326538,57.49514007568371],[-1.779721975326538,57.49486160278332],[-1.779165983200073,57.49486160278332],[-1.779165983200073,57.493751525879134],[-1.779721975326538,57.493751525879134],[-1.779721975326538,57.49347305297874],[-1.780277967453003,57.49347305297874],[-1.780277967453003,57.492778778076456],[-1.780277967453003,57.4926376342774],[-1.780578970909119,57.4926376342774],[-1.780833959579411,57.4926376342774],[-1.780833959579411,57.491249084472656],[-1.7813880443573,57.491249084472656],[-1.7813880443573,57.490970611572266],[-1.781944036483765,57.490970611572266],[-1.781944036483765,57.48902893066412],[-1.782500028610229,57.48902893066412],[-1.782500028610229,57.488471984863395],[-1.783056020736694,57.488471984863395],[-1.783056020736694,57.488193511963004],[-1.783609986305237,57.488193511963004],[-1.783609986305237,57.487915039062784],[-1.784165978431702,57.487915039062784],[-1.784165978431702,57.4876403808596],[-1.785279035568124,57.4876403808596],[-1.785279035568124,57.48736190795921],[-1.786944985389596,57.48736190795921],[-1.786944985389596,57.48708343505882],[-1.788056969642639,57.48708343505882],[-1.788056969642639,57.48680496215843],[-1.789167046546879,57.48680496215843],[-1.789167046546879,57.48652648925804],[-1.790277004241887,57.48652648925804],[-1.790277004241887,57.48625183105469],[-1.791388988494816,57.48625183105469],[-1.791388988494816,57.4859733581543],[-1.791944980621281,57.4859733581543],[-1.791944980621281,57.485416412353686],[-1.793611049652043,57.485416412353686],[-1.793611049652043,57.485137939453125],[-1.794167041778508,57.485137939453125],[-1.794167041778508,57.484859466552734],[-1.794723033904972,57.484859466552734],[-1.794723033904972,57.48347091674799],[-1.794167041778508,57.48347091674799],[-1.794167041778508,57.48319625854498],[-1.793611049652043,57.48319625854498],[-1.793611049652043,57.4826393127442],[-1.793055057525635,57.4826393127442],[-1.793055057525635,57.482360839843864],[-1.792500972747689,57.482360839843864],[-1.792500972747689,57.48208236694347],[-1.791388988494816,57.48208236694347],[-1.791388988494816,57.48180389404308],[-1.790832996368351,57.48180389404308],[-1.790832996368351,57.481529235839844],[-1.789723038673344,57.481529235839844],[-1.789723038673344,57.48125076293968],[-1.788056969642639,57.48125076293968],[-1.788056969642639,57.48097229003929],[-1.785279035568124,57.48097229003929],[-1.785279035568124,57.4806938171389],[-1.784721970558167,57.4806938171389],[-1.784721970558167,57.480140686035156],[-1.784165978431702,57.480140686035156],[-1.784165978431702,57.479026794433764],[-1.783609986305237,57.479026794433764],[-1.783609986305237,57.4787483215332],[-1.783061027526799,57.4787483215332],[-1.783056020736694,57.47847366333036],[-1.781944036483765,57.47847366333036],[-1.781944036483765,57.47819519042997],[-1.7813880443573,57.47819519042997],[-1.7813880443573,57.47791671752941],[-1.780833959579411,57.47791671752941],[-1.780833959579411,57.47763824462885],[-1.779721975326538,57.47763824462885],[-1.779721975326538,57.47708511352562],[-1.779165983200073,57.47708511352562],[-1.779165983200073,57.47680664062506],[-1.778612017631531,57.47680664062506],[-1.778612017631531,57.476528167724666],[-1.778056025505066,57.476528167724666],[-1.778056025505066,57.47625124017995],[-1.778343881561115,57.475477789336196],[-1.810567530678455,57.43708419799833],[-1.811388015747013,57.43708419799833],[-1.811388015747013,57.43680572509794],[-1.811944007873421,57.43680572509794],[-1.811944007873421,57.43652725219738],[-1.81250095367426,57.43652725219738],[-1.81250095367426,57.43624877929682],[-1.813609957694894,57.43624877929682],[-1.813609957694894,57.43597412109398],[-1.815279006957951,57.43597412109398],[-1.815279006957951,57.43375015258789],[-1.81583297252655,57.43375015258789],[-1.81583297252655,57.43347167968773],[-1.816388964652958,57.43347167968773],[-1.816388964652958,57.43264007568354],[-1.81583297252655,57.43264007568354],[-1.81583297252655,57.43208312988281],[-1.815279006957951,57.43208312988281],[-1.815279006957951,57.43180465698242],[-1.814998636789372,57.43180465698242],[-1.822224797549153,57.423194885254134],[-1.82249903678894,57.423194885254134],[-1.822500944137516,57.42291641235374],[-1.823055028915405,57.42291641235374],[-1.823055028915405,57.42263793945318],[-1.82361102104187,57.42263793945318],[-1.82361102104187,57.42235946655279],[-1.824167013168335,57.42235946655279],[-1.824167013168335,57.42208480834978],[-1.824720978736877,57.42208480834978],[-1.824720978736877,57.42152786254883],[-1.825276970863342,57.42152786254883],[-1.825276970863342,57.42124938964844],[-1.825832962989807,57.42124938964844],[-1.825832962989807,57.42097091674805],[-1.826390027999878,57.42097091674805],[-1.826390027999878,57.420696258545036],[-1.826943039894104,57.420696258545036],[-1.826943039894104,57.420417785644474],[-1.827499985694772,57.420417785644474],[-1.827499985694772,57.41986083984369],[-1.82805597782135,57.41986083984369],[-1.82805597782135,57.41930389404297],[-1.828611969947815,57.41930389404297],[-1.828611969947815,57.41875076293957],[-1.82916605472559,57.41875076293957],[-1.82916605472559,57.41736221313499],[-1.828611969947815,57.41736221313499],[-1.828611969947815,57.4170837402346],[-1.827949800957853,57.4170837402346],[-1.840979838383545,57.409027099609546],[-1.841945052146912,57.409027099609546],[-1.841945052146912,57.409305572509936],[-1.843055009841919,57.409305572509936],[-1.843055009841919,57.409584045410156],[-1.844166994094849,57.409584045410156],[-1.844166994094849,57.4101371765139],[-1.844722986221313,57.4101371765139],[-1.844722986221313,57.41041564941429],[-1.845276951789856,57.41041564941429],[-1.845276951789856,57.41069412231468],[-1.845832943916321,57.41069412231468],[-1.845832943916321,57.41097259521507],[-1.846245050430298,57.41097259521507],[-1.846389055252075,57.41097259521507],[-1.846389055252075,57.411529541015625],[-1.84694504737854,57.411529541015625],[-1.84694504737854,57.41263961791998],[-1.847501039505005,57.41263961791998],[-1.847501039505005,57.41291809082037],[-1.849166989326477,57.41291809082037],[-1.849166989326477,57.41263961791998],[-1.850276947021484,57.41263961791998],[-1.850276947021484,57.412361145019645],[-1.850833058357125,57.412361145019645],[-1.850833058357125,57.412082672119254],[-1.851389050483704,57.412082672119254],[-1.851389050483704,57.411804199218864],[-1.851943016052189,57.411804199218864],[-1.851943016052189,57.41125106811546],[-1.852499008178597,57.41125106811546],[-1.852499008178597,57.41097259521507],[-1.853055000305176,57.41097259521507],[-1.853055000305176,57.41069412231468],[-1.8536119461059,57.41069412231468],[-1.8536119461059,57.41041564941429],[-1.854168057441655,57.41041564941429],[-1.854168057441655,57.4101371765139],[-1.854722023010254,57.4101371765139],[-1.854722023010254,57.40986251831055],[-1.855834007263127,57.40986251831055],[-1.855834007263127,57.409584045410156],[-1.856389999389592,57.409584045410156],[-1.856389999389592,57.409305572509936],[-1.856943964958134,57.409305572509936],[-1.856943964958134,57.409027099609546],[-1.857499957084599,57.409027099609546],[-1.857499957084599,57.408473968506144],[-1.858055949211064,57.408473968506144],[-1.858055949211064,57.40819549560575],[-1.858611941337529,57.40819549560575],[-1.858611941337529,57.40763854980463],[-1.859166026115417,57.40763854980463],[-1.859166026115417,57.40736007690424],[-1.859722018241882,57.40736007690424],[-1.859722018241882,57.40680694580084],[-1.86027801036829,57.40680694580084],[-1.86027801036829,57.40625],[-1.860834002494755,57.40625],[-1.860834002494755,57.40597152709972],[-1.861387968063354,57.40597152709972],[-1.861387968063354,57.40569305419933],[-1.861943960189762,57.40569305419933],[-1.861943960189762,57.4051399230957],[-1.862499952316227,57.4051399230957],[-1.862499952316227,57.40458297729515],[-1.863055944442692,57.40458297729515],[-1.863055944442692,57.403751373291016],[-1.863610029220581,57.403751373291016],[-1.863610029220581,57.40208435058622],[-1.864166021347046,57.40208435058622],[-1.864166021347046,57.39791488647484],[-1.863610029220581,57.39791488647484],[-1.863610029220581,57.3970832824707],[-1.863055944442692,57.3970832824707],[-1.863055944442692,57.39597320556652],[-1.862091953947273,57.39597320556652],[-1.944173951555256,57.34522084508516],[-1.957625301124447,57.32930374145519],[-1.958055019378548,57.32930374145519],[-1.958055019378548,57.32902908325195],[-1.958611011505127,57.32902908325195],[-1.958611011505127,57.3284721374514],[-1.959167003631592,57.3284721374514],[-1.959167003631592,57.32819366455101],[-1.959720969200021,57.32819366455101],[-1.959720969200021,57.32791519165062],[-1.960276961326599,57.32791519165062],[-1.960276961326599,57.32764053344721],[-1.960834026336613,57.32764053344721],[-1.960834026336613,57.327362060546875],[-1.961390018463078,57.327362060546875],[-1.961390018463078,57.32764053344721],[-1.962499976158085,57.32764053344721],[-1.962499976158085,57.327362060546875],[-1.963228940963745,57.327362060546875],[-1.966943979263306,57.327362060546875],[-1.966943979263306,57.327083587646484],[-1.967499971389771,57.327083587646484],[-1.967499971389771,57.326805114746094],[-1.968611955642643,57.326805114746094],[-1.968611955642643,57.326526641845874],[-1.969166040420532,57.326526641845874],[-1.969166040420532,57.32624816894548],[-1.969722032546997,57.32624816894548],[-1.969722032546997,57.3259735107423],[-1.970278024673462,57.3259735107423],[-1.970278024673462,57.32569503784208],[-1.970834016799927,57.32569503784208],[-1.970834016799927,57.32541656494169],[-1.971387982368469,57.32541656494169],[-1.971387982368469,57.32513809204113],[-1.971943974494934,57.32513809204113],[-1.971943974494934,57.32458496093773],[-1.972499966621399,57.32458496093773],[-1.972499966621399,57.32430648803734],[-1.97305703163147,57.32430648803734],[-1.97305703163147,57.323471069335994],[-1.973610043525696,57.323471069335994],[-1.973610043525696,57.32208251953148],[-1.974166035652161,57.32208251953148],[-1.974166035652161,57.32125091552729],[-1.974722981452942,57.32125091552729],[-1.974722981452942,57.32097244262695],[-1.975278973579407,57.32097244262695],[-1.975278973579407,57.31958389282238],[-1.975831985473633,57.31958389282238],[-1.975831985473633,57.31930541992216],[-1.976389050483647,57.31930541992216],[-1.976389050483647,57.31902694702177],[-1.976945042610112,57.31902694702177],[-1.976945042610112,57.318473815918196],[-1.97750103473652,57.318473815918196],[-1.97750103473652,57.318195343017805],[-1.978610992431584,57.318195343017805],[-1.978610992431584,57.317638397216854],[-1.979166984557992,57.317638397216854],[-1.979166984557992,57.31680679321306],[-1.97972297668457,57.31680679321306],[-1.97972297668457,57.31597137451172],[-1.980276942253056,57.31597137451172],[-1.980276942253056,57.315418243408146],[-1.98083305358881,57.315418243408146],[-1.98083305358881,57.31458282470703],[-1.981389045715275,57.31458282470703],[-1.981389045715275,57.31375122070324],[-1.98194503784174,57.31375122070324],[-1.98194503784174,57.31319427490246],[-1.982499003410283,57.31319427490246],[-1.982499003410283,57.31263732910185],[-1.983054995536747,57.31263732910185],[-1.983054995536747,57.312084197998274],[-1.984166979789677,57.312084197998274],[-1.984166979789677,57.31124877929693],[-1.98472094535822,57.31124877929693],[-1.98472094535822,57.31097412109375],[-1.985833048820439,57.31097412109375],[-1.985833048820439,57.31069564819353],[-1.987498998641911,57.31069564819353],[-1.987498998641911,57.31013870239258],[-1.988055944442749,57.31013870239258],[-1.988055944442749,57.309307098388786],[-1.988612055778503,57.309307098388786],[-1.988612055778503,57.308750152587834],[-1.989168047904968,57.308750152587834],[-1.989168047904968,57.30569458007835],[-1.989722013473511,57.30569458007835],[-1.989722013473511,57.30513763427757],[-1.990278005599976,57.30513763427757],[-1.990278005599976,57.303749084472656],[-1.99083399772644,57.303749084472656],[-1.99083399772644,57.303470611572266],[-1.991389989852905,57.303470611572266],[-1.991389989852905,57.303195953369425],[-1.991943955421448,57.303195953369425],[-1.991943955421448,57.302917480468864],[-1.992499947547913,57.302917480468864],[-1.992499947547913,57.3026390075683],[-1.993056058883667,57.3026390075683],[-1.993056058883667,57.30208206176752],[-1.993612051010132,57.30208206176752],[-1.993612051010132,57.30125045776373],[-1.994166016578674,57.30125045776373],[-1.994166016578674,57.300971984863395],[-1.994722008705139,57.300971984863395],[-1.994722008705139,57.300415039062614],[-1.995278000831604,57.300415039062614],[-1.995278000831604,57.29958343505882],[-1.995833992958069,57.29958343505882],[-1.995833992958069,57.29930496215843],[-1.996387958526611,57.29930496215843],[-1.996387958526611,57.2984733581543],[-1.996943950653076,57.2984733581543],[-1.996943950653076,57.297916412353686],[-1.997499942779541,57.297916412353686],[-1.997499942779541,57.297359466552734],[-1.998056054115295,57.297359466552734],[-1.998056054115295,57.2968063354495],[-1.998610019683724,57.2968063354495],[-1.998610019683724,57.29652786254894],[-1.999166011810303,57.29652786254894],[-1.999166011810303,57.29624938964838],[-1.999722003936768,57.29624938964838],[-1.999722003936768,57.29569625854515],[-2.000278949737435,57.29569625854515],[-2.000832080841008,57.29569625854515],[-2.000832080841008,57.29541778564459],[-2.000832080841008,57.29458236694347],[-2.001388072967472,57.29458236694347],[-2.001388072967472,57.29430389404308],[-2.001945018768254,57.29430389404308],[-2.001945018768254,57.294029235839844],[-2.002501010894719,57.294029235839844],[-2.002501010894719,57.2926406860351],[-2.003053903579712,57.2926406860351],[-2.003053903579712,57.292083740234375],[-2.003611087799072,57.292083740234375],[-2.003611087799072,57.291805267333984],[-2.004167079925537,57.291805267333984],[-2.004167079925537,57.291526794433764],[-2.003611087799072,57.291526794433764],[-2.003611087799072,57.291248321533374],[-2.004167079925537,57.291248321533374],[-2.004167079925537,57.29069519042997],[-2.004723072052002,57.29069519042997],[-2.004723072052002,57.28985977172846],[-2.00527906417841,57.28985977172846],[-2.00527906417841,57.289028167724666],[-2.005832910537663,57.289028167724666],[-2.005832910537663,57.288471221923885],[-2.006388902664128,57.288471221923885],[-2.006388902664128,57.28791809082031],[-2.006944894790593,57.28791809082031],[-2.006944894790593,57.28763961791992],[-2.007498979568481,57.28763961791992],[-2.007500886917001,57.28652954101557],[-2.008054971694946,57.28652954101557],[-2.008054971694946,57.285972595214844],[-2.008610963821354,57.285972595214844],[-2.008610963821354,57.28541564941406],[-2.009166955947819,57.28541564941406],[-2.009166955947819,57.28458404541027],[-2.009722948074284,57.28458404541027],[-2.009722948074284,57.28347396850609],[-2.010277032852173,57.28347396850609],[-2.010277032852173,57.282917022705305],[-2.010833024978638,57.282917022705305],[-2.010833024978638,57.28208160400396],[-2.011389017105103,57.28208160400396],[-2.011389017105103,57.28152847290039],[-2.011945009231511,57.28152847290039],[-2.011945009231511,57.28097152709961],[-2.013055086135864,57.28097152709961],[-2.013055086135864,57.28041839599604],[-2.013611078262329,57.28041839599604],[-2.013611078262329,57.279861450195256],[-2.01416802406311,57.279861450195256],[-2.01416802406311,57.27930450439453],[-2.014720916748047,57.27930450439453],[-2.014720916748047,57.27847290039074],[-2.015276908874455,57.27847290039074],[-2.015276908874455,57.27763748168974],[-2.015834093093815,57.27763748168974],[-2.015834093093815,57.277084350586165],[-2.016390085220223,57.277084350586165],[-2.016390085220223,57.276527404785384],[-2.01694393157959,57.276527404785384],[-2.01694393157959,57.27569580078142],[-2.017499923706055,57.27569580078142],[-2.017499923706055,57.27486038208008],[-2.01805591583252,57.27486038208008],[-2.01805591583252,57.274307250976676],[-2.018611907958984,57.274307250976676],[-2.018611907958984,57.273750305175724],[-2.01916599273676,57.273750305175724],[-2.01916599273676,57.273193359375],[-2.019721984863168,57.273193359375],[-2.019721984863168,57.27208328247082],[-2.020277976989746,57.27208328247082],[-2.020277976989746,57.271526336670206],[-2.020833969116211,57.271526336670206],[-2.020833969116211,57.27069473266624],[-2.021389961242676,57.27069473266624],[-2.021389961242676,57.2698593139649],[-2.021944046020451,57.2698593139649],[-2.021944046020451,57.2693061828615],[-2.022500038146916,57.2693061828615],[-2.022500038146916,57.26874923706055],[-2.023056030273381,57.26874923706055],[-2.023056030273381,57.268196105957315],[-2.02361011505127,57.268196105957315],[-2.02361011505127,57.2673606872558],[-2.024166107177734,57.2673606872558],[-2.024166107177734,57.26680374145508],[-2.024722099304142,57.26680374145508],[-2.024722099304142,57.265972137451286],[-2.025278091430607,57.265972137451286],[-2.025278091430607,57.265140533447266],[-2.025834083557072,57.265140533447266],[-2.025834083557072,57.26430511474632],[-2.026387929916325,57.26430511474632],[-2.026387929916325,57.26411854959712],[-2.130732780298665,57.31538275522062],[-2.158371125297688,57.34708492118052],[-2.218830004983053,57.38900162020791],[-2.312109419354758,57.449463450851795],[-2.342094167598949,57.56813124205888],[-2.367387200920388,57.675415039062784],[-2.367217063903695,57.675415039062784],[-2.366944074630737,57.675415039062784],[-2.366944074630737,57.675514221191634],[-2.366944074630737,57.675693511963175],[-2.366446971893254,57.675693511963175],[-2.364721059799137,57.675693511963175],[-2.364721059799137,57.675971984863395],[-2.359723091125431,57.675971984863395],[-2.359723091125431,57.675693511963175],[-2.358055114746037,57.675693511963175],[-2.358055114746037,57.675415039062784],[-2.357501029968262,57.675415039062784],[-2.357501029968262,57.6751403808596],[-2.356389045715275,57.6751403808596],[-2.356389045715275,57.67486190795921],[-2.355499982833862,57.67486190795921],[-2.355277061462346,57.67486190795921],[-2.355277061462346,57.67478561401367],[-2.355277061462346,57.67458343505882],[-2.35472297668457,57.67458343505882],[-2.35472297668457,57.67430496215843],[-2.354166984558105,57.67430496215843],[-2.354166984558105,57.67402648925787],[-2.353610992431641,57.67402648925787],[-2.353610992431641,57.67375183105469],[-2.353055000305062,57.67375183105469],[-2.353055000305062,57.67319488525408],[-2.352500915527344,57.67319488525408],[-2.352500915527344,57.672916412353516],[-2.351944923400879,57.672916412353516],[-2.351944923400879,57.672359466552734],[-2.351387977600098,57.672359466552734],[-2.351387977600098,57.67208480834972],[-2.350831985473633,57.67208480834972],[-2.350831985473633,57.67152786254877],[-2.350279092788696,57.67152786254877],[-2.350279092788696,57.67097091674805],[-2.349721908569279,57.67097091674805],[-2.349721908569279,57.67069625854498],[-2.348056077957153,57.67069625854498],[-2.348056077957153,57.67041778564459],[-2.347500085830688,57.67041778564459],[-2.347500085830688,57.67069625854498],[-2.346388101577759,57.67069625854498],[-2.346388101577759,57.67097091674805],[-2.344722032546997,57.67097091674805],[-2.344722032546997,57.67108154296875],[-2.344722032546997,57.67124938964838],[-2.343611955642643,57.67124938964838],[-2.343611955642643,57.67152786254877],[-2.341389894485474,57.67152786254877],[-2.341389894485474,57.67208480834972],[-2.340833902358895,57.67208480834972],[-2.340833902358895,57.672359466552734],[-2.340277910232487,57.672359466552734],[-2.340277910232487,57.672637939453125],[-2.339721918106022,57.672637939453125],[-2.339721918106022,57.672916412353516],[-2.339168071746769,57.672916412353516],[-2.339168071746769,57.67347335815447],[-2.338612079620304,57.67347335815447],[-2.338612079620304,57.67375183105469],[-2.338056087493896,57.67375183105469],[-2.338056087493896,57.67402648925787],[-2.337498903274536,57.67402648925787],[-2.337498903274536,57.67430496215843],[-2.336389064788818,57.67430496215843],[-2.336389064788818,57.67458343505882],[-2.335277080535832,57.67458343505882],[-2.335277080535832,57.67486190795921],[-2.334167003631592,57.67486190795921],[-2.334167003631592,57.6751403808596],[-2.333611011505127,57.6751403808596],[-2.333611011505127,57.675693511963175],[-2.333055019378662,57.675693511963175],[-2.333055019378662,57.676528930664176],[-2.332499027252197,57.676528930664176],[-2.332499027252197,57.67680740356451],[-2.330832958221436,57.67680740356451],[-2.330832958221436,57.676528930664176],[-2.328610897064209,57.676528930664176],[-2.328610897064209,57.67680740356451],[-2.328054904937744,57.67680740356451],[-2.328054904937744,57.67708206176758],[-2.326945066452026,57.67708206176758],[-2.326945066452026,57.67736053466797],[-2.326389074325562,57.67736053466797],[-2.326389074325562,57.67791748046869],[-2.325833082199097,57.67791748046869],[-2.325833082199097,57.678195953369084],[-2.325278997421265,57.678195953369084],[-2.325278997421265,57.6801376342774],[-2.325833082199097,57.6801376342774],[-2.325833082199097,57.681251525879134],[-2.326389074325562,57.681251525879134],[-2.326389074325562,57.681526184082145],[-2.326945066452026,57.681526184082145],[-2.326945066452026,57.68680572509771],[-2.326389074325562,57.68680572509771],[-2.326389074325562,57.68791580200207],[-2.325833082199097,57.68791580200207],[-2.325833082199097,57.68819427490263],[-2.325278997421265,57.68819427490263],[-2.325278997421265,57.68847274780302],[-2.3247230052948,57.68847274780302],[-2.3247230052948,57.68875122070324],[-2.323610067367554,57.68875122070324],[-2.323610067367554,57.68902587890642],[-2.3224999904632,57.68902587890642],[-2.3224999904632,57.68930435180681],[-2.32138800621027,57.68930435180681],[-2.32138800621027,57.68958282470703],[-2.320833921432495,57.68958282470703],[-2.320832014083805,57.68986129760742],[-2.319721937179452,57.68986129760742],[-2.319721937179452,57.69013977050781],[-2.319165945053044,57.69013977050781],[-2.319165945053044,57.690418243408146],[-2.318612098693791,57.690418243408146],[-2.318612098693791,57.690971374511946],[-2.317500114440861,57.690971374511946],[-2.317500114440861,57.690692901611555],[-2.316943883895874,57.690692901611555],[-2.316943883895874,57.690971374511946],[-2.316387891769409,57.690971374511946],[-2.316387891769409,57.69124984741234],[-2.315278053283635,57.69124984741234],[-2.315278053283635,57.6915283203125],[-2.31472206115717,57.6915283203125],[-2.31472206115717,57.69180679321289],[-2.31361198425293,57.69180679321289],[-2.31361198425293,57.69208145141613],[-2.313055992126465,57.69208145141613],[-2.313055992126465,57.69235992431652],[-2.311943054199219,57.69235992431652],[-2.311943054199219,57.692638397216854],[-2.309166908264103,57.692638397216854],[-2.309166908264103,57.69235992431652],[-2.308054924011174,57.69235992431652],[-2.308054924011174,57.692638397216854],[-2.307498931884766,57.692638397216854],[-2.307498931884766,57.692916870117244],[-2.306945085525513,57.692916870117244],[-2.306945085525513,57.693473815918196],[-2.305833101272583,57.693473815918196],[-2.305833101272583,57.69374847412104],[-2.305277109146118,57.69374847412104],[-2.305277109146118,57.69402694702143],[-2.304723024368229,57.69402694702143],[-2.304723024368229,57.69430541992199],[-2.304167032241821,57.69430541992199],[-2.304167032241821,57.69458389282255],[-2.303611040115356,57.69458389282255],[-2.303611040115356,57.69486236572294],[-2.303055047988892,57.69486236572294],[-2.303055047988892,57.69513702392578],[-2.301388978958073,57.69513702392578],[-2.301388978958073,57.69541549682634],[-2.300832986831665,57.69541549682634],[-2.300832986831665,57.69569396972673],[-2.3002769947052,57.69569396972673],[-2.3002769947052,57.69597244262695],[-2.293610095977726,57.69597244262695],[-2.293610095977726,57.69569396972673],[-2.291944026947021,57.69569396972673],[-2.291944026947021,57.69541549682634],[-2.291388034820443,57.69541549682634],[-2.291388034820443,57.69513702392578],[-2.290833950042725,57.69513702392578],[-2.290833950042725,57.69486236572294],[-2.29027795791626,57.69486236572294],[-2.29027795791626,57.69458389282255],[-2.289721965789795,57.69458389282255],[-2.289721965789795,57.69430541992199],[-2.28916597366333,57.69430541992199],[-2.28916597366333,57.692916870117244],[-2.289721965789795,57.692916870117244],[-2.289721965789795,57.692638397216854],[-2.28916597366333,57.692638397216854],[-2.28916597366333,57.69235992431652],[-2.289721965789795,57.69235992431652],[-2.289721965789795,57.6915283203125],[-2.29027795791626,57.6915283203125],[-2.29027795791626,57.69124984741234],[-2.290833950042725,57.69124984741234],[-2.290833950042725,57.690971374511946],[-2.291388034820443,57.690971374511946],[-2.291388034820443,57.69084930419933],[-2.291388034820443,57.69013977050781],[-2.290833950042725,57.69013977050781],[-2.290833950042725,57.68986129760742],[-2.29027795791626,57.68986129760742],[-2.29027795791626,57.68958282470703],[-2.288055896759033,57.68958282470703],[-2.288055896759033,57.68930435180681],[-2.287499904632568,57.68930435180681],[-2.287499904632568,57.68958282470703],[-2.287246942520085,57.68958282470703],[-2.286390066146851,57.68958282470703],[-2.286390066146851,57.6893196105957],[-2.285834074020386,57.68930435180681],[-2.285834074020386,57.68915176391624],[-2.285834074020386,57.68902587890642],[-2.285425901412907,57.68902587890642],[-2.284168004989624,57.68902587890642],[-2.284168004989624,57.68930435180681],[-2.281388998031559,57.68930435180681],[-2.281388998031559,57.68902587890642],[-2.28027701377863,57.68902587890642],[-2.28027701377863,57.68875122070324],[-2.279166936874276,57.68875122070324],[-2.279166936874276,57.68847274780302],[-2.278610944747868,57.68847274780302],[-2.278610944747868,57.68819427490263],[-2.277498960494938,57.68819427490263],[-2.277498960494938,57.68791580200207],[-2.276388883590698,57.68791580200207],[-2.276388883590698,57.687637329101506],[-2.274723052978459,57.687637329101506],[-2.274723052978459,57.687362670898665],[-2.273611068725529,57.687362670898665],[-2.273611068725529,57.687084197998274],[-2.273055076599064,57.687084197998274],[-2.273055076599064,57.68680572509771],[-2.271944999694711,57.68680572509771],[-2.271944999694711,57.68652725219732],[-2.271389007568303,57.68652725219732],[-2.271389007568303,57.68624877929693],[-2.270278930664062,57.68624877929693],[-2.270278930664062,57.68597412109392],[-2.269721984863281,57.6859703063966],[-2.269721984863281,57.68513870239258],[-2.270278930664062,57.68513870239258],[-2.270278930664062,57.68439102172874],[-2.270278930664062,57.68236160278332],[-2.269721984863281,57.68236160278332],[-2.269721984863281,57.6820831298831],[-2.26694393157959,57.6820831298831],[-2.26694393157959,57.68236160278332],[-2.266387939453125,57.68236160278332],[-2.266387939453125,57.68264007568371],[-2.265278100967407,57.68264007568371],[-2.265278100967407,57.681804656982706],[-2.264722108840942,57.681804656982706],[-2.264722108840942,57.681251525879134],[-2.264166116714478,57.681251525879134],[-2.264166116714478,57.68069458007835],[-2.263612031936646,57.68069458007835],[-2.263612031936646,57.6801376342774],[-2.263056039810181,57.6801376342774],[-2.263056039810181,57.67986297607439],[-2.261389970779362,57.67986297607439],[-2.261388063430786,57.679584503174],[-2.259721994400024,57.679584503174],[-2.259721994400024,57.67986297607439],[-2.258611917495671,57.67986297607439],[-2.258611917495671,57.6801376342774],[-2.258055925369206,57.6801376342774],[-2.258055925369206,57.68041610717779],[-2.257498979568425,57.68041610717779],[-2.257498979568425,57.68069458007835],[-2.25694298744196,57.68069458007835],[-2.25694298744196,57.681251525879134],[-2.25639009475708,57.681251525879134],[-2.25639009475708,57.681526184082145],[-2.25583291053772,57.681526184082145],[-2.25583291053772,57.681804656982706],[-2.25416707992548,57.681804656982706],[-2.25416707992548,57.6820831298831],[-2.253055095672551,57.6820831298831],[-2.253055095672551,57.68236160278332],[-2.250277042388859,57.68236160278332],[-2.250277042388859,57.68264007568371],[-2.244723081588745,57.68264007568371],[-2.244723081588745,57.68236160278332],[-2.243057012557983,57.68236160278332],[-2.243057012557983,57.6820831298831],[-2.240832090377808,57.6820831298831],[-2.240832090377808,57.681804656982706],[-2.239166021347046,57.681804656982706],[-2.239166021347046,57.681526184082145],[-2.238055944442692,57.681526184082145],[-2.238055944442692,57.68097305297874],[-2.237499952316227,57.68097305297874],[-2.237499952316227,57.68069458007835],[-2.235833883285522,57.68069458007835],[-2.235833883285522,57.68097305297874],[-2.229383945465031,57.68097305297874],[-2.228610992431641,57.68097305297874],[-2.228610992431641,57.68075180053711],[-2.228409051895085,57.68074798584013],[-2.225832939147949,57.68069458007835],[-2.225832939147949,57.68041610717779],[-2.224723100662231,57.68041610717779],[-2.224723100662231,57.6801376342774],[-2.223054885864258,57.6801376342774],[-2.223054885864258,57.67986297607439],[-2.22083306312561,57.67986297607439],[-2.22083306312561,57.679584503174],[-2.218056917190495,57.679584503174],[-2.218054056167603,57.67930603027344],[-2.216387987136784,57.67930603027344],[-2.216387987136784,57.67902755737305],[-2.214721918106079,57.67902755737305],[-2.214721918106079,57.67930603027344],[-2.214165925979614,57.67930603027344],[-2.214165925979614,57.679584503174],[-2.21305608749384,57.679584503174],[-2.21305608749384,57.67930603027344],[-2.211388111114445,57.67930603027344],[-2.211388111114445,57.67902755737305],[-2.210278034210091,57.67902755737305],[-2.210278034210091,57.678749084472656],[-2.209722042083683,57.678749084472656],[-2.209722042083683,57.67847061157249],[-2.209166049957219,57.67847061157249],[-2.209166049957219,57.678195953369084],[-2.208611965179443,57.678195953369084],[-2.208611965179443,57.6776390075683],[-2.208055973052979,57.6776390075683],[-2.208055973052979,57.67736053466797],[-2.207499980926514,57.67736053466797],[-2.207499980926514,57.67708206176758],[-2.206943988799935,57.67708206176758],[-2.206943988799935,57.67680740356451],[-2.206389904022217,57.67680740356451],[-2.206389904022217,57.676528930664176],[-2.205277919769287,57.676528930664176],[-2.205277919769287,57.676250457763786],[-2.204721927642822,57.676250457763786],[-2.204721927642822,57.675971984863395],[-2.203612089156991,57.675971984863395],[-2.203612089156991,57.675693511963175],[-2.201389074325562,57.675693511963175],[-2.201389074325562,57.675415039062784],[-2.200277090072632,57.675415039062784],[-2.200277090072632,57.6751403808596],[-2.199167013168278,57.6751403808596],[-2.199167013168278,57.67486190795921],[-2.198055028915405,57.67486190795921],[-2.198055028915405,57.67458343505882],[-2.19749903678894,57.67458343505882],[-2.19749903678894,57.67430496215843],[-2.196944952011052,57.67430496215843],[-2.196944952011052,57.67402648925787],[-2.196388959884587,57.67402648925787],[-2.196388959884587,57.67375183105469],[-2.195832967758122,57.67375183105469],[-2.195832967758122,57.67347335815447],[-2.195276975631657,57.67347335815447],[-2.195276975631657,57.67319488525408],[-2.194166898727303,57.67319488525408],[-2.194166898727303,57.672916412353516],[-2.18861007690424,57.672916412353516],[-2.18861007690424,57.672637939453125],[-2.1875,57.672637939453125],[-2.1875,57.672916412353516],[-2.184165954589844,57.672916412353516],[-2.184165954589844,57.67319488525408],[-2.183612108230591,57.67319488525408],[-2.183612108230591,57.67347335815447],[-2.181387901306152,57.67347335815447],[-2.181387901306152,57.67375183105469],[-2.180834054946899,57.67375183105469],[-2.180834054946899,57.67402648925787],[-2.178611993789673,57.67402648925787],[-2.178611993789673,57.67430496215843],[-2.177500009536743,57.67430496215843],[-2.177500009536743,57.67458343505882],[-2.176943063735962,57.67458343505882],[-2.176943063735962,57.67486190795921],[-2.176389932632389,57.67486190795921],[-2.176389932632389,57.6751403808596],[-2.175832986831608,57.6751403808596],[-2.175832986831608,57.675415039062784],[-2.175276994705143,57.675415039062784],[-2.175276994705143,57.675693511963175],[-2.174721002578679,57.675693511963175],[-2.174721002578679,57.675971984863395],[-2.174166917800903,57.675971984863395],[-2.174166917800903,57.676250457763786],[-2.17305493354786,57.676250457763786],[-2.17305493354786,57.676528930664176],[-2.172498941421452,57.676528930664176],[-2.172498941421452,57.67680740356451],[-2.171389102935734,57.67680740356451],[-2.171389102935734,57.67708206176758],[-2.170833110809269,57.67708206176758],[-2.170833110809269,57.67736053466797],[-2.170277118682861,57.67736053466797],[-2.170277118682861,57.6776390075683],[-2.169723033904916,57.6776390075683],[-2.169723033904916,57.67791748046869],[-2.169167041778508,57.67791748046869],[-2.169167041778508,57.67847061157249],[-2.168611049652043,57.67847061157249],[-2.168611049652043,57.67902755737305],[-2.168055057525578,57.67902755737305],[-2.168055057525578,57.67930603027344],[-2.166944980621338,57.67930603027344],[-2.166944980621338,57.6801376342774],[-2.166388988494759,57.6801376342774],[-2.166388988494759,57.68069458007835],[-2.165832996368351,57.68069458007835],[-2.165832996368351,57.681804656982706],[-2.165278911590576,57.681804656982706],[-2.165278911590576,57.68236160278332],[-2.164722919464111,57.68236160278332],[-2.164722919464111,57.68291473388689],[-2.164166927337646,57.6829185485841],[-2.164166927337646,57.6834716796875],[-2.163609981536865,57.6834716796875],[-2.163609981536865,57.684028625488224],[-2.162501096725407,57.684028625488224],[-2.162501096725407,57.684307098388615],[-2.161943912506047,57.684307098388615],[-2.161943912506047,57.684581756592024],[-2.159166097640991,57.684581756592024],[-2.159166097640991,57.684307098388615],[-2.158610105514526,57.684307098388615],[-2.158610105514526,57.684028625488224],[-2.158056020736694,57.684028625488224],[-2.158056020736694,57.6834716796875],[-2.157500028610229,57.6834716796875],[-2.157500028610229,57.6829185485841],[-2.156944036483765,57.68291473388689],[-2.156944036483765,57.68264007568371],[-2.155833959579411,57.68264007568371],[-2.155833959579411,57.68291473388689],[-2.155277967452946,57.6829185485841],[-2.155277967452946,57.6834716796875],[-2.154721975326481,57.6834716796875],[-2.154721975326481,57.68375015258789],[-2.154165983200073,57.68375015258789],[-2.154165983200073,57.684028625488224],[-2.15305590629572,57.684028625488224],[-2.15305590629572,57.684307098388615],[-2.152499914169255,57.684307098388615],[-2.152499914169255,57.684581756592024],[-2.15194392204279,57.684581756592024],[-2.15194392204279,57.684860229492415],[-2.150834083557129,57.684860229492415],[-2.150834083557129,57.68513870239258],[-2.150278091430664,57.68513870239258],[-2.150278091430664,57.68541717529297],[-2.149720907211304,57.68541717529297],[-2.149720907211304,57.68624877929693],[-2.14916801452631,57.68624877929693],[-2.14916801452631,57.68652725219732],[-2.148055076599064,57.68652725219732],[-2.148055076599064,57.68680572509771],[-2.146389007568359,57.68680572509771],[-2.146389007568359,57.687084197998274],[-2.145833015441895,57.687084197998274],[-2.145833015441895,57.687362670898665],[-2.145277023315316,57.687362670898665],[-2.145277023315316,57.687637329101506],[-2.144722938537598,57.687637329101506],[-2.144722938537598,57.68791580200207],[-2.144166946411133,57.68791580200207],[-2.144166946411133,57.68819427490263],[-2.143610954284668,57.68819427490263],[-2.143610954284668,57.68847274780302],[-2.143054962158203,57.68847274780302],[-2.143054962158203,57.68875122070324],[-2.142498970031738,57.68875122070324],[-2.142498970031738,57.68902587890642],[-2.141388893127441,57.68902587890642],[-2.141388893127441,57.68986129760742],[-2.140279054641724,57.68986129760742],[-2.140276908874512,57.69013977050781],[-2.139723062515259,57.69013977050781],[-2.139723062515259,57.690692901611555],[-2.139167070388794,57.690692901611555],[-2.139167070388794,57.69124984741234],[-2.138611078262329,57.69124984741234],[-2.138611078262329,57.69180679321289],[-2.138055086135751,57.69180679321289],[-2.138055086135751,57.69235992431652],[-2.137501001358032,57.69235992431652],[-2.137501001358032,57.692638397216854],[-2.136945009231567,57.692638397216854],[-2.136945009231567,57.692916870117244],[-2.136388063430786,57.692916870117244],[-2.136388063430786,57.693473815918196],[-2.135832071304321,57.693473815918196],[-2.135832071304321,57.69402694702143],[-2.135278940200749,57.69402694702143],[-2.135278940200749,57.69458389282255],[-2.134721994399968,57.69458389282255],[-2.134721994399968,57.69486236572294],[-2.133610010147038,57.69486236572294],[-2.133610010147038,57.69513702392578],[-2.132499933242684,57.69513702392578],[-2.132499933242684,57.69541549682634],[-2.131943941116276,57.69541549682634],[-2.131943941116276,57.69569396972673],[-2.130278110504094,57.69569396972673],[-2.130278110504094,57.69597244262695],[-2.129165887832528,57.69597244262695],[-2.129165887832528,57.696250915527344],[-2.128612041473332,57.696250915527344],[-2.128612041473332,57.696529388427734],[-2.128056049346867,57.696529388427734],[-2.128056049346867,57.69680404663109],[-2.127500057220402,57.69680404663109],[-2.127500057220402,57.69736099243187],[-2.126944065093937,57.69736099243187],[-2.126944065093937,57.69763946533226],[-2.126389980316162,57.69763946533226],[-2.126389980316162,57.69791793823242],[-2.125833988189584,57.69791793823242],[-2.125833988189584,57.69847106933605],[-2.125277996063176,57.69847106933605],[-2.125277996063176,57.69874954223644],[-2.124722003936711,57.69874954223644],[-2.124722003936711,57.699028015136776],[-2.124167919158936,57.699028015136776],[-2.124167919158936,57.699306488037166],[-2.123611927032471,57.699306488037166],[-2.123611927032471,57.69958496093756],[-2.122498989105225,57.69958496093756],[-2.122498989105225,57.69985961914057],[-2.121388912200871,57.69985961914057],[-2.121388912200871,57.70013809204096],[-2.120832920074463,57.70013809204096],[-2.120832920074463,57.70041656494135],[-2.120276927947998,57.70041656494135],[-2.120276927947998,57.70069503784191],[-2.119720935821533,57.70069503784191],[-2.119720935821533,57.70097351074247],[-2.114166975021305,57.70097351074247],[-2.114166975021305,57.70041656494135],[-2.113610982894897,57.70041656494135],[-2.113610982894897,57.699306488037166],[-2.113054990768433,57.699306488037166],[-2.113054990768433,57.69847106933605],[-2.112500905990544,57.69847106933605],[-2.112500905990544,57.69819259643566],[-2.111944913864079,57.69819259643566],[-2.111944913864079,57.69791793823242],[-2.111388921737614,57.69791793823242],[-2.111388921737614,57.69763946533226],[-2.110279083251953,57.69763946533226],[-2.110279083251953,57.69736099243187],[-2.106944084167424,57.69736099243187],[-2.106944084167424,57.69763946533226],[-2.103610038757267,57.69763946533226],[-2.103610038757267,57.69791793823242],[-2.103055953979492,57.69791793823242],[-2.103055953979492,57.69819259643566],[-2.102499961853027,57.69819259643566],[-2.102499961853027,57.69847106933605],[-2.100277900695801,57.69847106933605],[-2.100277900695801,57.69874954223644],[-2.096942901611271,57.69874954223644],[-2.096942901611271,57.699028015136776],[-2.095834016799927,57.699028015136776],[-2.095834016799927,57.699306488037166],[-2.093611001968327,57.699306488037166],[-2.093611001968327,57.69958496093756],[-2.091944932937508,57.69958496093756],[-2.091944932937508,57.69985961914057],[-2.088054895400944,57.69985961914057],[-2.088054895400944,57.70013809204096],[-2.086945056915226,57.70013809204096],[-2.086945056915226,57.70041656494135],[-2.084167003631535,57.70041656494135],[-2.084167003631535,57.70069503784191],[-2.08250093460083,57.70069503784191],[-2.08250093460083,57.70097351074247],[-2.077500104904175,57.70097351074247],[-2.077500104904175,57.70069503784191],[-2.074722051620483,57.70069503784191],[-2.074722051620483,57.70041656494135],[-2.07361197471613,57.70041656494135],[-2.07361197471613,57.70013809204096],[-2.071389913558903,57.70013809204096],[-2.071389913558903,57.69985961914057],[-2.068054914474487,57.69985961914057],[-2.068054914474487,57.69958496093756],[-2.066389083862248,57.69958496093756],[-2.066389083862248,57.699306488037166],[-2.065277099609318,57.699306488037166],[-2.065277099609318,57.699028015136776],[-2.063055038452092,57.699028015136776],[-2.063055038452092,57.69874954223644],[-2.060832977294922,57.69874954223644],[-2.060832977294922,57.69847106933605],[-2.059722900390625,57.69847106933605],[-2.059722900390625,57.69819259643566],[-2.056945085525399,57.69819259643566],[-2.056945085525399,57.69791793823242],[-2.056389093398991,57.69791793823242],[-2.056389093398991,57.69763946533226],[-2.055831909179631,57.69763946533226],[-2.055831909179631,57.6973876953125],[-2.055578947067204,57.69738006591791],[-2.05472207069397,57.69736099243187],[-2.05472207069397,57.69727325439476],[-2.05472207069397,57.69708251953148],[-2.054166078567505,57.69708251953148],[-2.054166078567505,57.69680404663109],[-2.05361008644104,57.69680404663109],[-2.05361008644104,57.696529388427734],[-2.053056001663151,57.696529388427734],[-2.053056001663151,57.69597244262695],[-2.052500009536686,57.69597244262695],[-2.052500009536686,57.69569396972673],[-2.051944017410278,57.69569396972673],[-2.051944017410278,57.69541549682634],[-2.050833940505925,57.69541549682634],[-2.050833940505925,57.69513702392578],[-2.049721956252995,57.69513702392578],[-2.049721956252995,57.69486236572294],[-2.046943902969304,57.69486236572294],[-2.046943902969304,57.69458389282255],[-2.044167995452824,57.69458389282255],[-2.044166088104248,57.69402694702143],[-2.043612003326359,57.69402694702143],[-2.043612003326359,57.69374847412104],[-2.043056011199894,57.69374847412104],[-2.043056011199894,57.693473815918196],[-2.042499065399113,57.693473815918196],[-2.042499065399113,57.693195343017635],[-2.041943073272648,57.693195343017635],[-2.041943073272648,57.692916870117244],[-2.038054943084717,57.692916870117244],[-2.038054943084717,57.693195343017635],[-2.036945104598999,57.693195343017635],[-2.036945104598999,57.693473815918196],[-2.036389112472534,57.693473815918196],[-2.036389112472534,57.69374847412104],[-2.035276889801025,57.69374847412104],[-2.035276889801025,57.69402694702143],[-2.034167051315308,57.69402694702143],[-2.034167051315308,57.69430541992199],[-2.033611059188843,57.69430541992199],[-2.033611059188843,57.69458389282255],[-2.033055067062378,57.69458389282255],[-2.033055067062378,57.69486236572294],[-2.032500982284546,57.69486236572294],[-2.032500982284546,57.69495773315458],[-2.032500982284546,57.69513702392578],[-2.031388998031616,57.69513702392578],[-2.031388998031616,57.69541549682634],[-2.030278921127262,57.69541549682634],[-2.030278921127262,57.69569396972673],[-2.02916693687439,57.69569396972673],[-2.02916693687439,57.69597244262695],[-2.028609991073552,57.69597244262695],[-2.028609991073552,57.696250915527344],[-2.028057098388672,57.696250915527344],[-2.028053998947087,57.696529388427734],[-2.026387929916325,57.696529388427734],[-2.026387929916325,57.696758900855606],[-1.997727414118866,57.6915283203125]]]}},{"type":"Feature","properties":{"id":5},"geometry":{"type":"MultiPolygon","coordinates":[[[[-4.5047,56.9812],[-4.4323,57.1453],[-3.6578,57.1548],[-3.2844,57.1371],[-2.9017,57.0955],[-2.4537,57.0696],[-2.2293,57.0394],[-2.1325,57.0383],[-2.1597,57.0179],[-2.1808,56.9865],[-2.1769,56.9796],[-2.2064,56.9671],[-2.1908,56.9515],[-2.1997,56.9493],[-2.1936,56.9468],[-2.2003,56.9332],[-2.1953,56.909],[-2.2158,56.8949],[-2.2131,56.8835],[-2.2314,56.8629],[-2.2747,56.8418],[-2.2753,56.8285],[-2.2892,56.826],[-2.3181,56.7974],[-2.3658,56.7829],[-2.3753,56.7735],[-2.4081,56.7699],[-2.4269,56.754],[-2.4536,56.704],[-2.4775,56.7068],[-2.4775,56.721],[-2.5147,56.7229],[-2.5331,56.711],[-2.5153,56.6987],[-2.4819,56.6999],[-2.4792,56.7057],[-2.4331,56.7004],[-2.4464,56.6801],[-2.5025,56.6593],[-2.5086,56.651],[-2.5053,56.6324],[-2.4786,56.6243],[-2.5175,56.5918],[-2.5203,56.5807],[-2.5369,56.5749],[-2.5375,56.5662],[-2.6092,56.5493],[-2.6342,56.5262],[-2.7114,56.4971],[-2.7331,56.4646],[-2.8031,56.4799],[-2.8681,56.4632],[-2.9342,56.4657],[-2.9886,56.4507],[-3.0419,56.451],[-3.0536,56.4582],[-3.1208,56.4313],[-3.2031,56.379],[-3.2586,56.3668],[-3.2847,56.3518],[-3.2114,56.3601],[-3.0392,56.4162],[-2.9897,56.4207],[-2.9147,56.4524],[-2.8836,56.4529],[-2.8581,56.4399],[-2.8031,56.4424],[-2.8097,56.3986],[-3.1086,56.3541],[-3.3817,56.2834],[-3.5821,56.2936],[-3.8309,56.3878],[-4.0009,56.4817],[-4.3591,56.6356],[-4.4744,56.6957],[-4.5958,56.8752],[-4.5047,56.9812]]]]}},{"type":"Feature","properties":{"id":3},"geometry":{"type":"MultiPolygon","coordinates":[[[[-6.2703,57.167],[-6.3236,57.1604],[-6.3153,57.1697],[-6.2703,57.167]]],[[[-6.1819,57.1617],[-6.1853,57.1493],[-6.2092,57.1504],[-6.2019,57.136],[-6.2181,57.129],[-6.2369,57.131],[-6.2564,57.1465],[-6.2297,57.1582],[-6.2158,57.1532],[-6.2175,57.1637],[-6.1819,57.1617]]],[[[-6.0586,57.1543],[-6.0819,57.1265],[-6.1136,57.1365],[-6.1081,57.1573],[-6.0586,57.1543]]],[[[-5.9252,57.1462],[-5.916,57.1657],[-5.8669,57.1718],[-5.8408,57.1871],[-5.9139,57.1701],[-5.8803,57.2415],[-5.8536,57.2551],[-5.8408,57.2576],[-5.8453,57.2487],[-5.7542,57.2751],[-5.7103,57.2715],[-5.7308,57.2604],[-5.6614,57.2651],[-5.6475,57.2576],[-5.6664,57.2363],[-5.6619,57.2254],[-5.6692,57.2085],[-5.6969,57.1929],[-5.7808,57.166],[-5.8058,57.1749],[-5.7953,57.1613],[-5.8003,57.1424],[-5.7881,57.151],[-5.7792,57.1429],[-5.8058,57.1368],[-5.7992,57.1282],[-5.8186,57.1113],[-5.8553,57.109],[-5.8631,57.0935],[-5.8964,57.0687],[-5.8919,57.0612],[-5.9014,57.0635],[-5.8997,57.0565],[-5.9597,57.0271],[-5.9725,57.031],[-6.0225,57.0187],[-6.0203,57.031],[-6.0325,57.0365],[-6.0386,57.0574],[-6.0231,57.0715],[-6.0058,57.0726],[-6.0097,57.0899],[-6.0008,57.1037],[-5.9869,57.1051],[-6.0042,57.1171],[-5.9953,57.1271],[-5.9719,57.1329],[-5.9769,57.1368],[-5.9692,57.1413],[-5.9252,57.1462]]],[[[-5.8615,57.2812],[-5.8469,57.2732],[-5.8664,57.2685],[-5.8615,57.2812]]],[[[-5.8081,57.5828],[-5.7419,57.5529],[-5.7486,57.551],[-5.7431,57.5443],[-5.7125,57.5447],[-5.6946,57.5272],[-5.7417,57.5146],[-5.4981,57.396],[-5.5081,57.3899],[-5.4986,57.3879],[-5.5181,57.3829],[-5.5514,57.3579],[-5.6069,57.3557],[-5.6125,57.3596],[-5.5997,57.3651],[-5.6314,57.3649],[-5.6392,57.3724],[-5.6342,57.3804],[-5.5953,57.3899],[-5.6164,57.3979],[-5.6069,57.411],[-5.6136,57.414],[-5.6242,57.3971],[-5.6892,57.3779],[-5.7297,57.3546],[-5.7886,57.3468],[-5.8047,57.3599],[-5.8069,57.3754],[-5.8153,57.3701],[-5.8131,57.3621],[-5.8214,57.3618],[-5.8314,57.3913],[-5.8219,57.3874],[-5.8214,57.4012],[-5.8081,57.399],[-5.8253,57.419],[-5.8064,57.4393],[-5.8547,57.4426],[-5.8731,57.4765],[-5.8708,57.5037],[-5.8542,57.5268],[-5.8547,57.5504],[-5.8453,57.5551],[-5.8508,57.5618],[-5.8358,57.5601],[-5.8431,57.5757],[-5.8081,57.5828]]],[[[-5.3971,57.3597],[-4.8993,57.3531],[-4.7658,57.3629],[-4.6322,57.3302],[-4.529,57.2219],[-4.4319,57.1462],[-4.5108,56.9779],[-4.8022,56.6423],[-5.215,56.5922],[-5.3684,56.5249],[-5.3825,56.5238],[-5.3953,56.5438],[-5.4158,56.539],[-5.4058,56.5493],[-5.4214,56.5474],[-5.4019,56.5646],[-5.3847,56.5682],[-5.3897,56.5596],[-5.3758,56.5657],[-5.3881,56.5768],[-5.3625,56.6032],[-5.2992,56.6374],[-5.3003,56.6463],[-5.3258,56.6474],[-5.3025,56.6618],[-5.2653,56.6721],[-5.2519,56.6665],[-5.2197,56.6868],[-5.1858,56.6885],[-5.1469,56.6768],[-5.1164,56.6801],[-5.1031,56.6926],[-5.0508,56.7032],[-5.1597,56.6851],[-5.1692,56.6924],[-5.1853,56.6901],[-5.1864,56.6999],[-5.2475,56.7032],[-5.2297,56.7293],[-5.1081,56.8215],[-5.1158,56.821],[-5.0969,56.8271],[-5.1186,56.841],[-5.1492,56.8385],[-5.1736,56.8521],[-5.1997,56.8554],[-5.3331,56.8546],[-5.2553,56.8424],[-5.1797,56.8465],[-5.1192,56.8335],[-5.1536,56.8004],[-5.2319,56.7635],[-5.2297,56.751],[-5.2558,56.7318],[-5.2431,56.7196],[-5.2736,56.7121],[-5.2847,56.6999],[-5.2892,56.7104],[-5.3036,56.7118],[-5.3525,56.6846],[-5.3558,56.6743],[-5.4003,56.6454],[-5.4331,56.6424],[-5.4703,56.6146],[-5.4897,56.6101],[-5.5236,56.6168],[-5.4931,56.6057],[-5.5597,56.544],[-5.6836,56.4971],[-5.6953,56.5118],[-5.7442,56.5246],[-5.7547,56.5179],[-5.7731,56.5365],[-5.8042,56.5332],[-5.9047,56.5507],[-5.9608,56.5832],[-5.9792,56.6104],[-6.0014,56.6193],[-6.0075,56.646],[-5.9158,56.656],[-5.9514,56.6585],[-5.9414,56.669],[-5.9369,56.6635],[-5.9253,56.6688],[-5.8953,56.6524],[-5.8964,56.6615],[-5.8825,56.671],[-5.8703,56.6613],[-5.8942,56.6515],[-5.8925,56.641],[-5.8303,56.6229],[-5.8803,56.6521],[-5.8386,56.6607],[-5.7469,56.7012],[-5.7208,56.6971],[-5.7047,56.6821],[-5.6614,56.6763],[-5.5386,56.686],[-5.5725,56.6918],[-5.6642,56.6801],[-5.6658,56.6874],[-5.6836,56.6888],[-5.7181,56.7099],[-5.7708,56.7082],[-5.7775,56.7163],[-5.7786,56.7057],[-5.8403,56.6721],[-5.8603,56.6807],[-5.9269,56.6754],[-5.9364,56.6871],[-5.9431,56.6779],[-5.9469,56.6862],[-5.9603,56.6851],[-5.9758,56.6721],[-5.9853,56.6838],[-6.0308,56.6799],[-6.0514,56.6929],[-6.1108,56.6876],[-6.1147,56.6924],[-6.1086,56.6949],[-6.1169,56.6963],[-6.1414,56.6824],[-6.1869,56.6871],[-6.2269,56.7115],[-6.2219,56.7218],[-6.2269,56.7279],[-6.1825,56.739],[-6.1919,56.7537],[-6.1614,56.7532],[-6.1453,56.7621],[-6.0219,56.7643],[-6.0147,56.7726],[-5.9814,56.7696],[-5.9597,56.7843],[-5.9136,56.7526],[-5.8853,56.7632],[-5.8697,56.756],[-5.8764,56.7451],[-5.8453,56.7426],[-5.8525,56.7471],[-5.8447,56.7518],[-5.8553,56.7535],[-5.8514,56.7596],[-5.8886,56.7654],[-5.8936,56.779],[-5.8775,56.7843],[-5.8569,56.7743],[-5.8364,56.7779],[-5.8303,56.7707],[-5.8297,56.7849],[-5.8025,56.7846],[-5.7953,56.7921],[-5.7542,56.7821],[-5.8625,56.8074],[-5.8614,56.8293],[-5.8164,56.8304],[-5.7631,56.8479],[-5.7192,56.8438],[-5.7097,56.8479],[-5.7069,56.8607],[-5.6725,56.8754],[-5.6892,56.8793],[-5.7142,56.8632],[-5.7186,56.851],[-5.7375,56.8554],[-5.7397,56.849],[-5.7569,56.8582],[-5.7892,56.8599],[-5.7492,56.8835],[-5.7242,56.886],[-5.7431,56.8882],[-5.7319,56.891],[-5.7375,56.896],[-5.8047,56.8879],[-5.8019,56.8924],[-5.8231,56.8801],[-5.8275,56.8885],[-5.8492,56.8804],[-5.8625,56.884],[-5.8858,56.874],[-5.9219,56.8815],[-5.9242,56.8918],[-5.8975,56.8963],[-5.9003,56.9024],[-5.8853,56.9054],[-5.8597,56.8965],[-5.8442,56.9071],[-5.8725,56.9096],[-5.8842,56.9199],[-5.8636,56.9263],[-5.8669,56.9357],[-5.8525,56.941],[-5.8614,56.9463],[-5.8514,56.9521],[-5.8597,56.9574],[-5.8464,56.9582],[-5.8453,56.9668],[-5.8197,56.9607],[-5.8281,56.9738],[-5.8475,56.9726],[-5.8436,56.9904],[-5.8319,56.9938],[-5.8325,57.0068],[-5.7275,57.0182],[-5.7097,56.9915],[-5.6358,56.9701],[-5.6092,56.9829],[-5.5886,56.9804],[-5.5114,56.9968],[-5.5242,57.0032],[-5.6164,56.9826],[-5.6364,56.9854],[-5.6392,56.9921],[-5.6631,56.9946],[-5.6803,57.0104],[-5.6858,57.0218],[-5.6697,57.0271],[-5.6731,57.0335],[-5.7108,57.0404],[-5.7497,57.029],[-5.7619,57.0504],[-5.7814,57.044],[-5.7981,57.066],[-5.7308,57.0988],[-5.7219,57.1188],[-5.6769,57.1196],[-5.6542,57.1276],[-5.5925,57.1196],[-5.5669,57.096],[-5.5603,57.1012],[-5.5225,57.084],[-5.5119,57.0982],[-5.3886,57.1076],[-5.4264,57.1151],[-5.5197,57.0999],[-5.5525,57.1118],[-5.5636,57.134],[-5.5769,57.131],[-5.5842,57.1396],[-5.6131,57.1457],[-5.6608,57.1424],[-5.6825,57.1499],[-5.6942,57.1621],[-5.6875,57.1679],[-5.6997,57.1662],[-5.6253,57.2135],[-5.6353,57.224],[-5.6569,57.2271],[-5.6536,57.2382],[-5.6381,57.2501],[-5.5975,57.2596],[-5.5775,57.2579],[-5.5303,57.2715],[-5.4814,57.236],[-5.4353,57.2143],[-5.3986,57.2299],[-5.4614,57.2407],[-5.5175,57.274],[-5.5119,57.2849],[-5.4875,57.2962],[-5.4869,57.3063],[-5.4431,57.3162],[-5.4847,57.3099],[-5.4981,57.2918],[-5.5147,57.2893],[-5.5197,57.2762],[-5.5614,57.2796],[-5.5919,57.2704],[-5.5975,57.2779],[-5.6181,57.274],[-5.6453,57.2857],[-5.7436,57.2774],[-5.7214,57.2871],[-5.7297,57.2976],[-5.7192,57.3032],[-5.7275,57.3051],[-5.6997,57.326],[-5.6781,57.3251],[-5.6858,57.3418],[-5.6453,57.3476],[-5.6497,57.3346],[-5.5892,57.344],[-5.5792,57.3543],[-5.5358,57.3526],[-5.4703,57.3857],[-5.3971,57.3597]]],[[[-5.4231,56.5009],[-5.4742,56.4807],[-5.4358,56.521],[-5.4019,56.526],[-5.4019,56.516],[-5.3919,56.5146],[-5.4231,56.5009]]],[[[-5.6847,56.3861],[-5.7181,56.391],[-5.7114,56.4132],[-5.7425,56.4118],[-5.7308,56.3965],[-5.7536,56.3932],[-5.7669,56.3749],[-5.7925,56.3662],[-5.7558,56.3701],[-5.7286,56.3824],[-5.6919,56.3829],[-5.8536,56.312],[-5.8886,56.321],[-5.8664,56.331],[-5.8642,56.3404],[-5.8481,56.3429],[-5.8464,56.3512],[-5.8708,56.3496],[-5.8742,56.3557],[-5.9019,56.3462],[-5.9325,56.3213],[-5.9869,56.3224],[-6.0408,56.2932],[-6.0803,56.3018],[-6.1269,56.2965],[-6.1419,56.2846],[-6.2153,56.2899],[-6.2264,56.2829],[-6.2447,56.2887],[-6.2642,56.2637],[-6.2797,56.2729],[-6.2908,56.2668],[-6.2981,56.274],[-6.3042,56.2668],[-6.3253,56.2696],[-6.3308,56.2785],[-6.3247,56.2826],[-6.3497,56.2815],[-6.3542,56.2938],[-6.3619,56.2843],[-6.3892,56.289],[-6.3747,56.301],[-6.3514,56.2993],[-6.3497,56.3054],[-6.3764,56.3096],[-6.3697,56.3326],[-6.3503,56.3474],[-6.2947,56.3446],[-6.2892,56.3368],[-6.2758,56.3374],[-6.2669,56.3243],[-6.2892,56.3221],[-6.2353,56.316],[-6.2375,56.3301],[-6.2503,56.3288],[-6.2519,56.3418],[-6.2314,56.3438],[-6.1903,56.3324],[-6.1781,56.3346],[-6.1858,56.3374],[-6.1792,56.3413],[-6.1436,56.3374],[-6.1286,56.3421],[-6.1325,56.3468],[-6.1031,56.3426],[-6.0664,56.361],[-6.0186,56.3654],[-6.0042,56.3774],[-6.0142,56.3882],[-5.9858,56.3851],[-6.0231,56.3943],[-6.0586,56.3751],[-6.0692,56.3826],[-6.1003,56.3668],[-6.1964,56.3582],[-6.2097,56.3724],[-6.2081,56.3815],[-6.1525,56.4124],[-6.1386,56.4307],[-6.1431,56.4388],[-6.1269,56.4499],[-6.0547,56.4515],[-6.0425,56.4632],[-6.0175,56.4682],[-5.9964,56.489],[-6.0131,56.4996],[-6.0342,56.4879],[-6.1181,56.4718],[-6.1525,56.4826],[-6.1408,56.471],[-6.1586,56.4635],[-6.2042,56.4599],[-6.2147,56.4712],[-6.2425,56.4651],[-6.2692,56.476],[-6.2625,56.4851],[-6.2764,56.4715],[-6.2819,56.4818],[-6.3019,56.4768],[-6.3114,56.4971],[-6.3008,56.4915],[-6.3014,56.4971],[-6.2781,56.4974],[-6.2714,56.4904],[-6.2208,56.5007],[-6.1614,56.4815],[-6.1553,56.4837],[-6.1658,56.4901],[-6.1508,56.4854],[-6.1386,56.4918],[-6.2281,56.529],[-6.2858,56.5232],[-6.3408,56.5374],[-6.3381,56.5535],[-6.3075,56.559],[-6.2797,56.5768],[-6.3147,56.5774],[-6.3236,56.6063],[-6.2736,56.6035],[-6.2581,56.6146],[-6.2164,56.5974],[-6.2247,56.6049],[-6.2164,56.6051],[-6.2275,56.614],[-6.2286,56.6335],[-6.1997,56.6271],[-6.2081,56.6357],[-6.1975,56.6429],[-6.1664,56.6418],[-6.1297,56.6563],[-6.1164,56.654],[-6.1119,56.6437],[-6.0597,56.6351],[-6.0569,56.6274],[-6.0686,56.621],[-6.0303,56.6096],[-6.0136,56.5893],[-5.9881,56.5788],[-5.9864,56.5657],[-5.9614,56.5385],[-5.9697,56.5307],[-5.9525,56.5204],[-5.8564,56.521],[-5.8286,56.5074],[-5.8242,56.5171],[-5.7964,56.5154],[-5.7653,56.489],[-5.7414,56.4821],[-5.7186,56.4857],[-5.7069,56.471],[-5.6775,56.4607],[-5.6814,56.4526],[-5.6642,56.4496],[-5.6525,56.4568],[-5.6453,56.4476],[-5.6464,56.4246],[-5.6697,56.4276],[-5.6642,56.4324],[-5.6781,56.4407],[-5.6875,56.4346],[-5.6753,56.4343],[-5.6747,56.4196],[-5.6519,56.4168],[-5.6642,56.3951],[-5.6847,56.3861]]],[[[-6.4212,56.3404],[-6.4036,56.3512],[-6.3808,56.3493],[-6.3942,56.3262],[-6.4181,56.3076],[-6.4212,56.3404]]],[[[-6.4336,56.4826],[-6.4197,56.5013],[-6.4169,56.4904],[-6.4336,56.4826]]],[[[-6.4831,57.0507],[-6.4658,57.0438],[-6.4819,57.0435],[-6.4831,57.0507]]],[[[-6.3886,56.5115],[-6.3986,56.5049],[-6.3947,56.5137],[-6.3886,56.5115]]],[[[-6.3669,56.3357],[-6.3731,56.3365],[-6.3653,56.3404],[-6.3669,56.3357]]],[[[-6.3369,56.4371],[-6.3397,56.431],[-6.3464,56.4351],[-6.3369,56.4371]]],[[[-6.1486,56.4463],[-6.1647,56.4354],[-6.1653,56.4446],[-6.1486,56.4463]]],[[[-6.2536,56.454],[-6.2492,56.4482],[-6.2553,56.446],[-6.2675,56.4515],[-6.2536,56.454]]],[[[-6.2631,56.846],[-6.2553,56.8404],[-6.2236,56.8454],[-6.2142,56.8349],[-6.2331,56.8232],[-6.2481,56.8326],[-6.2708,56.8276],[-6.2775,56.8354],[-6.2631,56.846]]],[[[-6.1225,56.8737],[-6.1286,56.869],[-6.1264,56.8779],[-6.1225,56.8737]]],[[[-6.1319,56.9421],[-6.1119,56.9251],[-6.1153,56.8882],[-6.1286,56.8876],[-6.1258,56.8787],[-6.1342,56.8796],[-6.1292,56.8763],[-6.1647,56.8718],[-6.2103,56.8885],[-6.2081,56.9071],[-6.1858,56.9157],[-6.1614,56.9132],[-6.1558,56.9199],[-6.1625,56.9362],[-6.1319,56.9421]]],[[[-6.3253,57.0582],[-6.2592,57.0365],[-6.2464,57.0199],[-6.2786,57.0126],[-6.2375,57.0051],[-6.2492,56.9915],[-6.2492,56.971],[-6.3036,56.9362],[-6.3292,56.9349],[-6.3447,56.9476],[-6.3697,56.9524],[-6.3764,56.9732],[-6.3936,56.9743],[-6.4603,57.0082],[-6.4447,57.0101],[-6.3725,57.0526],[-6.3253,57.0582]]],[[[-6.0814,56.4693],[-6.0753,56.4651],[-6.1014,56.4637],[-6.0814,56.4693]]],[[[-6.0408,56.6235],[-6.0297,56.6104],[-6.0514,56.6196],[-6.0408,56.6235]]],[[[-5.8714,56.8085],[-5.8086,56.7938],[-5.8497,56.7857],[-5.8881,56.791],[-5.8797,56.8101],[-5.8714,56.8085]]],[[[-5.8842,56.9243],[-5.8847,56.9165],[-5.9014,56.9201],[-5.8842,56.9243]]],[[[-5.8369,57.351],[-5.8192,57.3357],[-5.8453,57.3354],[-5.8531,57.3485],[-5.8369,57.351]]],[[[-5.4292,56.5571],[-5.5053,56.4985],[-5.5992,56.461],[-5.5758,56.476],[-5.5725,56.4949],[-5.5947,56.4921],[-5.5219,56.5129],[-5.4803,56.5468],[-5.4697,56.5476],[-5.4708,56.5582],[-5.4603,56.5507],[-5.4292,56.5571]]],[[[-5.4003,56.5346],[-5.4086,56.5262],[-5.4292,56.5254],[-5.4175,56.5349],[-5.4003,56.5346]]],[[[-5.3903,56.5812],[-5.3981,56.5785],[-5.4031,56.5901],[-5.3814,56.5954],[-5.3903,56.5812]]],[[[-5.3369,56.6299],[-5.3431,56.6304],[-5.3353,56.636],[-5.3369,56.6299]]]]}},{"type":"Feature","properties":{"id":4},"geometry":{"type":"MultiPolygon","coordinates":[[[[-5.9057,57.171],[-5.9358,57.1754],[-5.9942,57.1685],[-6.0025,57.1987],[-6.0197,57.2051],[-6.0336,57.2251],[-6.0364,57.2137],[-6.0247,57.2026],[-6.0275,57.1846],[-6.0492,57.1768],[-6.0553,57.1571],[-6.1064,57.1601],[-6.1131,57.1893],[-6.1319,57.184],[-6.1642,57.1985],[-6.1686,57.1954],[-6.1603,57.1888],[-6.1697,57.1743],[-6.3114,57.1722],[-6.2842,57.1896],[-6.2847,57.2004],[-6.3447,57.1849],[-6.3886,57.2179],[-6.3792,57.2279],[-6.3486,57.2304],[-6.3442,57.2507],[-6.3597,57.2346],[-6.4042,57.2315],[-6.4514,57.2626],[-6.4614,57.2801],[-6.4569,57.2851],[-6.4819,57.2907],[-6.4819,57.3118],[-6.4386,57.3268],[-6.4275,57.3232],[-6.4303,57.3401],[-6.3736,57.3207],[-6.3492,57.3007],[-6.3153,57.299],[-6.3397,57.3037],[-6.3597,57.3235],[-6.4031,57.3393],[-6.3953,57.344],[-6.4075,57.3449],[-6.4069,57.3524],[-6.3919,57.3604],[-6.4586,57.339],[-6.4631,57.3476],[-6.4553,57.3599],[-6.4819,57.3665],[-6.4703,57.376],[-6.4864,57.3815],[-6.4831,57.3963],[-6.4897,57.4035],[-6.4992,57.3851],[-6.5236,57.3688],[-6.5175,57.3818],[-6.5258,57.3849],[-6.5175,57.3932],[-6.5308,57.4035],[-6.5308,57.3949],[-6.5419,57.3907],[-6.5364,57.396],[-6.5425,57.3963],[-6.5503,57.3849],[-6.5736,57.3879],[-6.5614,57.3629],[-6.5675,57.3587],[-6.5631,57.3365],[-6.5808,57.3318],[-6.6236,57.3496],[-6.7208,57.3724],[-6.7392,57.3887],[-6.7297,57.3963],[-6.7447,57.4171],[-6.7647,57.4276],[-6.7897,57.4207],[-6.7864,57.4404],[-6.7781,57.4424],[-6.7847,57.4549],[-6.7681,57.4596],[-6.7208,57.4507],[-6.7464,57.4679],[-6.7497,57.4965],[-6.7153,57.5137],[-6.7036,57.4968],[-6.6669,57.4715],[-6.6664,57.4596],[-6.6525,57.459],[-6.6236,57.4351],[-6.6103,57.4471],[-6.5997,57.4454],[-6.5903,57.4376],[-6.5903,57.4254],[-6.5836,57.4251],[-6.5775,57.4335],[-6.5908,57.4407],[-6.5942,57.454],[-6.6264,57.4613],[-6.6136,57.4674],[-6.6242,57.4735],[-6.6386,57.5026],[-6.5981,57.5099],[-6.5692,57.4938],[-6.5608,57.5082],[-6.6419,57.5521],[-6.6553,57.5443],[-6.6553,57.554],[-6.6414,57.5601],[-6.6347,57.6082],[-6.6153,57.6063],[-6.5814,57.5879],[-6.5681,57.5715],[-6.5647,57.5479],[-6.5403,57.5476],[-6.5031,57.534],[-6.4608,57.504],[-6.4636,57.4996],[-6.4281,57.519],[-6.4247,57.5137],[-6.4497,57.4849],[-6.4353,57.4724],[-6.4369,57.4904],[-6.4186,57.506],[-6.4003,57.5088],[-6.4069,57.5235],[-6.3986,57.5288],[-6.3831,57.521],[-6.3747,57.5021],[-6.3486,57.4965],[-6.3447,57.4821],[-6.3419,57.4918],[-6.3347,57.4899],[-6.3253,57.4588],[-6.3136,57.4554],[-6.3264,57.4851],[-6.3092,57.4849],[-6.3664,57.5157],[-6.3736,57.5351],[-6.3892,57.5424],[-6.3836,57.5482],[-6.3992,57.5596],[-6.3942,57.5701],[-6.3819,57.564],[-6.3603,57.5887],[-6.3958,57.5846],[-6.3947,57.6135],[-6.4269,57.6446],[-6.4053,57.6504],[-6.4086,57.661],[-6.3781,57.661],[-6.3475,57.6768],[-6.3503,57.6846],[-6.3431,57.6874],[-6.3569,57.6979],[-6.3481,57.7015],[-6.3542,57.7082],[-6.3308,57.6999],[-6.2964,57.7076],[-6.2903,57.699],[-6.3025,57.6915],[-6.2497,57.6732],[-6.2342,57.6374],[-6.1908,57.6332],[-6.1514,57.5876],[-6.1358,57.5876],[-6.1469,57.5671],[-6.1381,57.5468],[-6.1464,57.4976],[-6.1353,57.4726],[-6.1453,57.4274],[-6.1731,57.4121],[-6.2003,57.409],[-6.2008,57.3954],[-6.1869,57.3985],[-6.1831,57.4079],[-6.1369,57.4051],[-6.1231,57.3868],[-6.1447,57.3704],[-6.1153,57.3413],[-6.1053,57.3382],[-6.1036,57.3457],[-6.0947,57.3387],[-6.1069,57.3354],[-6.0992,57.3246],[-6.1036,57.3185],[-6.1297,57.3165],[-6.1575,57.2988],[-6.1175,57.314],[-6.0564,57.3138],[-6.0469,57.3101],[-6.0497,57.2979],[-6.0408,57.2921],[-6.0781,57.2765],[-6.0747,57.2665],[-6.0214,57.2882],[-5.9936,57.2707],[-5.9181,57.261],[-5.9042,57.2535],[-5.9103,57.2426],[-5.8819,57.2424],[-5.9057,57.171]]],[[[-5.9131,57.1487],[-5.9425,57.1507],[-5.9097,57.1668],[-5.9131,57.1487]]],[[[-6.4858,57.3438],[-6.4919,57.3299],[-6.5147,57.3318],[-6.5031,57.3429],[-6.4858,57.3438]]],[[[-6.4931,57.3618],[-6.4875,57.3582],[-6.4953,57.3554],[-6.4992,57.361],[-6.4931,57.3618]]],[[[-6.6297,57.4474],[-6.6192,57.4404],[-6.6364,57.449],[-6.6297,57.4474]]],[[[-6.6442,57.5176],[-6.6364,57.5115],[-6.6497,57.511],[-6.6536,57.5201],[-6.6469,57.5265],[-6.6442,57.5176]]],[[[-6.5208,57.5915],[-6.5136,57.5854],[-6.5269,57.594],[-6.5208,57.5915]]],[[[-6.4358,57.7451],[-6.4225,57.7371],[-6.4436,57.746],[-6.4358,57.7451]]],[[[-6.2036,57.6451],[-6.1992,57.6407],[-6.2081,57.6401],[-6.2097,57.6463],[-6.2036,57.6451]]],[[[-6.2242,57.6662],[-6.2203,57.6615],[-6.2336,57.6657],[-6.2242,57.6662]]],[[[-6.2964,57.7282],[-6.2903,57.7229],[-6.3064,57.7251],[-6.2964,57.7282]]],[[[-5.9919,57.3237],[-5.9481,57.3185],[-5.9242,57.3074],[-5.9192,57.2988],[-5.9253,57.2821],[-5.9819,57.2738],[-6.0069,57.2885],[-6.0236,57.3043],[-6.0192,57.3182],[-5.9919,57.3237]]],[[[-5.8892,57.3124],[-5.8831,57.3082],[-5.8958,57.3071],[-5.8969,57.3149],[-5.8892,57.3124]]],[[[-5.9986,57.5135],[-5.9781,57.4932],[-5.9825,57.4793],[-5.9986,57.4549],[-6.0253,57.4421],[-6.0314,57.4287],[-6.0219,57.4201],[-6.0175,57.3885],[-5.9925,57.3701],[-5.9919,57.3599],[-6.0203,57.3326],[-6.0625,57.3307],[-6.0686,57.346],[-6.0886,57.3501],[-6.0808,57.3613],[-6.0858,57.3674],[-6.0753,57.3776],[-6.0858,57.4149],[-6.0808,57.4357],[-6.0553,57.4621],[-6.0197,57.4557],[-6.0119,57.4646],[-6.0303,57.4688],[-6.0203,57.4751],[-6.0319,57.4796],[-6.0347,57.491],[-6.0197,57.494],[-6.0192,57.4804],[-6.0119,57.4899],[-5.9925,57.4929],[-5.9992,57.5074],[-6.0147,57.5149],[-5.9986,57.5135]]],[[[-5.9842,57.5165],[-5.9964,57.5207],[-5.9869,57.5215],[-5.9986,57.5312],[-5.9814,57.5399],[-5.9953,57.5351],[-6.0019,57.544],[-5.9803,57.5465],[-5.9908,57.569],[-5.9814,57.5771],[-5.9653,57.5726],[-5.9742,57.5826],[-5.9597,57.5838],[-5.9519,57.5682],[-5.9742,57.531],[-5.9703,57.5193],[-5.9842,57.5165]]]]}},{"type":"Feature","properties":{"id":1},"geometry":{"type":"MultiPolygon","coordinates":[[[[-2.3424,57.5712],[-2.3148,57.4487],[-2.2215,57.3911],[-2.1282,57.3165],[-2.0269,57.2635],[-2.0764,57.1782],[-2.0714,57.1449],[-2.0509,57.1404],[-2.0586,57.1351],[-2.057,57.1168],[-2.1319,57.0376],[-2.2301,57.0384],[-2.4512,57.0685],[-2.9004,57.0948],[-3.2804,57.136],[-3.6535,57.1548],[-4.4297,57.146],[-4.5172,57.211],[-4.6278,57.3305],[-4.759,57.3566],[-4.835,57.3603],[-5.2012,57.3492],[-5.4085,57.3603],[-5.4708,57.3846],[-5.4408,57.4146],[-5.4642,57.4188],[-5.4981,57.3957],[-5.5329,57.4087],[-5.73,57.5104],[-5.7056,57.5239],[-5.6725,57.5258],[-5.6492,57.5101],[-5.6514,57.527],[-5.6303,57.5282],[-5.6314,57.5226],[-5.6203,57.5213],[-5.6219,57.5287],[-5.5731,57.529],[-5.5698,57.5363],[-5.5592,57.5326],[-5.5619,57.5379],[-5.5208,57.5301],[-5.5175,57.5493],[-5.5886,57.5565],[-5.6531,57.551],[-5.6974,57.5693],[-5.6825,57.5676],[-5.6864,57.5774],[-5.7297,57.586],[-5.7375,57.5965],[-5.7342,57.6065],[-5.7658,57.629],[-5.8008,57.6407],[-5.8192,57.6385],[-5.8197,57.6482],[-5.8092,57.6515],[-5.8108,57.6632],[-5.7869,57.684],[-5.7897,57.6979],[-5.7397,57.7085],[-5.7258,57.706],[-5.7297,57.6987],[-5.7236,57.6985],[-5.7219,57.7074],[-5.7119,57.7076],[-5.7147,57.6996],[-5.6819,57.6893],[-5.6881,57.6996],[-5.6731,57.7004],[-5.6781,57.7124],[-5.6942,57.711],[-5.6858,57.7176],[-5.6975,57.7301],[-5.7603,57.7313],[-5.8136,57.7493],[-5.8042,57.7621],[-5.8114,57.7682],[-5.8014,57.7938],[-5.8141,57.821],[-5.8024,57.86],[-5.6858,57.8682],[-5.6919,57.8432],[-5.6786,57.8426],[-5.6831,57.834],[-5.6619,57.8265],[-5.6669,57.7988],[-5.6197,57.7665],[-5.6019,57.7671],[-5.5981,57.7746],[-5.6231,57.7885],[-5.6081,57.7965],[-5.5986,57.7938],[-5.6047,57.7876],[-5.5792,57.7907],[-5.5814,57.7982],[-5.5981,57.8007],[-5.5853,57.814],[-5.5825,57.8371],[-5.5969,57.8382],[-5.6069,57.851],[-5.6442,57.8554],[-5.6386,57.8626],[-5.6564,57.8799],[-5.6436,57.884],[-5.6569,57.8887],[-5.6369,57.9137],[-5.6056,57.9251],[-5.5514,57.9132],[-5.5597,57.9015],[-5.5486,57.8996],[-5.5508,57.8832],[-5.5375,57.8754],[-5.5381,57.8679],[-5.4708,57.8535],[-5.4531,57.8521],[-5.4514,57.8618],[-5.4614,57.8632],[-5.4408,57.8724],[-5.4403,57.8815],[-5.4314,57.8818],[-5.4397,57.8854],[-5.4375,57.8943],[-5.4147,57.9068],[-5.3464,57.8851],[-5.3181,57.8629],[-5.2208,57.8443],[-5.2408,57.8549],[-5.2469,57.8671],[-5.3103,57.8774],[-5.3381,57.906],[-5.3953,57.9135],[-5.3872,57.9281],[-5.3663,57.9295],[-5.3158,57.911],[-5.2464,57.9182],[-5.2214,57.9113],[-5.1797,57.8865],[-5.1203,57.8707],[-5.0714,57.8196],[-5.0653,57.8268],[-5.0997,57.8696],[-5.1353,57.8804],[-5.1525,57.8963],[-5.1669,57.8929],[-5.1792,57.9071],[-5.2242,57.9249],[-5.1792,57.9407],[-5.1758,57.9532],[-5.1947,57.9443],[-5.1958,57.9574],[-5.2264,57.9576],[-5.2481,57.9707],[-5.3097,57.9776],[-5.3147,57.9813],[-5.3081,57.9882],[-5.3308,58.006],[-5.3564,58.0065],[-5.3486,58.0151],[-5.3603,58.0271],[-5.4197,58.0318],[-5.4253,58.0401],[-5.4125,58.0524],[-5.4592,58.0696],[-5.4581,58.0774],[-5.4475,58.0799],[-5.4553,58.0832],[-5.4475,58.0974],[-5.4231,58.106],[-5.3675,58.0779],[-5.3569,58.0576],[-5.3564,58.0735],[-5.3403,58.0807],[-5.3247,58.0687],[-5.3008,58.0649],[-5.2819,58.0751],[-5.2892,58.0793],[-5.2792,58.0876],[-5.2819,58.0954],[-5.2719,58.0993],[-5.2792,58.1026],[-5.2703,58.1054],[-5.2864,58.1071],[-5.2797,58.114],[-5.3025,58.1199],[-5.2642,58.1224],[-5.2847,58.1254],[-5.2997,58.1379],[-5.2614,58.1382],[-5.2414,58.1507],[-5.3103,58.1543],[-5.3036,58.1626],[-5.3125,58.1613],[-5.3186,58.1715],[-5.3031,58.1732],[-5.3392,58.1849],[-5.3458,58.1929],[-5.3403,58.1993],[-5.3586,58.2018],[-5.3625,58.2168],[-5.3914,58.2301],[-5.4005,58.2412],[-5.3981,58.2518],[-5.3353,58.2529],[-5.3403,58.2438],[-5.3208,58.241],[-5.3097,58.2254],[-5.2503,58.251],[-5.2747,58.251],[-5.2708,58.2546],[-5.2803,58.2594],[-5.2269,58.2588],[-5.2047,58.2474],[-5.2086,58.2529],[-5.1775,58.2524],[-5.1681,58.2363],[-5.1731,58.2487],[-5.1658,58.2593],[-5.1508,58.2543],[-5.1175,58.2704],[-5.0575,58.2471],[-5.0269,58.2504],[-5.0414,58.2593],[-5.0819,58.2632],[-5.1125,58.2788],[-5.1375,58.279],[-5.1375,58.2871],[-5.1219,58.2874],[-5.1403,58.2904],[-5.1358,58.2976],[-5.1486,58.3013],[-5.1375,58.3101],[-5.1547,58.3079],[-5.1553,58.3151],[-5.1336,58.3215],[-5.1458,58.3265],[-5.1536,58.3229],[-5.1408,58.3246],[-5.1436,58.3204],[-5.1629,58.3157],[-5.1692,58.3304],[-5.1586,58.3351],[-5.1703,58.336],[-5.1796,58.3543],[-5.1603,58.354],[-5.1758,58.3624],[-5.1469,58.3865],[-5.1653,58.3893],[-5.1492,58.3932],[-5.1519,58.4054],[-5.1375,58.4143],[-5.1242,58.4115],[-5.1153,58.3976],[-5.0881,58.3999],[-5.0825,58.3965],[-5.0897,58.3913],[-5.0775,58.3957],[-5.0631,58.3849],[-5.0342,58.3812],[-5.0453,58.386],[-5.0347,58.3926],[-5.0714,58.4015],[-5.0625,58.4121],[-5.0469,58.4129],[-5.0642,58.414],[-5.0736,58.4024],[-5.0875,58.4032],[-5.1142,58.4157],[-5.0803,58.4193],[-5.1131,58.4218],[-5.1258,58.4304],[-5.0758,58.4479],[-5.0825,58.4512],[-5.0342,58.4496],[-4.9919,58.4271],[-5.0036,58.4351],[-4.9936,58.4399],[-5.0214,58.4524],[-5.0792,58.4562],[-5.0569,58.4629],[-5.0908,58.4701],[-5.0886,58.479],[-5.1042,58.4749],[-5.0997,58.4782],[-5.1069,58.4821],[-5.1385,58.4729],[-5.1153,58.4821],[-5.1275,58.4896],[-5.1092,58.5279],[-5.0905,58.5387],[-5.0519,58.541],[-5.0319,58.5624],[-5.0347,58.5687],[-5.0164,58.5776],[-5.0231,58.5826],[-5.0119,58.5926],[-5.0142,58.6099],[-4.9848,58.6218],[-4.9564,58.611],[-4.9314,58.6176],[-4.8231,58.5965],[-4.8158,58.5899],[-4.8192,58.5624],[-4.7925,58.5468],[-4.8231,58.526],[-4.8108,58.5268],[-4.8108,58.5207],[-4.7831,58.539],[-4.7786,58.5499],[-4.8064,58.5624],[-4.7992,58.5799],[-4.7664,58.5788],[-4.7886,58.5969],[-4.7392,58.5835],[-4.7364,58.5665],[-4.7125,58.5693],[-4.7025,58.5557],[-4.6781,58.5496],[-4.6531,58.5524],[-4.6597,58.5468],[-4.6508,58.5332],[-4.7119,58.496],[-4.7442,58.4574],[-4.7514,58.4579],[-4.7397,58.4485],[-4.6953,58.4782],[-4.6642,58.4835],[-4.6625,58.496],[-4.6697,58.4979],[-4.6453,58.5196],[-4.6136,58.5224],[-4.5953,58.5343],[-4.6047,58.5554],[-4.5919,58.5762],[-4.4908,58.5692],[-4.4553,58.5615],[-4.4525,58.5485],[-4.4419,58.5563],[-4.4214,58.5529],[-4.4275,58.5465],[-4.4231,58.5354],[-4.4308,58.5299],[-4.4081,58.5215],[-4.4553,58.4938],[-4.4514,58.4843],[-4.4675,58.456],[-4.4808,58.4496],[-4.4742,58.444],[-4.4414,58.4746],[-4.4247,58.4807],[-4.4247,58.4882],[-4.4392,58.4921],[-4.3847,58.5101],[-4.3436,58.5415],[-4.2814,58.5412],[-4.2597,58.531],[-4.2708,58.524],[-4.2297,58.5213],[-4.2436,58.5354],[-4.2103,58.531],[-4.2231,58.5399],[-4.2125,58.5421],[-4.2125,58.5532],[-4.1769,58.5429],[-4.1569,58.5488],[-4.1492,58.5662],[-4.1175,58.5704],[-4.1103,58.5615],[-4.0842,58.5612],[-4.0786,58.5513],[-4.0703,58.5518],[-4.0725,58.5638],[-4.0508,58.5765],[-4.0081,58.5782],[-4.0036,58.5646],[-3.9331,58.574],[-3.9147,58.5588],[-3.8975,58.5685],[-3.8592,58.5643],[-3.8019,58.5737],[-3.7792,58.5632],[-3.7742,58.5751],[-3.6742,58.6085],[-3.6725,58.6146],[-3.5581,58.6237],[-3.5353,58.6229],[-3.5519,58.6079],[-3.5242,58.5971],[-3.4558,58.6126],[-3.3731,58.594],[-3.3542,58.6015],[-3.3464,58.6151],[-3.3889,58.6301],[-3.3133,58.6476],[-3.2113,58.6525],[-3.1708,58.6494],[-3.1569,58.6382],[-3.1075,58.6446],[-3.0247,58.6384],[-3.0381,58.6307],[-3.0386,58.6154],[-3.0564,58.5954],[-3.0719,58.5926],[-3.0664,58.5846],[-3.0731,58.5769],[-3.0708,58.5618],[-3.1314,58.5174],[-3.1314,58.4982],[-3.1203,58.4793],[-3.1047,58.4738],[-3.0486,58.4785],[-3.0514,58.4463],[-3.0619,58.446],[-3.0564,58.441],[-3.0858,58.4421],[-3.0681,58.429],[-3.0847,58.4182],[-3.1064,58.371],[-3.2482,58.2985],[-3.2903,58.2949],[-3.3831,58.2685],[-3.4153,58.2449],[-3.4281,58.2446],[-3.4747,58.1951],[-3.7325,58.079],[-3.7431,58.0682],[-3.8047,58.0571],[-3.8153,58.0438],[-3.8331,58.039],[-3.8414,58.0196],[-3.9189,57.9835],[-3.9847,57.9685],[-3.9931,57.9504],[-4.0059,57.9444],[-4.0059,57.9338],[-4.0314,57.934],[-4.0119,57.9487],[-4.0481,57.9443],[-4.0547,57.954],[-4.0819,57.9576],[-4.0803,57.9454],[-4.0686,57.9371],[-4.0336,57.9274],[-4.0059,57.931],[-4.0147,57.8574],[-4.0214,57.8579],[-4.0131,57.8596],[-4.0197,57.8651],[-4.0758,57.8665],[-4.1108,57.8476],[-4.1181,57.8549],[-4.1736,57.8596],[-4.1758,57.8682],[-4.2297,57.874],[-4.2914,57.8615],[-4.3353,57.8807],[-4.3625,57.9068],[-4.4003,57.9188],[-4.3797,57.9001],[-4.3503,57.8954],[-4.3486,57.8879],[-4.3603,57.8821],[-4.3558,57.8774],[-4.3036,57.8632],[-4.2992,57.8529],[-4.1919,57.8629],[-4.1886,57.8507],[-4.1786,57.8549],[-4.1647,57.8343],[-4.1181,57.8301],[-4.1369,57.8454],[-4.1131,57.8346],[-4.0975,57.8374],[-4.1014,57.8335],[-4.0492,57.8149],[-3.9608,57.8471],[-3.8958,57.8282],[-3.9547,57.8151],[-3.9403,57.8118],[-3.9103,57.8232],[-3.8697,57.8224],[-3.8308,57.8343],[-3.8081,57.8626],[-3.7769,57.8606],[-3.7769,57.8532],[-3.8508,57.7887],[-3.9169,57.7518],[-3.9308,57.7268],[-3.9769,57.6929],[-4.0358,57.6943],[-4.0264,57.7196],[-4.0103,57.7301],[-4.0108,57.7376],[-4.0197,57.7385],[-4.0842,57.7285],[-4.1692,57.6849],[-4.2064,57.6924],[-4.2403,57.6874],[-4.2542,57.6776],[-4.2992,57.6768],[-4.2997,57.6582],[-4.3347,57.651],[-4.3658,57.6268],[-4.4153,57.6054],[-4.4169,57.599],[-4.4058,57.5924],[-4.4219,57.581],[-4.3814,57.594],[-4.3186,57.6343],[-4.2186,57.6735],[-4.1664,57.6763],[-4.1597,57.6574],[-4.0858,57.6649],[-4.0397,57.684],[-3.9932,57.6779],[-4.1019,57.6063],[-4.1119,57.5879],[-4.0908,57.5735],[-4.1403,57.5774],[-4.1736,57.5638],[-4.1736,57.5526],[-4.1847,57.5454],[-4.2492,57.5485],[-4.1931,57.5379],[-4.2347,57.5004],[-4.3769,57.5118],[-4.4158,57.5043],[-4.4458,57.484],[-4.4136,57.4985],[-4.3758,57.4799],[-4.2842,57.4818],[-4.2219,57.4968],[-4.1808,57.4851],[-4.1481,57.5021],[-4.1486,57.5182],[-4.1136,57.516],[-4.1186,57.5207],[-4.1019,57.5365],[-4.0408,57.5607],[-4.0386,57.5687],[-4.0503,57.5782],[-4.0775,57.5824],[-4.0581,57.5924],[-4.0192,57.5921],[-4.0103,57.5943],[-4.0197,57.5979],[-4.0047,57.6003],[-3.9797,57.5929],[-3.9964,57.6011],[-3.9331,57.5857],[-3.8692,57.5893],[-3.8142,57.6032],[-3.7831,57.6201],[-3.8281,57.6076],[-3.8053,57.6218],[-3.7297,57.6449],[-3.7486,57.634],[-3.7414,57.6326],[-3.7008,57.6522],[-3.6547,57.6629],[-3.6197,57.6551],[-3.6247,57.6443],[-3.6464,57.6393],[-3.5892,57.6315],[-3.5814,57.636],[-3.5831,57.6446],[-3.6242,57.6629],[-3.5308,57.6635],[-3.4953,57.6799],[-3.4886,57.6943],[-3.4963,57.7004],[-3.3308,57.7233],[-3.1275,57.6785],[-3.0275,57.664],[-2.9331,57.6871],[-2.9231,57.6975],[-2.8546,57.7066],[-2.8342,57.6943],[-2.7914,57.701],[-2.7581,57.694],[-2.7475,57.6907],[-2.7475,57.6804],[-2.7181,57.6924],[-2.6836,57.684],[-2.6658,57.6907],[-2.6336,57.6813],[-2.5708,57.6821],[-2.5569,57.6715],[-2.5231,57.6726],[-2.5147,57.6651],[-2.4964,57.6735],[-2.3981,57.6688],[-2.3597,57.676],[-2.3435,57.6715],[-2.3424,57.5712]]],[[[-5.8048,57.7357],[-5.7886,57.7368],[-5.7986,57.7279],[-5.8048,57.7357]]],[[[-5.4582,58.0121],[-5.4447,58.016],[-5.4342,58.0082],[-5.4481,58.0035],[-5.4582,58.0121]]],[[[-5.4735,58.0307],[-5.4631,58.0296],[-5.4682,58.0243],[-5.4735,58.0307]]],[[[-5.1697,58.3866],[-5.1625,58.3821],[-5.1751,58.3715],[-5.1697,58.3866]]],[[[-5.6325,57.8424],[-5.5992,57.8251],[-5.6175,57.8215],[-5.6442,57.8382],[-5.6358,57.8482],[-5.6325,57.8424]]],[[[-5.4642,57.8951],[-5.4586,57.8779],[-5.4831,57.889],[-5.4803,57.899],[-5.4642,57.8951]]],[[[-5.2147,57.9493],[-5.2075,57.9465],[-5.2119,57.9368],[-5.2392,57.9457],[-5.2147,57.9493]]],[[[-5.3442,57.9949],[-5.3381,57.9846],[-5.3525,57.981],[-5.3525,57.9968],[-5.3442,57.9949]]],[[[-5.4014,58.0221],[-5.3947,58.0154],[-5.4025,58.0104],[-5.3819,58.0051],[-5.3975,57.9996],[-5.4219,58.0051],[-5.4192,58.0213],[-5.4014,58.0221]]],[[[-5.4231,58.0199],[-5.4292,58.0179],[-5.4269,58.009],[-5.4369,58.0115],[-5.4292,58.0235],[-5.4231,58.0199]]],[[[-5.4358,58.0501],[-5.4203,58.0446],[-5.4331,58.0371],[-5.4514,58.0421],[-5.4358,58.0501]]],[[[-5.4564,58.051],[-5.4592,58.0432],[-5.4675,58.0438],[-5.4564,58.051]]],[[[-5.3108,58.1421],[-5.3314,58.1432],[-5.3042,58.1463],[-5.3108,58.1421]]],[[[-3.9425,57.8515],[-3.9369,57.8476],[-3.9669,57.8526],[-3.9425,57.8515]]],[[[-4.7031,58.4849],[-4.7142,58.4757],[-4.7114,58.4849],[-4.7031,58.4849]]],[[[-4.4447,58.4924],[-4.4497,58.4951],[-4.4369,58.4957],[-4.4447,58.4924]]],[[[-4.3897,58.5335],[-4.4097,58.5346],[-4.3875,58.5415],[-4.3897,58.5335]]]]}}]}