combination_id,filename,biodiversity,world_heritage,landscape_level,listed_buffer_m,building_buffer_m,zone_1_baseline_gw,zone_2_baseline_gw,zone_3_baseline_gw,zone_4_baseline_gw,zone_5_baseline_gw,zone_6_baseline_gw,zone_7_baseline_gw,zone_8_baseline_gw,zone_9_baseline_gw,zone_10_baseline_gw,zone_11_baseline_gw,zone_12_baseline_gw,zone_13_baseline_gw,zone_14_baseline_gw,zone_15_baseline_gw,zone_16_baseline_gw,zone_17_baseline_gw,zone_18_baseline_gw,zone_19_baseline_gw,zone_20_baseline_gw,zone_21_baseline_gw,zone_22_baseline_gw,zone_23_baseline_gw,zone_24_baseline_gw,zone_25_baseline_gw,zone_26_baseline_gw,zone_27_baseline_gw,zone_1_reduction_biodiversity_gw,zone_2_reduction_biodiversity_gw,zone_3_reduction_biodiversity_gw,zone_4_reduction_biodiversity_gw,zone_5_reduction_biodiversity_gw,zone_6_reduction_biodiversity_gw,zone_7_reduction_biodiversity_gw,zone_8_reduction_biodiversity_gw,zone_9_reduction_biodiversity_gw,zone_10_reduction_biodiversity_gw,zone_11_reduction_biodiversity_gw,zone_12_reduction_biodiversity_gw,zone_13_reduction_biodiversity_gw,zone_14_reduction_biodiversity_gw,zone_15_reduction_biodiversity_gw,zone_16_reduction_biodiversity_gw,zone_17_reduction_biodiversity_gw,zone_18_reduction_biodiversity_gw,zone_19_reduction_biodiversity_gw,zone_20_reduction_biodiversity_gw,zone_21_reduction_biodiversity_gw,zone_22_reduction_biodiversity_gw,zone_23_reduction_biodiversity_gw,zone_24_reduction_biodiversity_gw,zone_25_reduction_biodiversity_gw,zone_26_reduction_biodiversity_gw,zone_27_reduction_biodiversity_gw,zone_1_reduction_world_heritage_gw,zone_2_reduction_world_heritage_gw,zone_3_reduction_world_heritage_gw,zone_4_reduction_world_heritage_gw,zone_5_reduction_world_heritage_gw,zone_6_reduction_world_heritage_gw,zone_7_reduction_world_heritage_gw,zone_8_reduction_world_heritage_gw,zone_9_reduction_world_heritage_gw,zone_10_reduction_world_heritage_gw,zone_11_reduction_world_heritage_gw,zone_12_reduction_world_heritage_gw,zone_13_reduction_world_heritage_gw,zone_14_reduction_world_heritage_gw,zone_15_reduction_world_heritage_gw,zone_16_reduction_world_heritage_gw,zone_17_reduction_world_heritage_gw,zone_18_reduction_world_heritage_gw,zone_19_reduction_world_heritage_gw,zone_20_reduction_world_heritage_gw,zone_21_reduction_world_heritage_gw,zone_22_reduction_world_heritage_gw,zone_23_reduction_world_heritage_gw,zone_24_reduction_world_heritage_gw,zone_25_reduction_world_heritage_gw,zone_26_reduction_world_heritage_gw,zone_27_reduction_world_heritage_gw,zone_1_reduction_landscape_gw,zone_2_reduction_landscape_gw,zone_3_reduction_landscape_gw,zone_4_reduction_landscape_gw,zone_5_reduction_landscape_gw,zone_6_reduction_landscape_gw,zone_7_reduction_landscape_gw,zone_8_reduction_landscape_gw,zone_9_reduction_landscape_gw,zone_10_reduction_landscape_gw,zone_11_reduction_landscape_gw,zone_12_reduction_landscape_gw,zone_13_reduction_landscape_gw,zone_14_reduction_landscape_gw,zone_15_reduction_landscape_gw,zone_16_reduction_landscape_gw,zone_17_reduction_landscape_gw,zone_18_reduction_landscape_gw,zone_19_reduction_landscape_gw,zone_20_reduction_landscape_gw,zone_21_reduction_landscape_gw,zone_22_reduction_landscape_gw,zone_23_reduction_landscape_gw,zone_24_reduction_landscape_gw,zone_25_reduction_landscape_gw,zone_26_reduction_landscape_gw,zone_27_reduction_landscape_gw,zone_1_reduction_listed_gw,zone_2_reduction_listed_gw,zone_3_reduction_listed_gw,zone_4_reduction_listed_gw,zone_5_reduction_listed_gw,zone_6_reduction_listed_gw,zone_7_reduction_listed_gw,zone_8_reduction_listed_gw,zone_9_reduction_listed_gw,zone_10_reduction_listed_gw,zone_11_reduction_listed_gw,zone_12_reduction_listed_gw,zone_13_reduction_listed_gw,zone_14_reduction_listed_gw,zone_15_reduction_listed_gw,zone_16_reduction_listed_gw,zone_17_reduction_listed_gw,zone_18_reduction_listed_gw,zone_19_reduction_listed_gw,zone_20_reduction_listed_gw,zone_21_reduction_listed_gw,zone_22_reduction_listed_gw,zone_23_reduction_listed_gw,zone_24_reduction_listed_gw,zone_25_reduction_listed_gw,zone_26_reduction_listed_gw,zone_27_reduction_listed_gw,zone_1_reduction_building_gw,zone_2_reduction_building_gw,zone_3_reduction_building_gw,zone_4_reduction_building_gw,zone_5_reduction_building_gw,zone_6_reduction_building_gw,zone_7_reduction_building_gw,zone_8_reduction_building_gw,zone_9_reduction_building_gw,zone_10_reduction_building_gw,zone_11_reduction_building_gw,zone_12_reduction_building_gw,zone_13_reduction_building_gw,zone_14_reduction_building_gw,zone_15_reduction_building_gw,zone_16_reduction_building_gw,zone_17_reduction_building_gw,zone_18_reduction_building_gw,zone_19_reduction_building_gw,zone_20_reduction_building_gw,zone_21_reduction_building_gw,zone_22_reduction_building_gw,zone_23_reduction_building_gw,zone_24_reduction_building_gw,zone_25_reduction_building_gw,zone_26_reduction_building_gw,zone_27_reduction_building_gw,zone_1_reduction_parcel_filter_gw,zone_1_final_gw,zone_2_reduction_parcel_filter_gw,zone_2_final_gw,zone_3_reduction_parcel_filter_gw,zone_3_final_gw,zone_4_reduction_parcel_filter_gw,zone_4_final_gw,zone_5_reduction_parcel_filter_gw,zone_5_final_gw,zone_6_reduction_parcel_filter_gw,zone_6_final_gw,zone_7_reduction_parcel_filter_gw,zone_7_final_gw,zone_8_reduction_parcel_filter_gw,zone_8_final_gw,zone_9_reduction_parcel_filter_gw,zone_9_final_gw,zone_10_reduction_parcel_filter_gw,zone_10_final_gw,zone_11_reduction_parcel_filter_gw,zone_11_final_gw,zone_12_reduction_parcel_filter_gw,zone_12_final_gw,zone_13_reduction_parcel_filter_gw,zone_13_final_gw,zone_14_reduction_parcel_filter_gw,zone_14_final_gw,zone_15_reduction_parcel_filter_gw,zone_15_final_gw,zone_16_reduction_parcel_filter_gw,zone_16_final_gw,zone_17_reduction_parcel_filter_gw,zone_17_final_gw,zone_18_reduction_parcel_filter_gw,zone_18_final_gw,zone_19_reduction_parcel_filter_gw,zone_19_final_gw,zone_20_reduction_parcel_filter_gw,zone_20_final_gw,zone_21_reduction_parcel_filter_gw,zone_21_final_gw,zone_22_reduction_parcel_filter_gw,zone_22_final_gw,zone_23_reduction_parcel_filter_gw,zone_23_final_gw,zone_24_reduction_parcel_filter_gw,zone_24_final_gw,zone_25_reduction_parcel_filter_gw,zone_25_final_gw,zone_26_reduction_parcel_filter_gw,zone_26_final_gw,zone_27_reduction_parcel_filter_gw,zone_27_final_gw
0,bio0_whs0_land1_list500_bld250,False,False,1,500,250,211.7,6.4,58.0,17.5,85.7,21.8,19.0,15.3,11.5,50.1,52.3,46.3,47.8,34.7,87.9,67.1,21.1,199.0,4.4,6.8,19.9,25.9,0.1,23.9,26.0,45.7,26.6,0.0,0.0,0.0,0.0,0.0,0.0,0.0,0.0,0.0,0.0,0.0,0.0,0.0,0.0,0.0,0.0,0.0,0.0,0.0,0.0,0.0,0.0,0.0,0.0,0.0,0.0,0.0,0.0,0.0,0.0,0.0,0.0,0.0,0.0,0.0,0.0,0.0,0.0,0.0,0.0,0.0,0.0,0.0,0.0,0.0,0.0,0.0,0.0,0.0,0.0,0.0,0.0,0.0,0.0,0.0,0.0,0.0,0.0,0.0,0.0,0.0,0.0,0.0,0.0,0.0,0.0,0.0,0.0,0.0,0.0,0.0,0.0,0.0,0.0,0.0,0.0,0.0,0.0,0.0,0.0,0.0,0.4,0.0,0.1,0.0,0.3,0.0,0.0,0.0,0.2,0.3,0.5,0.6,0.7,0.7,1.9,2.3,0.5,11.0,0.2,0.2,0.8,1.6,0.0,2.1,2.0,2.9,1.5,47.0,2.4,12.2,2.6,13.5,4.3,3.9,3.4,3.9,8.7,9.2,10.3,14.6,9.6,38.3,27.3,6.4,98.4,2.2,3.1,7.6,11.0,0.0,12.5,12.8,19.4,10.9,2.6,161.7,0.2,3.8,1.6,44.1,0.2,14.6,1.1,70.8,0.4,17.0,0.4,14.8,0.5,11.3,0.4,7.0,0.8,40.3,0.9,41.7,0.8,34.6,0.7,31.8,0.8,23.6,1.5,46.2,1.5,35.9,0.3,13.8,5.4,84.2,0.2,1.8,0.4,3.1,0.7,10.9,0.7,12.6,0.0,0.0,0.7,8.7,0.9,10.3,1.5,21.9,1.2,12.9
1,bio0_whs0_land1_list500_bld500,False,False,1,500,500,211.7,6.4,58.0,17.5,85.7,21.8,19.0,15.3,11.5,50.1,52.3,46.3,47.8,34.7,87.9,67.1,21.1,199.0,4.4,6.8,19.9,25.9,0.1,23.9,26.0,45.7,26.6,0.0,0.0,0.0,0.0,0.0,0.0,0.0,0.0,0.0,0.0,0.0,0.0,0.0,0.0,0.0,0.0,0.0,0.0,0.0,0.0,0.0,0.0,0.0,0.0,0.0,0.0,0.0,0.0,0.0,0.0,0.0,0.0,0.0,0.0,0.0,0.0,0.0,0.0,0.0,0.0,0.0,0.0,0.0,0.0,0.0,0.0,0.0,0.0,0.0,0.0,0.0,0.0,0.0,0.0,0.0,0.0,0.0,0.0,0.0,0.0,0.0,0.0,0.0,0.0,0.0,0.0,0.0,0.0,0.0,0.0,0.0,0.0,0.0,0.0,0.0,0.0,0.0,0.0,0.0,0.0,0.0,0.4,0.0,0.1,0.0,0.3,0.0,0.0,0.0,0.2,0.3,0.5,0.6,0.7,0.7,1.9,2.3,0.5,11.0,0.2,0.2,0.8,1.6,0.0,2.1,2.0,2.9,1.5,108.0,5.8,27.6,7.5,36.3,10.2,9.4,7.0,9.1,27.0,28.7,27.8,33.9,22.1,72.6,53.3,16.9,167.8,3.6,6.1,14.7,20.1,0.0,20.4,22.0,37.3,20.0,1.5,101.8,0.0,0.6,1.2,29.1,0.2,9.8,0.6,48.4,0.2,11.3,0.3,9.4,0.4,7.9,0.1,2.0,0.4,22.4,0.6,22.6,0.4,17.5,0.2,13.0,0.3,11.6,0.4,13.0,0.4,11.1,0.1,3.5,0.9,19.3,0.0,0.5,0.1,0.4,0.1,4.3,0.1,4.0,0.0,0.0,0.1,1.3,0.1,1.8,0.3,5.2,0.1,5.0
2,bio0_whs0_land1_list500_bld750,False,False,1,500,750,211.7,6.4,58.0,17.5,85.7,21.8,19.0,15.3,11.5,50.1,52.3,46.3,47.8,34.7,87.9,67.1,21.1,199.0,4.4,6.8,19.9,25.9,0.1,23.9,26.0,45.7,26.6,0.0,0.0,0.0,0.0,0.0,0.0,0.0,0.0,0.0,0.0,0.0,0.0,0.0,0.0,0.0,0.0,0.0,0.0,0.0,0.0,0.0,0.0,0.0,0.0,0.0,0.0,0.0,0.0,0.0,0.0,0.0,0.0,0.0,0.0,0.0,0.0,0.0,0.0,0.0,0.0,0.0,0.0,0.0,0.0,0.0,0.0,0.0,0.0,0.0,0.0,0.0,0.0,0.0,0.0,0.0,0.0,0.0,0.0,0.0,0.0,0.0,0.0,0.0,0.0,0.0,0.0,0.0,0.0,0.0,0.0,0.0,0.0,0.0,0.0,0.0,0.0,0.0,0.0,0.0,0.0,0.0,0.4,0.0,0.1,0.0,0.3,0.0,0.0,0.0,0.2,0.3,0.5,0.6,0.7,0.7,1.9,2.3,0.5,11.0,0.2,0.2,0.8,1.6,0.0,2.1,2.0,2.9,1.5,147.6,6.3,40.0,11.5,52.4,14.5,13.5,9.7,10.4,37.1,39.1,35.7,41.6,28.1,82.0,60.8,19.6,180.4,3.8,6.5,17.1,22.5,0.0,21.5,23.6,41.5,22.0,0.8,62.8,0.0,0.1,0.8,17.2,0.1,5.8,0.4,32.7,0.2,7.1,0.2,5.4,0.2,5.3,0.0,0.9,0.2,12.5,0.3,12.5,0.1,9.8,0.0,5.5,0.1,5.7,0.1,3.9,0.1,3.9,0.0,0.9,0.2,7.4,0.0,0.3,0.0,0.1,0.0,2.1,0.0,1.8,0.0,0.0,0.0,0.3,0.0,0.3,0.1,1.3,0.0,3.1
3,bio0_whs0_land1_list500_bld1000,False,False,1,500,1000,211.7,6.4,58.0,17.5,85.7,21.8,19.0,15.3,11.5,50.1,52.3,46.3,47.8,34.7,87.9,67.1,21.1,199.0,4.4,6.8,19.9,25.9,0.1,23.9,26.0,45.7,26.6,0.0,0.0,0.0,0.0,0.0,0.0,0.0,0.0,0.0,0.0,0.0,0.0,0.0,0.0,0.0,0.0,0.0,0.0,0.0,0.0,0.0,0.0,0.0,0.0,0.0,0.0,0.0,0.0,0.0,0.0,0.0,0.0,0.0,0.0,0.0,0.0,0.0,0.0,0.0,0.0,0.0,0.0,0.0,0.0,0.0,0.0,0.0,0.0,0.0,0.0,0.0,0.0,0.0,0.0,0.0,0.0,0.0,0.0,0.0,0.0,0.0,0.0,0.0,0.0,0.0,0.0,0.0,0.0,0.0,0.0,0.0,0.0,0.0,0.0,0.0,0.0,0.0,0.0,0.0,0.0,0.0,0.4,0.0,0.1,0.0,0.3,0.0,0.0,0.0,0.2,0.3,0.5,0.6,0.7,0.7,1.9,2.3,0.5,11.0,0.2,0.2,0.8,1.6,0.0,2.1,2.0,2.9,1.5,173.4,6.3,48.4,14.3,64.5,17.7,16.2,11.9,10.8,42.9,44.6,40.1,44.8,31.4,84.9,63.3,20.2,184.6,3.9,6.5,18.2,23.3,0.0,21.7,23.9,42.4,23.2,0.4,37.5,0.0,0.0,0.4,9.1,0.1,3.1,0.3,20.6,0.1,4.0,0.1,2.8,0.1,3.2,0.0,0.4,0.1,6.8,0.1,7.0,0.1,5.5,0.0,2.3,0.1,2.6,0.0,1.1,0.0,1.4,0.0,0.4,0.1,3.3,0.0,0.2,0.0,0.0,0.0,1.0,0.0,0.9,0.0,0.0,0.0,0.1,0.0,0.0,0.0,0.4,0.0,1.9
4,bio0_whs0_land1_list500_bld1250,False,False,1,500,1250,211.7,6.4,58.0,17.5,85.7,21.8,19.0,15.3,11.5,50.1,52.3,46.3,47.8,34.7,87.9,67.1,21.1,199.0,4.4,6.8,19.9,25.9,0.1,23.9,26.0,45.7,26.6,0.0,0.0,0.0,0.0,0.0,0.0,0.0,0.0,0.0,0.0,0.0,0.0,0.0,0.0,0.0,0.0,0.0,0.0,0.0,0.0,0.0,0.0,0.0,0.0,0.0,0.0,0.0,0.0,0.0,0.0,0.0,0.0,0.0,0.0,0.0,0.0,0.0,0.0,0.0,0.0,0.0,0.0,0.0,0.0,0.0,0.0,0.0,0.0,0.0,0.0,0.0,0.0,0.0,0.0,0.0,0.0,0.0,0.0,0.0,0.0,0.0,0.0,0.0,0.0,0.0,0.0,0.0,0.0,0.0,0.0,0.0,0.0,0.0,0.0,0.0,0.0,0.0,0.0,0.0,0.0,0.0,0.4,0.0,0.1,0.0,0.3,0.0,0.0,0.0,0.2,0.3,0.5,0.6,0.7,0.7,1.9,2.3,0.5,11.0,0.2,0.2,0.8,1.6,0.0,2.1,2.0,2.9,1.5,189.4,6.4,53.2,15.9,72.9,19.6,17.6,13.5,11.0,46.2,47.9,42.7,46.2,32.9,85.8,64.3,20.4,186.6,4.0,6.6,18.7,23.7,0.0,21.8,23.9,42.7,24.1,0.2,21.6,0.0,0.0,0.2,4.6,0.0,1.5,0.2,12.3,0.1,2.1,0.0,1.4,0.1,1.7,0.0,0.2,0.1,3.5,0.1,3.8,0.1,2.9,0.0,0.9,0.0,1.1,0.0,0.2,0.0,0.4,0.0,0.2,0.0,1.4,0.0,0.1,0.0,0.0,0.0,0.4,0.0,0.5,0.0,0.0,0.0,0.0,0.0,0.0,0.0,0.1,0.0,1.0
5,bio0_whs0_land1_list1000_bld250,False,False,1,1000,250,211.7,6.4,58.0,17.5,85.7,21.8,19.0,15.3,11.5,50.1,52.3,46.3,47.8,34.7,87.9,67.1,21.1,199.0,4.4,6.8,19.9,25.9,0.1,23.9,26.0,45.7,26.6,0.0,0.0,0.0,0.0,0.0,0.0,0.0,0.0,0.0,0.0,0.0,0.0,0.0,0.0,0.0,0.0,0.0,0.0,0.0,0.0,0.0,0.0,0.0,0.0,0.0,0.0,0.0,0.0,0.0,0.0,0.0,0.0,0.0,0.0,0.0,0.0,0.0,0.0,0.0,0.0,0.0,0.0,0.0,0.0,0.0,0.0,0.0,0.0,0.0,0.0,0.0,0.0,0.0,0.0,0.0,0.0,0.0,0.0,0.0,0.0,0.0,0.0,0.0,0.0,0.0,0.0,0.0,0.0,0.0,0.0,0.0,0.0,0.0,0.0,0.0,0.0,0.0,0.0,0.0,0.0,0.0,2.1,0.2,0.3,0.1,1.8,0.2,0.1,0.2,1.2,1.9,2.8,3.5,4.0,3.6,11.6,12.7,3.2,58.6,0.9,0.9,3.6,8.6,0.0,9.0,9.7,14.7,6.9,46.3,2.3,12.1,2.6,13.0,4.3,3.8,3.3,3.5,8.2,8.5,9.2,13.2,8.3,32.9,21.6,5.1,68.9,1.8,2.8,6.0,7.1,0.0,8.2,8.3,12.9,8.0,2.6,160.7,0.2,3.7,1.6,43.9,0.2,14.5,1.0,69.9,0.4,16.9,0.4,14.7,0.5,11.2,0.3,6.5,0.8,39.2,0.8,40.1,0.7,32.9,0.6,30.1,0.7,22.1,1.3,42.1,1.3,31.5,0.3,12.5,4.4,67.1,0.2,1.5,0.3,2.8,0.6,9.8,0.5,9.7,0.0,0.0,0.5,6.2,0.7,7.3,1.1,16.9,0.9,10.8
6,bio0_whs0_land1_list1000_bld500,False,False,1,1000,500,211.7,6.4,58.0,17.5,85.7,21.8,19.0,15.3,11.5,50.1,52.3,46.3,47.8,34.7,87.9,67.1,21.1,199.0,4.4,6.8,19.9,25.9,0.1,23.9,26.0,45.7,26.6,0.0,0.0,0.0,0.0,0.0,0.0,0.0,0.0,0.0,0.0,0.0,0.0,0.0,0.0,0.0,0.0,0.0,0.0,0.0,0.0,0.0,0.0,0.0,0.0,0.0,0.0,0.0,0.0,0.0,0.0,0.0,0.0,0.0,0.0,0.0,0.0,0.0,0.0,0.0,0.0,0.0,0.0,0.0,0.0,0.0,0.0,0.0,0.0,0.0,0.0,0.0,0.0,0.0,0.0,0.0,0.0,0.0,0.0,0.0,0.0,0.0,0.0,0.0,0.0,0.0,0.0,0.0,0.0,0.0,0.0,0.0,0.0,0.0,0.0,0.0,0.0,0.0,0.0,0.0,0.0,0.0,2.1,0.2,0.3,0.1,1.8,0.2,0.1,0.2,1.2,1.9,2.8,3.5,4.0,3.6,11.6,12.7,3.2,58.6,0.9,0.9,3.6,8.6,0.0,9.0,9.7,14.7,6.9,106.4,5.6,27.4,7.4,35.0,10.0,9.3,6.9,8.3,25.7,26.7,25.2,30.9,19.5,63.3,43.4,14.4,121.3,2.9,5.5,12.0,13.6,0.0,13.7,14.6,26.0,14.9,1.4,101.7,0.0,0.6,1.2,29.1,0.2,9.8,0.6,48.3,0.2,11.3,0.3,9.3,0.4,7.9,0.1,1.9,0.4,22.1,0.5,22.3,0.3,17.3,0.2,12.8,0.3,11.3,0.4,12.6,0.4,10.6,0.1,3.4,0.8,18.3,0.0,0.5,0.1,0.4,0.1,4.2,0.1,3.6,0.0,0.0,0.1,1.1,0.1,1.6,0.3,4.7,0.1,4.8
7,bio0_whs0_land1_list1000_bld750,False,False,1,1000,750,211.7,6.4,58.0,17.5,85.7,21.8,19.0,15.3,11.5,50.1,52.3,46.3,47.8,34.7,87.9,67.1,21.1,199.0,4.4,6.8,19.9,25.9,0.1,23.9,26.0,45.7,26.6,0.0,0.0,0.0,0.0,0.0,0.0,0.0,0.0,0.0,0.0,0.0,0.0,0.0,0.0,0.0,0.0,0.0,0.0,0.0,0.0,0.0,0.0,0.0,0.0,0.0,0.0,0.0,0.0,0.0,0.0,0.0,0.0,0.0,0.0,0.0,0.0,0.0,0.0,0.0,0.0,0.0,0.0,0.0,0.0,0.0,0.0,0.0,0.0,0.0,0.0,0.0,0.0,0.0,0.0,0.0,0.0,0.0,0.0,0.0,0.0,0.0,0.0,0.0,0.0,0.0,0.0,0.0,0.0,0.0,0.0,0.0,0.0,0.0,0.0,0.0,0.0,0.0,0.0,0.0,0.0,0.0,2.1,0.2,0.3,0.1,1.8,0.2,0.1,0.2,1.2,1.9,2.8,3.5,4.0,3.6,11.6,12.7,3.2,58.6,0.9,0.9,3.6,8.6,0.0,9.0,9.7,14.7,6.9,145.9,6.1,39.7,11.5,50.9,14.3,13.4,9.6,9.4,35.6,36.9,32.9,38.3,25.3,72.3,50.3,17.0,132.8,3.1,5.8,14.2,15.6,0.0,14.6,16.0,29.7,16.7,0.8,62.8,0.0,0.1,0.8,17.2,0.1,5.8,0.4,32.6,0.2,7.1,0.2,5.4,0.2,5.3,0.0,0.9,0.2,12.4,0.3,12.4,0.1,9.7,0.0,5.5,0.1,5.7,0.1,3.9,0.1,3.9,0.0,0.9,0.2,7.4,0.0,0.3,0.0,0.1,0.0,2.1,0.0,1.7,0.0,0.0,0.0,0.3,0.0,0.3,0.1,1.2,0.0,3.1
8,bio0_whs0_land1_list1000_bld1000,False,False,1,1000,1000,211.7,6.4,58.0,17.5,85.7,21.8,19.0,15.3,11.5,50.1,52.3,46.3,47.8,34.7,87.9,67.1,21.1,199.0,4.4,6.8,19.9,25.9,0.1,23.9,26.0,45.7,26.6,0.0,0.0,0.0,0.0,0.0,0.0,0.0,0.0,0.0,0.0,0.0,0.0,0.0,0.0,0.0,0.0,0.0,0.0,0.0,0.0,0.0,0.0,0.0,0.0,0.0,0.0,0.0,0.0,0.0,0.0,0.0,0.0,0.0,0.0,0.0,0.0,0.0,0.0,0.0,0.0,0.0,0.0,0.0,0.0,0.0,0.0,0.0,0.0,0.0,0.0,0.0,0.0,0.0,0.0,0.0,0.0,0.0,0.0,0.0,0.0,0.0,0.0,0.0,0.0,0.0,0.0,0.0,0.0,0.0,0.0,0.0,0.0,0.0,0.0,0.0,0.0,0.0,0.0,0.0,0.0,0.0,2.1,0.2,0.3,0.1,1.8,0.2,0.1,0.2,1.2,1.9,2.8,3.5,4.0,3.6,11.6,12.7,3.2,58.6,0.9,0.9,3.6,8.6,0.0,9.0,9.7,14.7,6.9,171.6,6.2,48.1,14.2,63.0,17.4,16.0,11.7,9.9,41.3,42.4,37.3,41.6,28.5,75.1,52.9,17.5,137.0,3.2,5.9,15.3,16.4,0.0,14.8,16.2,30.6,17.9,0.4,37.5,0.0,0.0,0.4,9.1,0.1,3.1,0.3,20.6,0.1,4.0,0.1,2.8,0.1,3.2,0.0,0.4,0.1,6.8,0.1,7.0,0.1,5.5,0.0,2.3,0.1,2.6,0.0,1.1,0.0,1.4,0.0,0.4,0.1,3.3,0.0,0.2,0.0,0.0,0.0,1.0,0.0,0.9,0.0,0.0,0.0,0.1,0.0,0.0,0.0,0.4,0.0,1.9
9,bio0_whs0_land1_list1000_bld1250,False,False,1,1000,1250,211.7,6.4,58.0,17.5,85.7,21.8,19.0,15.3,11.5,50.1,52.3,46.3,47.8,34.7,87.9,67.1,21.1,199.0,4.4,6.8,19.9,25.9,0.1,23.9,26.0,45.7,26.6,0.0,0.0,0.0,0.0,0.0,0.0,0.0,0.0,0.0,0.0,0.0,0.0,0.0,0.0,0.0,0.0,0.0,0.0,0.0,0.0,0.0,0.0,0.0,0.0,0.0,0.0,0.0,0.0,0.0,0.0,0.0,0.0,0.0,0.0,0.0,0.0,0.0,0.0,0.0,0.0,0.0,0.0,0.0,0.0,0.0,0.0,0.0,0.0,0.0,0.0,0.0,0.0,0.0,0.0,0.0,0.0,0.0,0.0,0.0,0.0,0.0,0.0,0.0,0.0,0.0,0.0,0.0,0.0,0.0,0.0,0.0,0.0,0.0,0.0,0.0,0.0,0.0,0.0,0.0,0.0,0.0,2.1,0.2,0.3,0.1,1.8,0.2,0.1,0.2,1.2,1.9,2.8,3.5,4.0,3.6,11.6,12.7,3.2,58.6,0.9,0.9,3.6,8.6,0.0,9.0,9.7,14.7,6.9,187.7,6.2,52.9,15.9,71.5,19.4,17.5,13.4,10.1,44.7,45.7,39.8,43.0,30.0,76.1,53.9,17.7,139.0,3.3,5.9,15.9,16.8,0.0,14.9,16.2,30.8,18.8,0.2,21.6,0.0,0.0,0.2,4.6,0.0,1.5,0.2,12.3,0.1,2.1,0.0,1.4,0.1,1.7,0.0,0.2,0.1,3.5,0.1,3.8,0.1,2.9,0.0,0.9,0.0,1.1,0.0,0.2,0.0,0.4,0.0,0.2,0.0,1.4,0.0,0.1,0.0,0.0,0.0,0.4,0.0,0.5,0.0,0.0,0.0,0.0,0.0,0.0,0.0,0.1,0.0,1.0
10,bio0_whs0_land1_list1500_bld250,False,False,1,1500,250,211.7,6.4,58.0,17.5,85.7,21.8,19.0,15.3,11.5,50.1,52.3,46.3,47.8,34.7,87.9,67.1,21.1,199.0,4.4,6.8,19.9,25.9,0.1,23.9,26.0,45.7,26.6,0.0,0.0,0.0,0.0,0.0,0.0,0.0,0.0,0.0,0.0,0.0,0.0,0.0,0.0,0.0,0.0,0.0,0.0,0.0,0.0,0.0,0.0,0.0,0.0,0.0,0.0,0.0,0.0,0.0,0.0,0.0,0.0,0.0,0.0,0.0,0.0,0.0,0.0,0.0,0.0,0.0,0.0,0.0,0.0,0.0,0.0,0.0,0.0,0.0,0.0,0.0,0.0,0.0,0.0,0.0,0.0,0.0,0.0,0.0,0.0,0.0,0.0,0.0,0.0,0.0,0.0,0.0,0.0,0.0,0.0,0.0,0.0,0.0,0.0,0.0,0.0,0.0,0.0,0.0,0.0,0.0,5.1,0.5,1.0,0.2,4.4,0.6,0.4,0.6,2.6,4.6,6.5,7.9,8.9,7.4,26.3,26.1,6.5,111.2,1.8,1.9,6.9,16.0,0.0,15.4,17.9,27.4,12.6,45.3,2.2,11.9,2.6,12.1,4.1,3.8,3.3,2.9,7.5,7.5,7.7,11.2,6.7,25.2,14.8,3.7,38.0,1.2,2.2,4.3,3.4,0.0,4.3,3.9,7.0,5.0,2.4,158.8,0.2,3.5,1.6,43.5,0.2,14.4,1.0,68.2,0.4,16.6,0.4,14.5,0.5,10.9,0.3,5.6,0.7,37.3,0.8,37.5,0.6,30.0,0.5,27.3,0.6,19.9,1.0,35.4,0.9,25.3,0.2,10.7,2.8,47.0,0.1,1.2,0.3,2.4,0.4,8.3,0.3,6.2,0.0,0.0,0.2,3.9,0.3,3.8,0.6,10.7,0.5,8.5
11,bio0_whs0_land1_list1500_bld500,False,False,1,1500,500,211.7,6.4,58.0,17.5,85.7,21.8,19.0,15.3,11.5,50.1,52.3,46.3,47.8,34.7,87.9,67.1,21.1,199.0,4.4,6.8,19.9,25.9,0.1,23.9,26.0,45.7,26.6,0.0,0.0,0.0,0.0,0.0,0.0,0.0,0.0,0.0,0.0,0.0,0.0,0.0,0.0,0.0,0.0,0.0,0.0,0.0,0.0,0.0,0.0,0.0,0.0,0.0,0.0,0.0,0.0,0.0,0.0,0.0,0.0,0.0,0.0,0.0,0.0,0.0,0.0,0.0,0.0,0.0,0.0,0.0,0.0,0.0,0.0,0.0,0.0,0.0,0.0,0.0,0.0,0.0,0.0,0.0,0.0,0.0,0.0,0.0,0.0,0.0,0.0,0.0,0.0,0.0,0.0,0.0,0.0,0.0,0.0,0.0,0.0,0.0,0.0,0.0,0.0,0.0,0.0,0.0,0.0,0.0,5.1,0.5,1.0,0.2,4.4,0.6,0.4,0.6,2.6,4.6,6.5,7.9,8.9,7.4,26.3,26.1,6.5,111.2,1.8,1.9,6.9,16.0,0.0,15.4,17.9,27.4,12.6,104.0,5.3,27.0,7.4,32.9,9.7,9.2,6.7,6.9,23.5,23.8,21.4,26.5,16.2,49.7,31.2,11.4,71.0,2.0,4.5,9.1,7.0,0.0,7.5,7.0,14.6,9.5,1.4,101.2,0.0,0.5,1.2,28.8,0.2,9.7,0.6,47.8,0.2,11.2,0.3,9.2,0.4,7.7,0.1,1.8,0.4,21.6,0.5,21.5,0.3,16.6,0.2,12.3,0.3,10.8,0.3,11.6,0.3,9.5,0.1,3.2,0.6,16.1,0.0,0.5,0.0,0.3,0.1,3.9,0.1,2.8,0.0,0.0,0.0,1.0,0.1,0.9,0.2,3.5,0.1,4.4
12,bio0_whs0_land1_list1500_bld750,False,False,1,1500,750,211.7,6.4,58.0,17.5,85.7,21.8,19.0,15.3,11.5,50.1,52.3,46.3,47.8,34.7,87.9,67.1,21.1,199.0,4.4,6.8,19.9,25.9,0.1,23.9,26.0,45.7,26.6,0.0,0.0,0.0,0.0,0.0,0.0,0.0,0.0,0.0,0.0,0.0,0.0,0.0,0.0,0.0,0.0,0.0,0.0,0.0,0.0,0.0,0.0,0.0,0.0,0.0,0.0,0.0,0.0,0.0,0.0,0.0,0.0,0.0,0.0,0.0,0.0,0.0,0.0,0.0,0.0,0.0,0.0,0.0,0.0,0.0,0.0,0.0,0.0,0.0,0.0,0.0,0.0,0.0,0.0,0.0,0.0,0.0,0.0,0.0,0.0,0.0,0.0,0.0,0.0,0.0,0.0,0.0,0.0,0.0,0.0,0.0,0.0,0.0,0.0,0.0,0.0,0.0,0.0,0.0,0.0,0.0,5.1,0.5,1.0,0.2,4.4,0.6,0.4,0.6,2.6,4.6,6.5,7.9,8.9,7.4,26.3,26.1,6.5,111.2,1.8,1.9,6.9,16.0,0.0,15.4,17.9,27.4,12.6,143.1,5.7,39.2,11.4,48.5,13.9,13.2,9.3,8.0,33.1,33.3,28.6,33.5,21.6,57.7,37.2,13.7,80.5,2.2,4.8,11.0,8.3,0.0,8.2,7.8,17.2,11.1,0.8,62.7,0.0,0.1,0.8,17.1,0.1,5.7,0.4,32.4,0.1,7.1,0.2,5.3,0.2,5.2,0.0,0.8,0.2,12.3,0.3,12.2,0.1,9.6,0.0,5.4,0.1,5.5,0.1,3.8,0.1,3.7,0.0,0.9,0.2,7.1,0.0,0.3,0.0,0.1,0.0,2.0,0.0,1.5,0.0,0.0,0.0,0.3,0.0,0.2,0.0,1.0,0.0,3.0
13,bio0_whs0_land1_list1500_bld1000,False,False,1,1500,1000,211.7,6.4,58.0,17.5,85.7,21.8,19.0,15.3,11.5,50.1,52.3,46.3,47.8,34.7,87.9,67.1,21.1,199.0,4.4,6.8,19.9,25.9,0.1,23.9,26.0,45.7,26.6,0.0,0.0,0.0,0.0,0.0,0.0,0.0,0.0,0.0,0.0,0.0,0.0,0.0,0.0,0.0,0.0,0.0,0.0,0.0,0.0,0.0,0.0,0.0,0.0,0.0,0.0,0.0,0.0,0.0,0.0,0.0,0.0,0.0,0.0,0.0,0.0,0.0,0.0,0.0,0.0,0.0,0.0,0.0,0.0,0.0,0.0,0.0,0.0,0.0,0.0,0.0,0.0,0.0,0.0,0.0,0.0,0.0,0.0,0.0,0.0,0.0,0.0,0.0,0.0,0.0,0.0,0.0,0.0,0.0,0.0,0.0,0.0,0.0,0.0,0.0,0.0,0.0,0.0,0.0,0.0,0.0,5.1,0.5,1.0,0.2,4.4,0.6,0.4,0.6,2.6,4.6,6.5,7.9,8.9,7.4,26.3,26.1,6.5,111.2,1.8,1.9,6.9,16.0,0.0,15.4,17.9,27.4,12.6,168.7,5.8,47.5,14.1,60.5,17.1,15.8,11.4,8.4,38.7,38.7,32.8,36.7,24.7,60.5,39.6,14.2,84.4,2.4,4.8,12.1,9.0,0.0,8.4,8.0,17.9,12.2,0.4,37.4,0.0,0.0,0.4,9.1,0.1,3.1,0.3,20.5,0.1,4.0,0.1,2.8,0.1,3.2,0.0,0.4,0.1,6.7,0.1,7.0,0.1,5.4,0.0,2.3,0.1,2.5,0.0,1.1,0.0,1.4,0.0,0.4,0.1,3.3,0.0,0.2,0.0,0.0,0.0,0.9,0.0,0.9,0.0,0.0,0.0,0.1,0.0,0.0,0.0,0.4,0.0,1.8
14,bio0_whs0_land1_list1500_bld1250,False,False,1,1500,1250,211.7,6.4,58.0,17.5,85.7,21.8,19.0,15.3,11.5,50.1,52.3,46.3,47.8,34.7,87.9,67.1,21.1,199.0,4.4,6.8,19.9,25.9,0.1,23.9,26.0,45.7,26.6,0.0,0.0,0.0,0.0,0.0,0.0,0.0,0.0,0.0,0.0,0.0,0.0,0.0,0.0,0.0,0.0,0.0,0.0,0.0,0.0,0.0,0.0,0.0,0.0,0.0,0.0,0.0,0.0,0.0,0.0,0.0,0.0,0.0,0.0,0.0,0.0,0.0,0.0,0.0,0.0,0.0,0.0,0.0,0.0,0.0,0.0,0.0,0.0,0.0,0.0,0.0,0.0,0.0,0.0,0.0,0.0,0.0,0.0,0.0,0.0,0.0,0.0,0.0,0.0,0.0,0.0,0.0,0.0,0.0,0.0,0.0,0.0,0.0,0.0,0.0,0.0,0.0,0.0,0.0,0.0,0.0,5.1,0.5,1.0,0.2,4.4,0.6,0.4,0.6,2.6,4.6,6.5,7.9,8.9,7.4,26.3,26.1,6.5,111.2,1.8,1.9,6.9,16.0,0.0,15.4,17.9,27.4,12.6,184.7,5.9,52.3,15.8,68.8,19.0,17.3,13.0,8.6,42.0,41.9,35.4,38.1,26.1,61.4,40.5,14.4,86.4,2.4,4.9,12.6,9.3,0.0,8.5,8.0,18.2,13.0,0.2,21.6,0.0,0.0,0.2,4.6,0.0,1.5,0.2,12.3,0.1,2.1,0.0,1.4,0.1,1.7,0.0,0.2,0.1,3.5,0.1,3.8,0.1,2.9,0.0,0.9,0.0,1.1,0.0,0.2,0.0,0.4,0.0,0.2,0.0,1.4,0.0,0.1,0.0,0.0,0.0,0.4,0.0,0.5,0.0,0.0,0.0,0.0,0.0,0.0,0.0,0.1,0.0,1.0
15,bio0_whs0_land2_list500_bld250,False,False,2,500,250,211.7,6.4,58.0,17.5,85.7,21.8,19.0,15.3,11.5,50.1,52.3,46.3,47.8,34.7,87.9,67.1,21.1,199.0,4.4,6.8,19.9,25.9,0.1,23.9,26.0,45.7,26.6,0.0,0.0,0.0,0.0,0.0,0.0,0.0,0.0,0.0,0.0,0.0,0.0,0.0,0.0,0.0,0.0,0.0,0.0,0.0,0.0,0.0,0.0,0.0,0.0,0.0,0.0,0.0,0.0,0.0,0.0,0.0,0.0,0.0,0.0,0.0,0.0,0.0,0.0,0.0,0.0,0.0,0.0,0.0,0.0,0.0,0.0,0.0,0.0,0.0,0.0,0.0,0.0,0.0,0.0,11.7,0.0,0.0,0.0,36.9,3.2,0.0,5.4,0.0,0.0,0.3,10.4,4.0,20.7,24.8,17.6,0.0,8.5,0.8,2.9,8.0,0.0,0.0,0.0,4.2,7.6,7.9,0.4,0.0,0.1,0.0,0.3,0.0,0.0,0.0,0.2,0.3,0.5,0.5,0.7,0.4,1.7,2.1,0.5,10.7,0.2,0.1,0.6,1.6,0.0,2.1,1.8,2.6,1.4,45.1,2.4,12.2,2.6,9.1,3.8,3.9,2.3,3.9,8.7,9.2,8.8,13.9,5.1,31.0,22.6,6.4,95.8,2.0,1.9,5.9,11.0,0.0,12.5,11.3,17.3,9.9,2.5,152.1,0.2,3.8,1.6,44.1,0.2,14.6,0.8,38.6,0.3,14.4,0.4,14.7,0.3,7.3,0.4,7.0,0.8,40.2,0.9,41.4,0.7,25.8,0.6,28.7,0.4,8.1,1.2,29.2,1.2,23.6,0.3,13.8,5.2,78.8,0.1,1.1,0.3,1.6,0.6,4.8,0.7,12.6,0.0,0.0,0.7,8.7,0.8,7.9,1.3,16.8,1.1,6.4
16,bio0_whs0_land2_list500_bld500,False,False,2,500,500,211.7,6.4,58.0,17.5,85.7,21.8,19.0,15.3,11.5,50.1,52.3,46.3,47.8,34.7,87.9,67.1,21.1,199.0,4.4,6.8,19.9,25.9,0.1,23.9,26.0,45.7,26.6,0.0,0.0,0.0,0.0,0.0,0.0,0.0,0.0,0.0,0.0,0.0,0.0,0.0,0.0,0.0,0.0,0.0,0.0,0.0,0.0,0.0,0.0,0.0,0.0,0.0,0.0,0.0,0.0,0.0,0.0,0.0,0.0,0.0,0.0,0.0,0.0,0.0,0.0,0.0,0.0,0.0,0.0,0.0,0.0,0.0,0.0,0.0,0.0,0.0,0.0,0.0,0.0,0.0,0.0,11.7,0.0,0.0,0.0,36.9,3.2,0.0,5.4,0.0,0.0,0.3,10.4,4.0,20.7,24.8,17.6,0.0,8.5,0.8,2.9,8.0,0.0,0.0,0.0,4.2,7.6,7.9,0.4,0.0,0.1,0.0,0.3,0.0,0.0,0.0,0.2,0.3,0.5,0.5,0.7,0.4,1.7,2.1,0.5,10.7,0.2,0.1,0.6,1.6,0.0,2.1,1.8,2.6,1.4,103.0,5.8,27.6,7.5,24.7,8.9,9.4,4.8,9.1,27.0,28.5,23.3,31.9,10.6,55.4,42.5,16.9,162.3,3.2,3.7,10.5,20.1,0.0,20.4,18.7,31.9,16.8,1.4,95.2,0.0,0.6,1.2,29.1,0.2,9.8,0.4,23.5,0.2,9.5,0.3,9.4,0.2,4.9,0.1,2.0,0.4,22.4,0.5,22.4,0.3,11.7,0.2,11.1,0.1,2.9,0.3,5.7,0.3,4.7,0.1,3.5,0.8,16.6,0.0,0.1,0.0,0.1,0.1,0.7,0.1,4.0,0.0,0.0,0.1,1.3,0.1,1.1,0.3,3.3,0.1,0.4
17,bio0_whs0_land2_list500_bld750,False,False,2,500,750,211.7,6.4,58.0,17.5,85.7,21.8,19.0,15.3,11.5,50.1,52.3,46.3,47.8,34.7,87.9,67.1,21.1,199.0,4.4,6.8,19.9,25.9,0.1,23.9,26.0,45.7,26.6,0.0,0.0,0.0,0.0,0.0,0.0,0.0,0.0,0.0,0.0,0.0,0.0,0.0,0.0,0.0,0.0,0.0,0.0,0.0,0.0,0.0,0.0,0.0,0.0,0.0,0.0,0.0,0.0,0.0,0.0,0.0,0.0,0.0,0.0,0.0,0.0,0.0,0.0,0.0,0.0,0.0,0.0,0.0,0.0,0.0,0.0,0.0,0.0,0.0,0.0,0.0,0.0,0.0,0.0,11.7,0.0,0.0,0.0,36.9,3.2,0.0,5.4,0.0,0.0,0.3,10.4,4.0,20.7,24.8,17.6,0.0,8.5,0.8,2.9,8.0,0.0,0.0,0.0,4.2,7.6,7.9,0.4,0.0,0.1,0.0,0.3,0.0,0.0,0.0,0.2,0.3,0.5,0.5,0.7,0.4,1.7,2.1,0.5,10.7,0.2,0.1,0.6,1.6,0.0,2.1,1.8,2.6,1.4,140.1,6.3,40.0,11.5,33.5,12.6,13.5,6.7,10.4,37.1,38.9,28.8,38.7,12.3,59.9,46.4,19.6,173.5,3.3,3.8,11.1,22.5,0.0,21.5,19.8,34.9,17.3,0.8,58.7,0.0,0.1,0.8,17.2,0.1,5.8,0.2,14.8,0.1,5.9,0.2,5.4,0.1,3.1,0.0,0.9,0.2,12.5,0.3,12.4,0.1,6.4,0.0,4.5,0.0,1.2,0.0,1.5,0.0,1.0,0.0,0.9,0.1,6.1,0.0,0.0,0.0,0.0,0.0,0.1,0.0,1.8,0.0,0.0,0.0,0.3,0.0,0.1,0.1,0.5,0.0,0.1
18,bio0_whs0_land2_list500_bld1000,False,False,2,500,1000,211.7,6.4,58.0,17.5,85.7,21.8,19.0,15.3,11.5,50.1,52.3,46.3,47.8,34.7,87.9,67.1,21.1,199.0,4.4,6.8,19.9,25.9,0.1,23.9,26.0,45.7,26.6,0.0,0.0,0.0,0.0,0.0,0.0,0.0,0.0,0.0,0.0,0.0,0.0,0.0,0.0,0.0,0.0,0.0,0.0,0.0,0.0,0.0,0.0,0.0,0.0,0.0,0.0,0.0,0.0,0.0,0.0,0.0,0.0,0.0,0.0,0.0,0.0,0.0,0.0,0.0,0.0,0.0,0.0,0.0,0.0,0.0,0.0,0.0,0.0,0.0,0.0,0.0,0.0,0.0,0.0,11.7,0.0,0.0,0.0,36.9,3.2,0.0,5.4,0.0,0.0,0.3,10.4,4.0,20.7,24.8,17.6,0.0,8.5,0.8,2.9,8.0,0.0,0.0,0.0,4.2,7.6,7.9,0.4,0.0,0.1,0.0,0.3,0.0,0.0,0.0,0.2,0.3,0.5,0.5,0.7,0.4,1.7,2.1,0.5,10.7,0.2,0.1,0.6,1.6,0.0,2.1,1.8,2.6,1.4,164.1,6.3,48.4,14.3,39.5,15.2,16.1,8.0,10.8,42.9,44.4,31.5,41.4,13.0,61.0,47.1,20.2,177.0,3.3,3.8,11.3,23.3,0.0,21.7,20.0,35.3,17.3,0.4,35.1,0.0,0.0,0.4,9.1,0.1,3.1,0.1,8.9,0.1,3.3,0.1,2.8,0.1,1.8,0.0,0.4,0.1,6.8,0.1,7.0,0.1,3.8,0.0,1.8,0.0,0.5,0.0,0.4,0.0,0.3,0.0,0.4,0.0,2.8,0.0,0.0,0.0,0.0,0.0,0.0,0.0,0.9,0.0,0.0,0.0,0.1,0.0,0.0,0.0,0.1,0.0,0.0
19,bio0_whs0_land2_list500_bld1250,False,False,2,500,1250,211.7,6.4,58.0,17.5,85.7,21.8,19.0,15.3,11.5,50.1,52.3,46.3,47.8,34.7,87.9,67.1,21.1,199.0,4.4,6.8,19.9,25.9,0.1,23.9,26.0,45.7,26.6,0.0,0.0,0.0,0.0,0.0,0.0,0.0,0.0,0.0,0.0,0.0,0.0,0.0,0.0,0.0,0.0,0.0,0.0,0.0,0.0,0.0,0.0,0.0,0.0,0.0,0.0,0.0,0.0,0.0,0.0,0.0,0.0,0.0,0.0,0.0,0.0,0.0,0.0,0.0,0.0,0.0,0.0,0.0,0.0,0.0,0.0,0.0,0.0,0.0,0.0,0.0,0.0,0.0,0.0,11.7,0.0,0.0,0.0,36.9,3.2,0.0,5.4,0.0,0.0,0.3,10.4,4.0,20.7,24.8,17.6,0.0,8.5,0.8,2.9,8.0,0.0,0.0,0.0,4.2,7.6,7.9,0.4,0.0,0.1,0.0,0.3,0.0,0.0,0.0,0.2,0.3,0.5,0.5,0.7,0.4,1.7,2.1,0.5,10.7,0.2,0.1,0.6,1.6,0.0,2.1,1.8,2.6,1.4,179.0,6.4,53.2,15.9,43.3,16.8,17.6,9.0,11.0,46.2,47.7,33.0,42.5,13.4,61.3,47.3,20.4,178.6,3.3,3.8,11.3,23.7,0.0,21.8,20.0,35.4,17.4,0.2,20.4,0.0,0.0,0.2,4.6,0.0,1.5,0.1,5.1,0.0,1.7,0.0,1.3,0.0,0.9,0.0,0.2,0.1,3.5,0.1,3.8,0.0,2.3,0.0,0.7,0.0,0.2,0.0,0.1,0.0,0.1,0.0,0.2,0.0,1.2,0.0,0.0,0.0,0.0,0.0,0.0,0.0,0.5,0.0,0.0,0.0,0.0,0.0,0.0,0.0,0.0,0.0,0.0
20,bio0_whs0_land2_list1000_bld250,False,False,2,1000,250,211.7,6.4,58.0,17.5,85.7,21.8,19.0,15.3,11.5,50.1,52.3,46.3,47.8,34.7,87.9,67.1,21.1,199.0,4.4,6.8,19.9,25.9,0.1,23.9,26.0,45.7,26.6,0.0,0.0,0.0,0.0,0.0,0.0,0.0,0.0,0.0,0.0,0.0,0.0,0.0,0.0,0.0,0.0,0.0,0.0,0.0,0.0,0.0,0.0,0.0,0.0,0.0,0.0,0.0,0.0,0.0,0.0,0.0,0.0,0.0,0.0,0.0,0.0,0.0,0.0,0.0,0.0,0.0,0.0,0.0,0.0,0.0,0.0,0.0,0.0,0.0,0.0,0.0,0.0,0.0,0.0,11.7,0.0,0.0,0.0,36.9,3.2,0.0,5.4,0.0,0.0,0.3,10.4,4.0,20.7,24.8,17.6,0.0,8.5,0.8,2.9,8.0,0.0,0.0,0.0,4.2,7.6,7.9,2.0,0.2,0.3,0.1,1.6,0.2,0.1,0.2,1.2,1.8,2.8,3.1,3.8,2.0,10.2,11.5,3.2,57.1,0.9,0.5,3.0,8.6,0.0,9.0,8.4,13.4,6.0,44.5,2.3,12.1,2.6,8.6,3.7,3.8,2.3,3.5,8.2,8.5,7.9,12.5,4.2,26.1,17.4,5.1,66.9,1.6,1.7,4.5,7.1,0.0,8.2,7.3,11.2,7.2,2.4,151.2,0.2,3.7,1.6,43.9,0.2,14.5,0.7,37.8,0.3,14.3,0.4,14.6,0.3,7.2,0.3,6.5,0.8,39.2,0.8,39.9,0.6,24.3,0.6,27.0,0.3,7.4,1.1,25.8,1.0,19.6,0.3,12.5,4.2,62.2,0.1,0.9,0.2,1.5,0.4,4.0,0.5,9.7,0.0,0.0,0.5,6.2,0.6,5.5,0.9,12.5,0.8,4.7
21,bio0_whs0_land2_list1000_bld500,False,False,2,1000,500,211.7,6.4,58.0,17.5,85.7,21.8,19.0,15.3,11.5,50.1,52.3,46.3,47.8,34.7,87.9,67.1,21.1,199.0,4.4,6.8,19.9,25.9,0.1,23.9,26.0,45.7,26.6,0.0,0.0,0.0,0.0,0.0,0.0,0.0,0.0,0.0,0.0,0.0,0.0,0.0,0.0,0.0,0.0,0.0,0.0,0.0,0.0,0.0,0.0,0.0,0.0,0.0,0.0,0.0,0.0,0.0,0.0,0.0,0.0,0.0,0.0,0.0,0.0,0.0,0.0,0.0,0.0,0.0,0.0,0.0,0.0,0.0,0.0,0.0,0.0,0.0,0.0,0.0,0.0,0.0,0.0,11.7,0.0,0.0,0.0,36.9,3.2,0.0,5.4,0.0,0.0,0.3,10.4,4.0,20.7,24.8,17.6,0.0,8.5,0.8,2.9,8.0,0.0,0.0,0.0,4.2,7.6,7.9,2.0,0.2,0.3,0.1,1.6,0.2,0.1,0.2,1.2,1.8,2.8,3.1,3.8,2.0,10.2,11.5,3.2,57.1,0.9,0.5,3.0,8.6,0.0,9.0,8.4,13.4,6.0,101.6,5.6,27.4,7.4,23.5,8.7,9.3,4.7,8.3,25.6,26.6,21.0,28.9,9.1,47.2,33.5,14.4,116.9,2.5,3.3,8.2,13.6,0.0,13.7,12.3,21.5,12.2,1.4,95.1,0.0,0.6,1.2,29.1,0.2,9.8,0.4,23.3,0.2,9.4,0.3,9.3,0.2,4.8,0.1,1.9,0.4,22.1,0.5,22.1,0.3,11.5,0.2,10.9,0.1,2.8,0.3,5.5,0.2,4.3,0.1,3.4,0.7,15.7,0.0,0.1,0.0,0.1,0.1,0.7,0.1,3.6,0.0,0.0,0.1,1.1,0.1,1.0,0.2,2.9,0.1,0.4
22,bio0_whs0_land2_list1000_bld750,False,False,2,1000,750,211.7,6.4,58.0,17.5,85.7,21.8,19.0,15.3,11.5,50.1,52.3,46.3,47.8,34.7,87.9,67.1,21.1,199.0,4.4,6.8,19.9,25.9,0.1,23.9,26.0,45.7,26.6,0.0,0.0,0.0,0.0,0.0,0.0,0.0,0.0,0.0,0.0,0.0,0.0,0.0,0.0,0.0,0.0,0.0,0.0,0.0,0.0,0.0,0.0,0.0,0.0,0.0,0.0,0.0,0.0,0.0,0.0,0.0,0.0,0.0,0.0,0.0,0.0,0.0,0.0,0.0,0.0,0.0,0.0,0.0,0.0,0.0,0.0,0.0,0.0,0.0,0.0,0.0,0.0,0.0,0.0,11.7,0.0,0.0,0.0,36.9,3.2,0.0,5.4,0.0,0.0,0.3,10.4,4.0,20.7,24.8,17.6,0.0,8.5,0.8,2.9,8.0,0.0,0.0,0.0,4.2,7.6,7.9,2.0,0.2,0.3,0.1,1.6,0.2,0.1,0.2,1.2,1.8,2.8,3.1,3.8,2.0,10.2,11.5,3.2,57.1,0.9,0.5,3.0,8.6,0.0,9.0,8.4,13.4,6.0,138.5,6.1,39.7,11.5,32.2,12.4,13.3,6.5,9.4,35.6,36.6,26.3,35.5,10.7,51.4,36.9,17.0,127.1,2.6,3.4,8.8,15.6,0.0,14.6,13.3,24.1,12.6,0.8,58.7,0.0,0.1,0.8,17.2,0.1,5.8,0.2,14.8,0.1,5.9,0.2,5.4,0.1,3.1,0.0,0.9,0.2,12.4,0.3,12.4,0.1,6.4,0.0,4.5,0.0,1.2,0.0,1.5,0.0,1.0,0.0,0.9,0.1,6.1,0.0,0.0,0.0,0.0,0.0,0.1,0.0,1.7,0.0,0.0,0.0,0.3,0.0,0.1,0.0,0.5,0.0,0.1
23,bio0_whs0_land2_list1000_bld1000,False,False,2,1000,1000,211.7,6.4,58.0,17.5,85.7,21.8,19.0,15.3,11.5,50.1,52.3,46.3,47.8,34.7,87.9,67.1,21.1,199.0,4.4,6.8,19.9,25.9,0.1,23.9,26.0,45.7,26.6,0.0,0.0,0.0,0.0,0.0,0.0,0.0,0.0,0.0,0.0,0.0,0.0,0.0,0.0,0.0,0.0,0.0,0.0,0.0,0.0,0.0,0.0,0.0,0.0,0.0,0.0,0.0,0.0,0.0,0.0,0.0,0.0,0.0,0.0,0.0,0.0,0.0,0.0,0.0,0.0,0.0,0.0,0.0,0.0,0.0,0.0,0.0,0.0,0.0,0.0,0.0,0.0,0.0,0.0,11.7,0.0,0.0,0.0,36.9,3.2,0.0,5.4,0.0,0.0,0.3,10.4,4.0,20.7,24.8,17.6,0.0,8.5,0.8,2.9,8.0,0.0,0.0,0.0,4.2,7.6,7.9,2.0,0.2,0.3,0.1,1.6,0.2,0.1,0.2,1.2,1.8,2.8,3.1,3.8,2.0,10.2,11.5,3.2,57.1,0.9,0.5,3.0,8.6,0.0,9.0,8.4,13.4,6.0,162.5,6.2,48.1,14.2,38.1,15.0,16.0,7.9,9.9,41.3,42.1,29.0,38.2,11.4,52.5,37.6,17.5,130.5,2.6,3.4,8.9,16.4,0.0,14.8,13.4,24.5,12.7,0.4,35.1,0.0,0.0,0.4,9.1,0.1,3.1,0.1,8.9,0.1,3.3,0.1,2.8,0.1,1.8,0.0,0.4,0.1,6.8,0.1,7.0,0.1,3.8,0.0,1.8,0.0,0.5,0.0,0.4,0.0,0.3,0.0,0.4,0.0,2.8,0.0,0.0,0.0,0.0,0.0,0.0,0.0,0.9,0.0,0.0,0.0,0.1,0.0,0.0,0.0,0.1,0.0,0.0
24,bio0_whs0_land2_list1000_bld1250,False,False,2,1000,1250,211.7,6.4,58.0,17.5,85.7,21.8,19.0,15.3,11.5,50.1,52.3,46.3,47.8,34.7,87.9,67.1,21.1,199.0,4.4,6.8,19.9,25.9,0.1,23.9,26.0,45.7,26.6,0.0,0.0,0.0,0.0,0.0,0.0,0.0,0.0,0.0,0.0,0.0,0.0,0.0,0.0,0.0,0.0,0.0,0.0,0.0,0.0,0.0,0.0,0.0,0.0,0.0,0.0,0.0,0.0,0.0,0.0,0.0,0.0,0.0,0.0,0.0,0.0,0.0,0.0,0.0,0.0,0.0,0.0,0.0,0.0,0.0,0.0,0.0,0.0,0.0,0.0,0.0,0.0,0.0,0.0,11.7,0.0,0.0,0.0,36.9,3.2,0.0,5.4,0.0,0.0,0.3,10.4,4.0,20.7,24.8,17.6,0.0,8.5,0.8,2.9,8.0,0.0,0.0,0.0,4.2,7.6,7.9,2.0,0.2,0.3,0.1,1.6,0.2,0.1,0.2,1.2,1.8,2.8,3.1,3.8,2.0,10.2,11.5,3.2,57.1,0.9,0.5,3.0,8.6,0.0,9.0,8.4,13.4,6.0,177.4,6.2,52.9,15.9,41.9,16.6,17.5,8.8,10.1,44.6,45.4,30.5,39.3,11.7,52.8,37.8,17.7,132.1,2.6,3.4,8.9,16.8,0.0,14.9,13.4,24.6,12.7,0.2,20.4,0.0,0.0,0.2,4.6,0.0,1.5,0.1,5.1,0.0,1.7,0.0,1.3,0.0,0.9,0.0,0.2,0.1,3.5,0.1,3.8,0.0,2.3,0.0,0.7,0.0,0.2,0.0,0.1,0.0,0.1,0.0,0.2,0.0,1.2,0.0,0.0,0.0,0.0,0.0,0.0,0.0,0.5,0.0,0.0,0.0,0.0,0.0,0.0,0.0,0.0,0.0,0.0
25,bio0_whs0_land2_list1500_bld250,False,False,2,1500,250,211.7,6.4,58.0,17.5,85.7,21.8,19.0,15.3,11.5,50.1,52.3,46.3,47.8,34.7,87.9,67.1,21.1,199.0,4.4,6.8,19.9,25.9,0.1,23.9,26.0,45.7,26.6,0.0,0.0,0.0,0.0,0.0,0.0,0.0,0.0,0.0,0.0,0.0,0.0,0.0,0.0,0.0,0.0,0.0,0.0,0.0,0.0,0.0,0.0,0.0,0.0,0.0,0.0,0.0,0.0,0.0,0.0,0.0,0.0,0.0,0.0,0.0,0.0,0.0,0.0,0.0,0.0,0.0,0.0,0.0,0.0,0.0,0.0,0.0,0.0,0.0,0.0,0.0,0.0,0.0,0.0,11.7,0.0,0.0,0.0,36.9,3.2,0.0,5.4,0.0,0.0,0.3,10.4,4.0,20.7,24.8,17.6,0.0,8.5,0.8,2.9,8.0,0.0,0.0,0.0,4.2,7.6,7.9,4.7,0.5,1.0,0.2,4.0,0.6,0.4,0.5,2.6,4.5,6.5,6.9,8.5,4.0,22.8,23.2,6.5,108.2,1.7,1.1,5.6,16.0,0.0,15.4,15.2,24.8,10.9,43.5,2.2,11.9,2.6,7.7,3.6,3.8,2.2,2.9,7.5,7.5,6.5,10.6,3.2,19.1,11.3,3.7,36.8,1.1,1.4,3.0,3.4,0.0,4.3,3.4,5.7,4.3,2.3,149.5,0.2,3.5,1.6,43.5,0.2,14.4,0.7,36.4,0.3,14.1,0.4,14.4,0.3,7.0,0.3,5.6,0.7,37.3,0.8,37.3,0.5,22.0,0.5,24.3,0.2,6.5,0.8,20.3,0.7,14.3,0.2,10.7,2.6,42.9,0.1,0.6,0.2,1.2,0.3,2.9,0.3,6.2,0.0,0.0,0.2,3.9,0.3,2.8,0.5,7.1,0.5,3.0
26,bio0_whs0_land2_list1500_bld500,False,False,2,1500,500,211.7,6.4,58.0,17.5,85.7,21.8,19.0,15.3,11.5,50.1,52.3,46.3,47.8,34.7,87.9,67.1,21.1,199.0,4.4,6.8,19.9,25.9,0.1,23.9,26.0,45.7,26.6,0.0,0.0,0.0,0.0,0.0,0.0,0.0,0.0,0.0,0.0,0.0,0.0,0.0,0.0,0.0,0.0,0.0,0.0,0.0,0.0,0.0,0.0,0.0,0.0,0.0,0.0,0.0,0.0,0.0,0.0,0.0,0.0,0.0,0.0,0.0,0.0,0.0,0.0,0.0,0.0,0.0,0.0,0.0,0.0,0.0,0.0,0.0,0.0,0.0,0.0,0.0,0.0,0.0,0.0,11.7,0.0,0.0,0.0,36.9,3.2,0.0,5.4,0.0,0.0,0.3,10.4,4.0,20.7,24.8,17.6,0.0,8.5,0.8,2.9,8.0,0.0,0.0,0.0,4.2,7.6,7.9,4.7,0.5,1.0,0.2,4.0,0.6,0.4,0.5,2.6,4.5,6.5,6.9,8.5,4.0,22.8,23.2,6.5,108.2,1.7,1.1,5.6,16.0,0.0,15.4,15.2,24.8,10.9,99.2,5.3,27.0,7.4,21.4,8.4,9.2,4.6,6.9,23.5,23.6,17.6,24.7,7.2,35.2,22.6,11.4,68.1,1.7,2.7,5.7,7.0,0.0,7.5,5.9,11.2,7.5,1.4,94.8,0.0,0.5,1.2,28.8,0.2,9.7,0.3,23.1,0.2,9.4,0.3,9.2,0.2,4.7,0.1,1.8,0.4,21.6,0.5,21.4,0.3,11.1,0.1,10.5,0.1,2.7,0.2,4.8,0.2,3.5,0.1,3.2,0.5,13.7,0.0,0.1,0.0,0.1,0.0,0.5,0.1,2.8,0.0,0.0,0.0,1.0,0.0,0.6,0.1,1.9,0.1,0.3
27,bio0_whs0_land2_list1500_bld750,False,False,2,1500,750,211.7,6.4,58.0,17.5,85.7,21.8,19.0,15.3,11.5,50.1,52.3,46.3,47.8,34.7,87.9,67.1,21.1,199.0,4.4,6.8,19.9,25.9,0.1,23.9,26.0,45.7,26.6,0.0,0.0,0.0,0.0,0.0,0.0,0.0,0.0,0.0,0.0,0.0,0.0,0.0,0.0,0.0,0.0,0.0,0.0,0.0,0.0,0.0,0.0,0.0,0.0,0.0,0.0,0.0,0.0,0.0,0.0,0.0,0.0,0.0,0.0,0.0,0.0,0.0,0.0,0.0,0.0,0.0,0.0,0.0,0.0,0.0,0.0,0.0,0.0,0.0,0.0,0.0,0.0,0.0,0.0,11.7,0.0,0.0,0.0,36.9,3.2,0.0,5.4,0.0,0.0,0.3,10.4,4.0,20.7,24.8,17.6,0.0,8.5,0.8,2.9,8.0,0.0,0.0,0.0,4.2,7.6,7.9,4.7,0.5,1.0,0.2,4.0,0.6,0.4,0.5,2.6,4.5,6.5,6.9,8.5,4.0,22.8,23.2,6.5,108.2,1.7,1.1,5.6,16.0,0.0,15.4,15.2,24.8,10.9,135.9,5.7,39.2,11.4,29.9,12.0,13.2,6.3,8.0,33.1,33.1,22.6,30.9,8.7,38.8,25.3,13.7,76.3,1.8,2.8,6.2,8.3,0.0,8.2,6.4,12.9,7.7,0.8,58.6,0.0,0.1,0.8,17.1,0.1,5.7,0.2,14.7,0.1,5.8,0.2,5.3,0.1,3.0,0.0,0.8,0.2,12.3,0.2,12.2,0.1,6.3,0.0,4.4,0.0,1.2,0.0,1.5,0.0,0.9,0.0,0.9,0.1,5.9,0.0,0.0,0.0,0.0,0.0,0.1,0.0,1.5,0.0,0.0,0.0,0.3,0.0,0.1,0.0,0.4,0.0,0.1
28,bio0_whs0_land2_list1500_bld1000,False,False,2,1500,1000,211.7,6.4,58.0,17.5,85.7,21.8,19.0,15.3,11.5,50.1,52.3,46.3,47.8,34.7,87.9,67.1,21.1,199.0,4.4,6.8,19.9,25.9,0.1,23.9,26.0,45.7,26.6,0.0,0.0,0.0,0.0,0.0,0.0,0.0,0.0,0.0,0.0,0.0,0.0,0.0,0.0,0.0,0.0,0.0,0.0,0.0,0.0,0.0,0.0,0.0,0.0,0.0,0.0,0.0,0.0,0.0,0.0,0.0,0.0,0.0,0.0,0.0,0.0,0.0,0.0,0.0,0.0,0.0,0.0,0.0,0.0,0.0,0.0,0.0,0.0,0.0,0.0,0.0,0.0,0.0,0.0,11.7,0.0,0.0,0.0,36.9,3.2,0.0,5.4,0.0,0.0,0.3,10.4,4.0,20.7,24.8,17.6,0.0,8.5,0.8,2.9,8.0,0.0,0.0,0.0,4.2,7.6,7.9,4.7,0.5,1.0,0.2,4.0,0.6,0.4,0.5,2.6,4.5,6.5,6.9,8.5,4.0,22.8,23.2,6.5,108.2,1.7,1.1,5.6,16.0,0.0,15.4,15.2,24.8,10.9,159.8,5.8,47.5,14.1,35.8,14.6,15.8,7.6,8.4,38.7,38.4,25.2,33.6,9.4,39.8,25.9,14.2,79.5,1.8,2.8,6.3,9.0,0.0,8.4,6.5,13.2,7.8,0.4,35.1,0.0,0.0,0.4,9.1,0.1,3.1,0.1,8.9,0.1,3.3,0.1,2.8,0.1,1.8,0.0,0.4,0.1,6.7,0.1,7.0,0.1,3.8,0.0,1.8,0.0,0.5,0.0,0.4,0.0,0.3,0.0,0.4,0.0,2.7,0.0,0.0,0.0,0.0,0.0,0.0,0.0,0.9,0.0,0.0,0.0,0.1,0.0,0.0,0.0,0.1,0.0,0.0
29,bio0_whs0_land2_list1500_bld1250,False,False,2,1500,1250,211.7,6.4,58.0,17.5,85.7,21.8,19.0,15.3,11.5,50.1,52.3,46.3,47.8,34.7,87.9,67.1,21.1,199.0,4.4,6.8,19.9,25.9,0.1,23.9,26.0,45.7,26.6,0.0,0.0,0.0,0.0,0.0,0.0,0.0,0.0,0.0,0.0,0.0,0.0,0.0,0.0,0.0,0.0,0.0,0.0,0.0,0.0,0.0,0.0,0.0,0.0,0.0,0.0,0.0,0.0,0.0,0.0,0.0,0.0,0.0,0.0,0.0,0.0,0.0,0.0,0.0,0.0,0.0,0.0,0.0,0.0,0.0,0.0,0.0,0.0,0.0,0.0,0.0,0.0,0.0,0.0,11.7,0.0,0.0,0.0,36.9,3.2,0.0,5.4,0.0,0.0,0.3,10.4,4.0,20.7,24.8,17.6,0.0,8.5,0.8,2.9,8.0,0.0,0.0,0.0,4.2,7.6,7.9,4.7,0.5,1.0,0.2,4.0,0.6,0.4,0.5,2.6,4.5,6.5,6.9,8.5,4.0,22.8,23.2,6.5,108.2,1.7,1.1,5.6,16.0,0.0,15.4,15.2,24.8,10.9,174.7,5.9,52.3,15.8,39.6,16.2,17.2,8.6,8.6,42.0,41.6,26.7,34.7,9.7,40.2,26.1,14.4,81.1,1.8,2.8,6.3,9.3,0.0,8.5,6.5,13.3,7.8,0.2,20.4,0.0,0.0,0.2,4.6,0.0,1.5,0.1,5.1,0.0,1.7,0.0,1.3,0.0,0.9,0.0,0.2,0.1,3.5,0.1,3.8,0.0,2.3,0.0,0.7,0.0,0.2,0.0,0.1,0.0,0.1,0.0,0.2,0.0,1.2,0.0,0.0,0.0,0.0,0.0,0.0,0.0,0.5,0.0,0.0,0.0,0.0,0.0,0.0,0.0,0.0,0.0,0.0
30,bio0_whs0_land3_list500_bld250,False,False,3,500,250,211.7,6.4,58.0,17.5,85.7,21.8,19.0,15.3,11.5,50.1,52.3,46.3,47.8,34.7,87.9,67.1,21.1,199.0,4.4,6.8,19.9,25.9,0.1,23.9,26.0,45.7,26.6,0.0,0.0,0.0,0.0,0.0,0.0,0.0,0.0,0.0,0.0,0.0,0.0,0.0,0.0,0.0,0.0,0.0,0.0,0.0,0.0,0.0,0.0,0.0,0.0,0.0,0.0,0.0,0.0,0.0,0.0,0.0,0.0,0.0,0.0,0.0,0.0,0.0,0.0,0.0,0.0,0.0,0.0,0.0,0.0,0.0,0.0,0.0,0.0,0.0,0.0,0.0,0.0,0.0,0.0,43.1,0.0,12.3,2.6,39.5,6.8,4.6,7.8,0.0,2.3,1.2,13.0,28.9,27.0,31.9,22.9,0.4,21.5,1.7,2.9,9.1,10.9,0.0,3.9,11.7,21.5,13.4,0.4,0.0,0.0,0.0,0.3,0.0,0.0,0.0,0.2,0.3,0.5,0.5,0.6,0.3,1.5,1.9,0.5,9.9,0.2,0.1,0.6,1.0,0.0,1.7,1.3,1.7,1.0,35.3,2.4,9.4,2.1,8.8,2.8,2.8,1.5,3.9,8.3,9.0,7.8,7.6,3.4,28.8,21.0,6.3,90.6,1.6,1.9,5.4,7.4,0.0,10.4,7.8,12.2,7.3,2.0,130.9,0.2,3.8,1.1,35.2,0.2,12.6,0.7,36.4,0.3,11.8,0.3,11.4,0.2,5.8,0.4,7.0,0.8,38.4,0.9,40.7,0.6,24.4,0.5,10.2,0.3,3.7,1.1,24.6,1.1,20.3,0.3,13.5,4.8,72.2,0.1,0.8,0.3,1.6,0.5,4.3,0.3,6.3,0.0,0.0,0.5,7.4,0.5,4.8,0.9,9.3,0.9,4.0
31,bio0_whs0_land3_list500_bld500,False,False,3,500,500,211.7,6.4,58.0,17.5,85.7,21.8,19.0,15.3,11.5,50.1,52.3,46.3,47.8,34.7,87.9,67.1,21.1,199.0,4.4,6.8,19.9,25.9,0.1,23.9,26.0,45.7,26.6,0.0,0.0,0.0,0.0,0.0,0.0,0.0,0.0,0.0,0.0,0.0,0.0,0.0,0.0,0.0,0.0,0.0,0.0,0.0,0.0,0.0,0.0,0.0,0.0,0.0,0.0,0.0,0.0,0.0,0.0,0.0,0.0,0.0,0.0,0.0,0.0,0.0,0.0,0.0,0.0,0.0,0.0,0.0,0.0,0.0,0.0,0.0,0.0,0.0,0.0,0.0,0.0,0.0,0.0,43.1,0.0,12.3,2.6,39.5,6.8,4.6,7.8,0.0,2.3,1.2,13.0,28.9,27.0,31.9,22.9,0.4,21.5,1.7,2.9,9.1,10.9,0.0,3.9,11.7,21.5,13.4,0.4,0.0,0.0,0.0,0.3,0.0,0.0,0.0,0.2,0.3,0.5,0.5,0.6,0.3,1.5,1.9,0.5,9.9,0.2,0.1,0.6,1.0,0.0,1.7,1.3,1.7,1.0,83.6,5.8,21.4,6.2,23.9,7.0,6.9,3.4,9.1,25.9,28.1,21.1,16.8,6.8,50.5,38.3,16.7,151.6,2.5,3.7,9.6,11.6,0.0,17.1,12.4,20.8,12.0,1.0,83.5,0.0,0.6,0.8,23.4,0.1,8.6,0.3,21.7,0.1,7.8,0.2,7.4,0.1,4.0,0.1,2.0,0.4,21.2,0.5,22.0,0.3,11.5,0.1,1.5,0.0,0.5,0.2,3.7,0.2,3.8,0.1,3.3,0.7,15.3,0.0,0.0,0.0,0.1,0.1,0.6,0.0,2.4,0.0,0.0,0.1,1.2,0.1,0.6,0.1,1.5,0.1,0.1
32,bio0_whs0_land3_list500_bld750,False,False,3,500,750,211.7,6.4,58.0,17.5,85.7,21.8,19.0,15.3,11.5,50.1,52.3,46.3,47.8,34.7,87.9,67.1,21.1,199.0,4.4,6.8,19.9,25.9,0.1,23.9,26.0,45.7,26.6,0.0,0.0,0.0,0.0,0.0,0.0,0.0,0.0,0.0,0.0,0.0,0.0,0.0,0.0,0.0,0.0,0.0,0.0,0.0,0.0,0.0,0.0,0.0,0.0,0.0,0.0,0.0,0.0,0.0,0.0,0.0,0.0,0.0,0.0,0.0,0.0,0.0,0.0,0.0,0.0,0.0,0.0,0.0,0.0,0.0,0.0,0.0,0.0,0.0,0.0,0.0,0.0,0.0,0.0,43.1,0.0,12.3,2.6,39.5,6.8,4.6,7.8,0.0,2.3,1.2,13.0,28.9,27.0,31.9,22.9,0.4,21.5,1.7,2.9,9.1,10.9,0.0,3.9,11.7,21.5,13.4,0.4,0.0,0.0,0.0,0.3,0.0,0.0,0.0,0.2,0.3,0.5,0.5,0.6,0.3,1.5,1.9,0.5,9.9,0.2,0.1,0.6,1.0,0.0,1.7,1.3,1.7,1.0,114.8,6.3,31.0,9.7,32.1,10.0,10.0,4.8,10.4,35.5,38.3,26.4,18.2,7.3,53.8,41.4,19.2,161.7,2.5,3.8,10.1,12.6,0.0,18.0,13.0,22.2,12.2,0.6,52.8,0.0,0.1,0.5,14.1,0.1,5.1,0.2,13.7,0.1,4.9,0.1,4.4,0.1,2.6,0.0,0.9,0.2,11.8,0.2,12.1,0.1,6.3,0.0,0.1,0.0,0.0,0.0,0.7,0.0,0.9,0.0,0.9,0.1,5.8,0.0,0.0,0.0,0.0,0.0,0.1,0.0,1.4,0.0,0.0,0.0,0.3,0.0,0.0,0.0,0.2,0.0,0.0
33,bio0_whs0_land3_list500_bld1000,False,False,3,500,1000,211.7,6.4,58.0,17.5,85.7,21.8,19.0,15.3,11.5,50.1,52.3,46.3,47.8,34.7,87.9,67.1,21.1,199.0,4.4,6.8,19.9,25.9,0.1,23.9,26.0,45.7,26.6,0.0,0.0,0.0,0.0,0.0,0.0,0.0,0.0,0.0,0.0,0.0,0.0,0.0,0.0,0.0,0.0,0.0,0.0,0.0,0.0,0.0,0.0,0.0,0.0,0.0,0.0,0.0,0.0,0.0,0.0,0.0,0.0,0.0,0.0,0.0,0.0,0.0,0.0,0.0,0.0,0.0,0.0,0.0,0.0,0.0,0.0,0.0,0.0,0.0,0.0,0.0,0.0,0.0,0.0,43.1,0.0,12.3,2.6,39.5,6.8,4.6,7.8,0.0,2.3,1.2,13.0,28.9,27.0,31.9,22.9,0.4,21.5,1.7,2.9,9.1,10.9,0.0,3.9,11.7,21.5,13.4,0.4,0.0,0.0,0.0,0.3,0.0,0.0,0.0,0.2,0.3,0.5,0.5,0.6,0.3,1.5,1.9,0.5,9.9,0.2,0.1,0.6,1.0,0.0,1.7,1.3,1.7,1.0,135.6,6.3,37.7,12.1,37.6,12.1,12.1,5.9,10.8,40.9,43.7,29.0,18.3,7.4,54.3,42.0,19.8,164.9,2.5,3.8,10.2,13.2,0.0,18.2,13.0,22.4,12.2,0.3,32.2,0.0,0.0,0.3,7.6,0.1,2.8,0.1,8.2,0.1,2.8,0.1,2.3,0.0,1.5,0.0,0.4,0.1,6.5,0.1,6.9,0.1,3.7,0.0,0.0,0.0,0.0,0.0,0.2,0.0,0.3,0.0,0.4,0.0,2.7,0.0,0.0,0.0,0.0,0.0,0.0,0.0,0.9,0.0,0.0,0.0,0.1,0.0,0.0,0.0,0.1,0.0,0.0
34,bio0_whs0_land3_list500_bld1250,False,False,3,500,1250,211.7,6.4,58.0,17.5,85.7,21.8,19.0,15.3,11.5,50.1,52.3,46.3,47.8,34.7,87.9,67.1,21.1,199.0,4.4,6.8,19.9,25.9,0.1,23.9,26.0,45.7,26.6,0.0,0.0,0.0,0.0,0.0,0.0,0.0,0.0,0.0,0.0,0.0,0.0,0.0,0.0,0.0,0.0,0.0,0.0,0.0,0.0,0.0,0.0,0.0,0.0,0.0,0.0,0.0,0.0,0.0,0.0,0.0,0.0,0.0,0.0,0.0,0.0,0.0,0.0,0.0,0.0,0.0,0.0,0.0,0.0,0.0,0.0,0.0,0.0,0.0,0.0,0.0,0.0,0.0,0.0,43.1,0.0,12.3,2.6,39.5,6.8,4.6,7.8,0.0,2.3,1.2,13.0,28.9,27.0,31.9,22.9,0.4,21.5,1.7,2.9,9.1,10.9,0.0,3.9,11.7,21.5,13.4,0.4,0.0,0.0,0.0,0.3,0.0,0.0,0.0,0.2,0.3,0.5,0.5,0.6,0.3,1.5,1.9,0.5,9.9,0.2,0.1,0.6,1.0,0.0,1.7,1.3,1.7,1.0,149.0,6.4,41.6,13.5,41.2,13.4,13.3,6.7,11.0,44.1,46.9,30.6,18.4,7.4,54.4,42.2,20.0,166.4,2.5,3.8,10.2,13.5,0.0,18.3,13.0,22.4,12.2,0.2,19.0,0.0,0.0,0.1,3.9,0.0,1.3,0.1,4.7,0.0,1.5,0.0,1.1,0.0,0.7,0.0,0.2,0.0,3.4,0.1,3.7,0.0,2.2,0.0,0.0,0.0,0.0,0.0,0.0,0.0,0.1,0.0,0.2,0.0,1.2,0.0,0.0,0.0,0.0,0.0,0.0,0.0,0.5,0.0,0.0,0.0,0.0,0.0,0.0,0.0,0.0,0.0,0.0
35,bio0_whs0_land3_list1000_bld250,False,False,3,1000,250,211.7,6.4,58.0,17.5,85.7,21.8,19.0,15.3,11.5,50.1,52.3,46.3,47.8,34.7,87.9,67.1,21.1,199.0,4.4,6.8,19.9,25.9,0.1,23.9,26.0,45.7,26.6,0.0,0.0,0.0,0.0,0.0,0.0,0.0,0.0,0.0,0.0,0.0,0.0,0.0,0.0,0.0,0.0,0.0,0.0,0.0,0.0,0.0,0.0,0.0,0.0,0.0,0.0,0.0,0.0,0.0,0.0,0.0,0.0,0.0,0.0,0.0,0.0,0.0,0.0,0.0,0.0,0.0,0.0,0.0,0.0,0.0,0.0,0.0,0.0,0.0,0.0,0.0,0.0,0.0,0.0,43.1,0.0,12.3,2.6,39.5,6.8,4.6,7.8,0.0,2.3,1.2,13.0,28.9,27.0,31.9,22.9,0.4,21.5,1.7,2.9,9.1,10.9,0.0,3.9,11.7,21.5,13.4,1.9,0.2,0.2,0.1,1.6,0.2,0.1,0.2,1.2,1.8,2.7,2.7,3.3,1.6,9.5,10.3,3.1,53.2,0.7,0.5,2.7,5.1,0.0,7.1,5.9,8.7,4.4,34.7,2.3,9.3,2.1,8.3,2.8,2.7,1.5,3.5,7.9,8.4,6.9,6.4,2.8,24.1,16.1,5.0,63.3,1.2,1.7,4.1,4.8,0.0,7.0,4.9,7.9,5.3,1.9,130.0,0.2,3.7,1.1,35.0,0.2,12.6,0.7,35.6,0.3,11.7,0.3,11.3,0.2,5.7,0.3,6.5,0.7,37.4,0.8,39.3,0.6,23.1,0.5,8.8,0.2,3.1,1.0,21.4,0.9,16.9,0.3,12.3,3.9,57.2,0.1,0.7,0.2,1.5,0.4,3.6,0.2,5.0,0.0,0.0,0.3,5.5,0.3,3.2,0.6,6.9,0.7,2.9
36,bio0_whs0_land3_list1000_bld500,False,False,3,1000,500,211.7,6.4,58.0,17.5,85.7,21.8,19.0,15.3,11.5,50.1,52.3,46.3,47.8,34.7,87.9,67.1,21.1,199.0,4.4,6.8,19.9,25.9,0.1,23.9,26.0,45.7,26.6,0.0,0.0,0.0,0.0,0.0,0.0,0.0,0.0,0.0,0.0,0.0,0.0,0.0,0.0,0.0,0.0,0.0,0.0,0.0,0.0,0.0,0.0,0.0,0.0,0.0,0.0,0.0,0.0,0.0,0.0,0.0,0.0,0.0,0.0,0.0,0.0,0.0,0.0,0.0,0.0,0.0,0.0,0.0,0.0,0.0,0.0,0.0,0.0,0.0,0.0,0.0,0.0,0.0,0.0,43.1,0.0,12.3,2.6,39.5,6.8,4.6,7.8,0.0,2.3,1.2,13.0,28.9,27.0,31.9,22.9,0.4,21.5,1.7,2.9,9.1,10.9,0.0,3.9,11.7,21.5,13.4,1.9,0.2,0.2,0.1,1.6,0.2,0.1,0.2,1.2,1.8,2.7,2.7,3.3,1.6,9.5,10.3,3.1,53.2,0.7,0.5,2.7,5.1,0.0,7.1,5.9,8.7,4.4,82.2,5.6,21.3,6.1,22.7,6.8,6.8,3.3,8.3,24.6,26.2,19.1,14.2,5.6,42.8,30.2,14.2,109.2,2.0,3.3,7.5,7.7,0.0,11.7,7.9,14.0,8.6,1.0,83.4,0.0,0.6,0.8,23.3,0.1,8.6,0.3,21.6,0.1,7.8,0.2,7.4,0.1,3.9,0.1,1.9,0.4,21.0,0.5,21.7,0.3,11.3,0.1,1.3,0.0,0.4,0.2,3.5,0.2,3.5,0.1,3.3,0.6,14.5,0.0,0.0,0.0,0.1,0.1,0.5,0.0,2.3,0.0,0.0,0.0,1.1,0.0,0.5,0.1,1.4,0.1,0.1
37,bio0_whs0_land3_list1000_bld750,False,False,3,1000,750,211.7,6.4,58.0,17.5,85.7,21.8,19.0,15.3,11.5,50.1,52.3,46.3,47.8,34.7,87.9,67.1,21.1,199.0,4.4,6.8,19.9,25.9,0.1,23.9,26.0,45.7,26.6,0.0,0.0,0.0,0.0,0.0,0.0,0.0,0.0,0.0,0.0,0.0,0.0,0.0,0.0,0.0,0.0,0.0,0.0,0.0,0.0,0.0,0.0,0.0,0.0,0.0,0.0,0.0,0.0,0.0,0.0,0.0,0.0,0.0,0.0,0.0,0.0,0.0,0.0,0.0,0.0,0.0,0.0,0.0,0.0,0.0,0.0,0.0,0.0,0.0,0.0,0.0,0.0,0.0,0.0,43.1,0.0,12.3,2.6,39.5,6.8,4.6,7.8,0.0,2.3,1.2,13.0,28.9,27.0,31.9,22.9,0.4,21.5,1.7,2.9,9.1,10.9,0.0,3.9,11.7,21.5,13.4,1.9,0.2,0.2,0.1,1.6,0.2,0.1,0.2,1.2,1.8,2.7,2.7,3.3,1.6,9.5,10.3,3.1,53.2,0.7,0.5,2.7,5.1,0.0,7.1,5.9,8.7,4.4,113.3,6.1,30.8,9.6,30.8,9.8,9.9,4.7,9.4,34.0,36.1,24.2,15.5,6.1,45.8,33.0,16.6,118.4,2.0,3.4,8.1,8.5,0.0,12.6,8.4,15.2,8.8,0.6,52.8,0.0,0.1,0.5,14.1,0.1,5.1,0.2,13.7,0.1,4.8,0.1,4.4,0.1,2.6,0.0,0.9,0.2,11.8,0.2,12.1,0.1,6.3,0.0,0.1,0.0,0.0,0.0,0.7,0.0,0.9,0.0,0.9,0.1,5.8,0.0,0.0,0.0,0.0,0.0,0.1,0.0,1.4,0.0,0.0,0.0,0.3,0.0,0.0,0.0,0.2,0.0,0.0
38,bio0_whs0_land3_list1000_bld1000,False,False,3,1000,1000,211.7,6.4,58.0,17.5,85.7,21.8,19.0,15.3,11.5,50.1,52.3,46.3,47.8,34.7,87.9,67.1,21.1,199.0,4.4,6.8,19.9,25.9,0.1,23.9,26.0,45.7,26.6,0.0,0.0,0.0,0.0,0.0,0.0,0.0,0.0,0.0,0.0,0.0,0.0,0.0,0.0,0.0,0.0,0.0,0.0,0.0,0.0,0.0,0.0,0.0,0.0,0.0,0.0,0.0,0.0,0.0,0.0,0.0,0.0,0.0,0.0,0.0,0.0,0.0,0.0,0.0,0.0,0.0,0.0,0.0,0.0,0.0,0.0,0.0,0.0,0.0,0.0,0.0,0.0,0.0,0.0,43.1,0.0,12.3,2.6,39.5,6.8,4.6,7.8,0.0,2.3,1.2,13.0,28.9,27.0,31.9,22.9,0.4,21.5,1.7,2.9,9.1,10.9,0.0,3.9,11.7,21.5,13.4,1.9,0.2,0.2,0.1,1.6,0.2,0.1,0.2,1.2,1.8,2.7,2.7,3.3,1.6,9.5,10.3,3.1,53.2,0.7,0.5,2.7,5.1,0.0,7.1,5.9,8.7,4.4,134.1,6.2,37.5,12.0,36.3,11.9,12.0,5.8,9.9,39.4,41.5,26.8,15.7,6.1,46.3,33.6,17.2,121.6,2.0,3.4,8.1,9.1,0.0,12.8,8.4,15.4,8.8,0.3,32.2,0.0,0.0,0.3,7.6,0.1,2.8,0.1,8.2,0.1,2.8,0.1,2.3,0.0,1.5,0.0,0.4,0.1,6.5,0.1,6.9,0.1,3.7,0.0,0.0,0.0,0.0,0.0,0.2,0.0,0.3,0.0,0.4,0.0,2.7,0.0,0.0,0.0,0.0,0.0,0.0,0.0,0.9,0.0,0.0,0.0,0.1,0.0,0.0,0.0,0.1,0.0,0.0
39,bio0_whs0_land3_list1000_bld1250,False,False,3,1000,1250,211.7,6.4,58.0,17.5,85.7,21.8,19.0,15.3,11.5,50.1,52.3,46.3,47.8,34.7,87.9,67.1,21.1,199.0,4.4,6.8,19.9,25.9,0.1,23.9,26.0,45.7,26.6,0.0,0.0,0.0,0.0,0.0,0.0,0.0,0.0,0.0,0.0,0.0,0.0,0.0,0.0,0.0,0.0,0.0,0.0,0.0,0.0,0.0,0.0,0.0,0.0,0.0,0.0,0.0,0.0,0.0,0.0,0.0,0.0,0.0,0.0,0.0,0.0,0.0,0.0,0.0,0.0,0.0,0.0,0.0,0.0,0.0,0.0,0.0,0.0,0.0,0.0,0.0,0.0,0.0,0.0,43.1,0.0,12.3,2.6,39.5,6.8,4.6,7.8,0.0,2.3,1.2,13.0,28.9,27.0,31.9,22.9,0.4,21.5,1.7,2.9,9.1,10.9,0.0,3.9,11.7,21.5,13.4,1.9,0.2,0.2,0.1,1.6,0.2,0.1,0.2,1.2,1.8,2.7,2.7,3.3,1.6,9.5,10.3,3.1,53.2,0.7,0.5,2.7,5.1,0.0,7.1,5.9,8.7,4.4,147.5,6.2,41.4,13.5,39.8,13.2,13.2,6.6,10.1,42.5,44.7,28.4,15.7,6.1,46.5,33.8,17.4,123.2,2.0,3.4,8.2,9.4,0.0,12.8,8.4,15.5,8.8,0.2,19.0,0.0,0.0,0.1,3.9,0.0,1.3,0.1,4.7,0.0,1.5,0.0,1.1,0.0,0.7,0.0,0.2,0.0,3.4,0.1,3.7,0.0,2.2,0.0,0.0,0.0,0.0,0.0,0.0,0.0,0.1,0.0,0.2,0.0,1.2,0.0,0.0,0.0,0.0,0.0,0.0,0.0,0.5,0.0,0.0,0.0,0.0,0.0,0.0,0.0,0.0,0.0,0.0
40,bio0_whs0_land3_list1500_bld250,False,False,3,1500,250,211.7,6.4,58.0,17.5,85.7,21.8,19.0,15.3,11.5,50.1,52.3,46.3,47.8,34.7,87.9,67.1,21.1,199.0,4.4,6.8,19.9,25.9,0.1,23.9,26.0,45.7,26.6,0.0,0.0,0.0,0.0,0.0,0.0,0.0,0.0,0.0,0.0,0.0,0.0,0.0,0.0,0.0,0.0,0.0,0.0,0.0,0.0,0.0,0.0,0.0,0.0,0.0,0.0,0.0,0.0,0.0,0.0,0.0,0.0,0.0,0.0,0.0,0.0,0.0,0.0,0.0,0.0,0.0,0.0,0.0,0.0,0.0,0.0,0.0,0.0,0.0,0.0,0.0,0.0,0.0,0.0,43.1,0.0,12.3,2.6,39.5,6.8,4.6,7.8,0.0,2.3,1.2,13.0,28.9,27.0,31.9,22.9,0.4,21.5,1.7,2.9,9.1,10.9,0.0,3.9,11.7,21.5,13.4,4.5,0.5,0.7,0.2,4.0,0.6,0.3,0.4,2.6,4.4,6.3,6.2,7.0,3.1,21.5,20.7,6.4,100.8,1.3,1.1,4.9,9.4,0.0,12.3,10.5,15.6,8.0,33.8,2.2,9.3,2.0,7.5,2.7,2.7,1.4,2.9,7.1,7.4,5.7,4.8,2.0,17.5,10.5,3.7,34.6,0.8,1.4,2.9,2.3,0.0,3.8,2.2,4.0,3.1,1.8,128.4,0.2,3.5,1.1,34.7,0.2,12.5,0.6,34.2,0.2,11.5,0.3,11.1,0.2,5.5,0.3,5.6,0.7,35.5,0.7,36.7,0.5,20.9,0.4,6.8,0.2,2.3,0.7,16.3,0.6,12.4,0.2,10.4,2.4,39.6,0.1,0.5,0.2,1.2,0.3,2.7,0.1,3.3,0.0,0.0,0.2,3.7,0.2,1.4,0.3,4.2,0.4,1.7
41,bio0_whs0_land3_list1500_bld500,False,False,3,1500,500,211.7,6.4,58.0,17.5,85.7,21.8,19.0,15.3,11.5,50.1,52.3,46.3,47.8,34.7,87.9,67.1,21.1,199.0,4.4,6.8,19.9,25.9,0.1,23.9,26.0,45.7,26.6,0.0,0.0,0.0,0.0,0.0,0.0,0.0,0.0,0.0,0.0,0.0,0.0,0.0,0.0,0.0,0.0,0.0,0.0,0.0,0.0,0.0,0.0,0.0,0.0,0.0,0.0,0.0,0.0,0.0,0.0,0.0,0.0,0.0,0.0,0.0,0.0,0.0,0.0,0.0,0.0,0.0,0.0,0.0,0.0,0.0,0.0,0.0,0.0,0.0,0.0,0.0,0.0,0.0,0.0,43.1,0.0,12.3,2.6,39.5,6.8,4.6,7.8,0.0,2.3,1.2,13.0,28.9,27.0,31.9,22.9,0.4,21.5,1.7,2.9,9.1,10.9,0.0,3.9,11.7,21.5,13.4,4.5,0.5,0.7,0.2,4.0,0.6,0.3,0.4,2.6,4.4,6.3,6.2,7.0,3.1,21.5,20.7,6.4,100.8,1.3,1.1,4.9,9.4,0.0,12.3,10.5,15.6,8.0,80.0,5.3,21.0,6.1,20.6,6.5,6.7,3.1,6.9,22.5,23.4,16.1,10.8,4.1,31.4,20.4,11.2,63.4,1.3,2.7,5.4,3.7,0.0,6.7,3.5,7.5,5.1,1.0,83.1,0.0,0.5,0.8,23.1,0.1,8.5,0.3,21.3,0.1,7.7,0.2,7.3,0.1,3.8,0.1,1.8,0.4,20.5,0.5,21.0,0.2,10.8,0.1,1.1,0.0,0.4,0.2,2.9,0.1,3.0,0.1,3.0,0.5,12.8,0.0,0.0,0.0,0.1,0.0,0.5,0.0,1.9,0.0,0.0,0.0,1.0,0.0,0.2,0.1,1.0,0.0,0.1
42,bio0_whs0_land3_list1500_bld750,False,False,3,1500,750,211.7,6.4,58.0,17.5,85.7,21.8,19.0,15.3,11.5,50.1,52.3,46.3,47.8,34.7,87.9,67.1,21.1,199.0,4.4,6.8,19.9,25.9,0.1,23.9,26.0,45.7,26.6,0.0,0.0,0.0,0.0,0.0,0.0,0.0,0.0,0.0,0.0,0.0,0.0,0.0,0.0,0.0,0.0,0.0,0.0,0.0,0.0,0.0,0.0,0.0,0.0,0.0,0.0,0.0,0.0,0.0,0.0,0.0,0.0,0.0,0.0,0.0,0.0,0.0,0.0,0.0,0.0,0.0,0.0,0.0,0.0,0.0,0.0,0.0,0.0,0.0,0.0,0.0,0.0,0.0,0.0,43.1,0.0,12.3,2.6,39.5,6.8,4.6,7.8,0.0,2.3,1.2,13.0,28.9,27.0,31.9,22.9,0.4,21.5,1.7,2.9,9.1,10.9,0.0,3.9,11.7,21.5,13.4,4.5,0.5,0.7,0.2,4.0,0.6,0.3,0.4,2.6,4.4,6.3,6.2,7.0,3.1,21.5,20.7,6.4,100.8,1.3,1.1,4.9,9.4,0.0,12.3,10.5,15.6,8.0,110.8,5.7,30.5,9.5,28.6,9.5,9.7,4.5,8.0,31.5,32.7,20.9,11.9,4.5,33.8,22.6,13.4,70.9,1.4,2.8,5.8,4.3,0.0,7.4,3.8,8.4,5.2,0.6,52.6,0.0,0.1,0.5,14.0,0.1,5.1,0.1,13.6,0.1,4.8,0.1,4.3,0.1,2.5,0.0,0.8,0.2,11.6,0.2,11.9,0.1,6.2,0.0,0.1,0.0,0.0,0.0,0.6,0.0,0.9,0.0,0.9,0.1,5.6,0.0,0.0,0.0,0.0,0.0,0.1,0.0,1.3,0.0,0.0,0.0,0.3,0.0,0.0,0.0,0.2,0.0,0.0
43,bio0_whs0_land3_list1500_bld1000,False,False,3,1500,1000,211.7,6.4,58.0,17.5,85.7,21.8,19.0,15.3,11.5,50.1,52.3,46.3,47.8,34.7,87.9,67.1,21.1,199.0,4.4,6.8,19.9,25.9,0.1,23.9,26.0,45.7,26.6,0.0,0.0,0.0,0.0,0.0,0.0,0.0,0.0,0.0,0.0,0.0,0.0,0.0,0.0,0.0,0.0,0.0,0.0,0.0,0.0,0.0,0.0,0.0,0.0,0.0,0.0,0.0,0.0,0.0,0.0,0.0,0.0,0.0,0.0,0.0,0.0,0.0,0.0,0.0,0.0,0.0,0.0,0.0,0.0,0.0,0.0,0.0,0.0,0.0,0.0,0.0,0.0,0.0,0.0,43.1,0.0,12.3,2.6,39.5,6.8,4.6,7.8,0.0,2.3,1.2,13.0,28.9,27.0,31.9,22.9,0.4,21.5,1.7,2.9,9.1,10.9,0.0,3.9,11.7,21.5,13.4,4.5,0.5,0.7,0.2,4.0,0.6,0.3,0.4,2.6,4.4,6.3,6.2,7.0,3.1,21.5,20.7,6.4,100.8,1.3,1.1,4.9,9.4,0.0,12.3,10.5,15.6,8.0,131.5,5.8,37.1,11.9,34.0,11.6,11.8,5.5,8.4,36.8,37.9,23.4,12.0,4.5,34.3,23.2,13.9,74.0,1.4,2.8,5.9,4.8,0.0,7.6,3.8,8.5,5.2,0.3,32.2,0.0,0.0,0.3,7.6,0.1,2.8,0.1,8.2,0.1,2.8,0.1,2.3,0.0,1.5,0.0,0.4,0.1,6.4,0.1,6.8,0.1,3.7,0.0,0.0,0.0,0.0,0.0,0.2,0.0,0.3,0.0,0.3,0.0,2.6,0.0,0.0,0.0,0.0,0.0,0.0,0.0,0.9,0.0,0.0,0.0,0.1,0.0,0.0,0.0,0.0,0.0,0.0
44,bio0_whs0_land3_list1500_bld1250,False,False,3,1500,1250,211.7,6.4,58.0,17.5,85.7,21.8,19.0,15.3,11.5,50.1,52.3,46.3,47.8,34.7,87.9,67.1,21.1,199.0,4.4,6.8,19.9,25.9,0.1,23.9,26.0,45.7,26.6,0.0,0.0,0.0,0.0,0.0,0.0,0.0,0.0,0.0,0.0,0.0,0.0,0.0,0.0,0.0,0.0,0.0,0.0,0.0,0.0,0.0,0.0,0.0,0.0,0.0,0.0,0.0,0.0,0.0,0.0,0.0,0.0,0.0,0.0,0.0,0.0,0.0,0.0,0.0,0.0,0.0,0.0,0.0,0.0,0.0,0.0,0.0,0.0,0.0,0.0,0.0,0.0,0.0,0.0,43.1,0.0,12.3,2.6,39.5,6.8,4.6,7.8,0.0,2.3,1.2,13.0,28.9,27.0,31.9,22.9,0.4,21.5,1.7,2.9,9.1,10.9,0.0,3.9,11.7,21.5,13.4,4.5,0.5,0.7,0.2,4.0,0.6,0.3,0.4,2.6,4.4,6.3,6.2,7.0,3.1,21.5,20.7,6.4,100.8,1.3,1.1,4.9,9.4,0.0,12.3,10.5,15.6,8.0,144.9,5.9,40.9,13.4,37.5,12.8,13.0,6.3,8.6,39.9,41.1,24.9,12.0,4.5,34.5,23.4,14.1,75.5,1.4,2.8,5.9,5.1,0.0,7.7,3.8,8.6,5.2,0.2,19.0,0.0,0.0,0.1,3.9,0.0,1.3,0.1,4.7,0.0,1.5,0.0,1.1,0.0,0.7,0.0,0.2,0.0,3.4,0.1,3.7,0.0,2.2,0.0,0.0,0.0,0.0,0.0,0.0,0.0,0.1,0.0,0.2,0.0,1.1,0.0,0.0,0.0,0.0,0.0,0.0,0.0,0.5,0.0,0.0,0.0,0.0,0.0,0.0,0.0,0.0,0.0,0.0
45,bio0_whs0_land4_list500_bld250,False,False,4,500,250,211.7,6.4,58.0,17.5,85.7,21.8,19.0,15.3,11.5,50.1,52.3,46.3,47.8,34.7,87.9,67.1,21.1,199.0,4.4,6.8,19.9,25.9,0.1,23.9,26.0,45.7,26.6,0.0,0.0,0.0,0.0,0.0,0.0,0.0,0.0,0.0,0.0,0.0,0.0,0.0,0.0,0.0,0.0,0.0,0.0,0.0,0.0,0.0,0.0,0.0,0.0,0.0,0.0,0.0,0.0,0.0,0.0,0.0,0.0,0.0,0.0,0.0,0.0,0.0,0.0,0.0,0.0,0.0,0.0,0.0,0.0,0.0,0.0,0.0,0.0,0.0,0.0,0.0,0.0,0.0,0.0,43.1,0.0,12.3,2.6,39.5,6.8,4.6,7.8,0.0,2.3,1.2,13.0,32.8,27.1,43.2,29.4,0.4,33.2,1.7,2.9,9.1,12.2,0.0,8.8,15.6,22.1,13.4,0.4,0.0,0.0,0.0,0.3,0.0,0.0,0.0,0.2,0.3,0.5,0.5,0.5,0.3,1.2,1.5,0.5,9.1,0.2,0.1,0.6,0.8,0.0,1.2,0.8,1.7,1.0,35.3,2.4,9.4,2.1,8.8,2.8,2.8,1.5,3.9,8.3,9.0,7.8,5.9,3.4,22.1,16.7,6.3,83.1,1.6,1.9,5.4,6.5,0.0,7.5,5.6,11.9,7.3,2.0,130.9,0.2,3.8,1.1,35.2,0.2,12.6,0.7,36.4,0.3,11.8,0.3,11.4,0.2,5.8,0.4,7.0,0.8,38.4,0.9,40.7,0.6,24.4,0.4,8.2,0.3,3.7,0.9,20.5,0.8,18.6,0.3,13.5,4.4,69.1,0.1,0.8,0.3,1.6,0.5,4.3,0.3,6.1,0.0,0.0,0.4,6.0,0.3,3.6,0.8,9.2,0.9,4.0
46,bio0_whs0_land4_list500_bld500,False,False,4,500,500,211.7,6.4,58.0,17.5,85.7,21.8,19.0,15.3,11.5,50.1,52.3,46.3,47.8,34.7,87.9,67.1,21.1,199.0,4.4,6.8,19.9,25.9,0.1,23.9,26.0,45.7,26.6,0.0,0.0,0.0,0.0,0.0,0.0,0.0,0.0,0.0,0.0,0.0,0.0,0.0,0.0,0.0,0.0,0.0,0.0,0.0,0.0,0.0,0.0,0.0,0.0,0.0,0.0,0.0,0.0,0.0,0.0,0.0,0.0,0.0,0.0,0.0,0.0,0.0,0.0,0.0,0.0,0.0,0.0,0.0,0.0,0.0,0.0,0.0,0.0,0.0,0.0,0.0,0.0,0.0,0.0,43.1,0.0,12.3,2.6,39.5,6.8,4.6,7.8,0.0,2.3,1.2,13.0,32.8,27.1,43.2,29.4,0.4,33.2,1.7,2.9,9.1,12.2,0.0,8.8,15.6,22.1,13.4,0.4,0.0,0.0,0.0,0.3,0.0,0.0,0.0,0.2,0.3,0.5,0.5,0.5,0.3,1.2,1.5,0.5,9.1,0.2,0.1,0.6,0.8,0.0,1.2,0.8,1.7,1.0,83.6,5.8,21.4,6.2,23.9,7.0,6.9,3.4,9.1,25.9,28.1,21.1,13.3,6.8,40.4,32.3,16.7,140.8,2.5,3.7,9.6,10.4,0.0,12.7,9.0,20.2,12.0,1.0,83.5,0.0,0.6,0.8,23.4,0.1,8.6,0.3,21.7,0.1,7.8,0.2,7.4,0.1,4.0,0.1,2.0,0.4,21.2,0.5,22.0,0.3,11.5,0.1,1.2,0.0,0.5,0.2,2.9,0.2,3.6,0.1,3.3,0.7,15.1,0.0,0.0,0.0,0.1,0.1,0.6,0.0,2.4,0.0,0.0,0.1,1.1,0.0,0.5,0.1,1.5,0.1,0.1
47,bio0_whs0_land4_list500_bld750,False,False,4,500,750,211.7,6.4,58.0,17.5,85.7,21.8,19.0,15.3,11.5,50.1,52.3,46.3,47.8,34.7,87.9,67.1,21.1,199.0,4.4,6.8,19.9,25.9,0.1,23.9,26.0,45.7,26.6,0.0,0.0,0.0,0.0,0.0,0.0,0.0,0.0,0.0,0.0,0.0,0.0,0.0,0.0,0.0,0.0,0.0,0.0,0.0,0.0,0.0,0.0,0.0,0.0,0.0,0.0,0.0,0.0,0.0,0.0,0.0,0.0,0.0,0.0,0.0,0.0,0.0,0.0,0.0,0.0,0.0,0.0,0.0,0.0,0.0,0.0,0.0,0.0,0.0,0.0,0.0,0.0,0.0,0.0,43.1,0.0,12.3,2.6,39.5,6.8,4.6,7.8,0.0,2.3,1.2,13.0,32.8,27.1,43.2,29.4,0.4,33.2,1.7,2.9,9.1,12.2,0.0,8.8,15.6,22.1,13.4,0.4,0.0,0.0,0.0,0.3,0.0,0.0,0.0,0.2,0.3,0.5,0.5,0.5,0.3,1.2,1.5,0.5,9.1,0.2,0.1,0.6,0.8,0.0,1.2,0.8,1.7,1.0,114.8,6.3,31.0,9.7,32.1,10.0,10.0,4.8,10.4,35.5,38.3,26.4,14.5,7.3,43.0,35.3,19.2,150.7,2.5,3.8,10.1,11.4,0.0,13.6,9.5,21.6,12.2,0.6,52.8,0.0,0.1,0.5,14.1,0.1,5.1,0.2,13.7,0.1,4.9,0.1,4.4,0.1,2.6,0.0,0.9,0.2,11.8,0.2,12.1,0.1,6.3,0.0,0.1,0.0,0.0,0.0,0.5,0.0,0.9,0.0,0.9,0.1,5.8,0.0,0.0,0.0,0.0,0.0,0.1,0.0,1.4,0.0,0.0,0.0,0.3,0.0,0.0,0.0,0.2,0.0,0.0
48,bio0_whs0_land4_list500_bld1000,False,False,4,500,1000,211.7,6.4,58.0,17.5,85.7,21.8,19.0,15.3,11.5,50.1,52.3,46.3,47.8,34.7,87.9,67.1,21.1,199.0,4.4,6.8,19.9,25.9,0.1,23.9,26.0,45.7,26.6,0.0,0.0,0.0,0.0,0.0,0.0,0.0,0.0,0.0,0.0,0.0,0.0,0.0,0.0,0.0,0.0,0.0,0.0,0.0,0.0,0.0,0.0,0.0,0.0,0.0,0.0,0.0,0.0,0.0,0.0,0.0,0.0,0.0,0.0,0.0,0.0,0.0,0.0,0.0,0.0,0.0,0.0,0.0,0.0,0.0,0.0,0.0,0.0,0.0,0.0,0.0,0.0,0.0,0.0,43.1,0.0,12.3,2.6,39.5,6.8,4.6,7.8,0.0,2.3,1.2,13.0,32.8,27.1,43.2,29.4,0.4,33.2,1.7,2.9,9.1,12.2,0.0,8.8,15.6,22.1,13.4,0.4,0.0,0.0,0.0,0.3,0.0,0.0,0.0,0.2,0.3,0.5,0.5,0.5,0.3,1.2,1.5,0.5,9.1,0.2,0.1,0.6,0.8,0.0,1.2,0.8,1.7,1.0,135.6,6.3,37.7,12.1,37.6,12.1,12.1,5.9,10.8,40.9,43.7,29.0,14.6,7.3,43.4,35.9,19.8,154.0,2.5,3.8,10.2,12.0,0.0,13.8,9.5,21.8,12.2,0.3,32.2,0.0,0.0,0.3,7.6,0.1,2.8,0.1,8.2,0.1,2.8,0.1,2.3,0.0,1.5,0.0,0.4,0.1,6.5,0.1,6.9,0.1,3.7,0.0,0.0,0.0,0.0,0.0,0.1,0.0,0.3,0.0,0.4,0.0,2.7,0.0,0.0,0.0,0.0,0.0,0.0,0.0,0.9,0.0,0.0,0.0,0.1,0.0,0.0,0.0,0.1,0.0,0.0
49,bio0_whs0_land4_list500_bld1250,False,False,4,500,1250,211.7,6.4,58.0,17.5,85.7,21.8,19.0,15.3,11.5,50.1,52.3,46.3,47.8,34.7,87.9,67.1,21.1,199.0,4.4,6.8,19.9,25.9,0.1,23.9,26.0,45.7,26.6,0.0,0.0,0.0,0.0,0.0,0.0,0.0,0.0,0.0,0.0,0.0,0.0,0.0,0.0,0.0,0.0,0.0,0.0,0.0,0.0,0.0,0.0,0.0,0.0,0.0,0.0,0.0,0.0,0.0,0.0,0.0,0.0,0.0,0.0,0.0,0.0,0.0,0.0,0.0,0.0,0.0,0.0,0.0,0.0,0.0,0.0,0.0,0.0,0.0,0.0,0.0,0.0,0.0,0.0,43.1,0.0,12.3,2.6,39.5,6.8,4.6,7.8,0.0,2.3,1.2,13.0,32.8,27.1,43.2,29.4,0.4,33.2,1.7,2.9,9.1,12.2,0.0,8.8,15.6,22.1,13.4,0.4,0.0,0.0,0.0,0.3,0.0,0.0,0.0,0.2,0.3,0.5,0.5,0.5,0.3,1.2,1.5,0.5,9.1,0.2,0.1,0.6,0.8,0.0,1.2,0.8,1.7,1.0,149.0,6.4,41.6,13.5,41.2,13.4,13.3,6.7,11.0,44.1,46.9,30.6,14.6,7.3,43.5,36.1,20.0,155.5,2.5,3.8,10.2,12.3,0.0,13.9,9.5,21.9,12.2,0.2,19.0,0.0,0.0,0.1,3.9,0.0,1.3,0.1,4.7,0.0,1.5,0.0,1.1,0.0,0.7,0.0,0.2,0.0,3.4,0.1,3.7,0.0,2.2,0.0,0.0,0.0,0.0,0.0,0.0,0.0,0.1,0.0,0.2,0.0,1.2,0.0,0.0,0.0,0.0,0.0,0.0,0.0,0.5,0.0,0.0,0.0,0.0,0.0,0.0,0.0,0.0,0.0,0.0
50,bio0_whs0_land4_list1000_bld250,False,False,4,1000,250,211.7,6.4,58.0,17.5,85.7,21.8,19.0,15.3,11.5,50.1,52.3,46.3,47.8,34.7,87.9,67.1,21.1,199.0,4.4,6.8,19.9,25.9,0.1,23.9,26.0,45.7,26.6,0.0,0.0,0.0,0.0,0.0,0.0,0.0,0.0,0.0,0.0,0.0,0.0,0.0,0.0,0.0,0.0,0.0,0.0,0.0,0.0,0.0,0.0,0.0,0.0,0.0,0.0,0.0,0.0,0.0,0.0,0.0,0.0,0.0,0.0,0.0,0.0,0.0,0.0,0.0,0.0,0.0,0.0,0.0,0.0,0.0,0.0,0.0,0.0,0.0,0.0,0.0,0.0,0.0,0.0,43.1,0.0,12.3,2.6,39.5,6.8,4.6,7.8,0.0,2.3,1.2,13.0,32.8,27.1,43.2,29.4,0.4,33.2,1.7,2.9,9.1,12.2,0.0,8.8,15.6,22.1,13.4,1.9,0.2,0.2,0.1,1.6,0.2,0.1,0.2,1.2,1.8,2.7,2.7,2.5,1.6,7.5,8.2,3.1,49.1,0.7,0.5,2.7,4.4,0.0,5.1,4.0,8.5,4.4,34.7,2.3,9.3,2.1,8.3,2.8,2.7,1.5,3.5,7.9,8.4,6.9,5.0,2.8,18.5,13.0,5.0,58.1,1.2,1.7,4.1,4.3,0.0,5.1,3.6,7.7,5.3,1.9,130.0,0.2,3.7,1.1,35.0,0.2,12.6,0.7,35.6,0.3,11.7,0.3,11.3,0.2,5.7,0.3,6.5,0.7,37.4,0.8,39.3,0.6,23.1,0.4,7.1,0.2,3.0,0.8,17.9,0.7,15.7,0.3,12.3,3.5,55.1,0.1,0.7,0.2,1.5,0.4,3.6,0.2,4.8,0.0,0.0,0.2,4.6,0.2,2.5,0.6,6.8,0.7,2.9
51,bio0_whs0_land4_list1000_bld500,False,False,4,1000,500,211.7,6.4,58.0,17.5,85.7,21.8,19.0,15.3,11.5,50.1,52.3,46.3,47.8,34.7,87.9,67.1,21.1,199.0,4.4,6.8,19.9,25.9,0.1,23.9,26.0,45.7,26.6,0.0,0.0,0.0,0.0,0.0,0.0,0.0,0.0,0.0,0.0,0.0,0.0,0.0,0.0,0.0,0.0,0.0,0.0,0.0,0.0,0.0,0.0,0.0,0.0,0.0,0.0,0.0,0.0,0.0,0.0,0.0,0.0,0.0,0.0,0.0,0.0,0.0,0.0,0.0,0.0,0.0,0.0,0.0,0.0,0.0,0.0,0.0,0.0,0.0,0.0,0.0,0.0,0.0,0.0,43.1,0.0,12.3,2.6,39.5,6.8,4.6,7.8,0.0,2.3,1.2,13.0,32.8,27.1,43.2,29.4,0.4,33.2,1.7,2.9,9.1,12.2,0.0,8.8,15.6,22.1,13.4,1.9,0.2,0.2,0.1,1.6,0.2,0.1,0.2,1.2,1.8,2.7,2.7,2.5,1.6,7.5,8.2,3.1,49.1,0.7,0.5,2.7,4.4,0.0,5.1,4.0,8.5,4.4,82.2,5.6,21.3,6.1,22.7,6.8,6.8,3.3,8.3,24.6,26.2,19.1,11.3,5.6,34.2,25.8,14.2,101.7,2.0,3.3,7.5,7.0,0.0,8.9,5.9,13.6,8.6,1.0,83.4,0.0,0.6,0.8,23.3,0.1,8.6,0.3,21.6,0.1,7.8,0.2,7.4,0.1,3.9,0.1,1.9,0.4,21.0,0.5,21.7,0.3,11.3,0.1,1.1,0.0,0.4,0.2,2.7,0.2,3.4,0.1,3.3,0.6,14.4,0.0,0.0,0.0,0.1,0.1,0.5,0.0,2.3,0.0,0.0,0.0,1.0,0.0,0.4,0.1,1.4,0.1,0.1
52,bio0_whs0_land4_list1000_bld750,False,False,4,1000,750,211.7,6.4,58.0,17.5,85.7,21.8,19.0,15.3,11.5,50.1,52.3,46.3,47.8,34.7,87.9,67.1,21.1,199.0,4.4,6.8,19.9,25.9,0.1,23.9,26.0,45.7,26.6,0.0,0.0,0.0,0.0,0.0,0.0,0.0,0.0,0.0,0.0,0.0,0.0,0.0,0.0,0.0,0.0,0.0,0.0,0.0,0.0,0.0,0.0,0.0,0.0,0.0,0.0,0.0,0.0,0.0,0.0,0.0,0.0,0.0,0.0,0.0,0.0,0.0,0.0,0.0,0.0,0.0,0.0,0.0,0.0,0.0,0.0,0.0,0.0,0.0,0.0,0.0,0.0,0.0,0.0,43.1,0.0,12.3,2.6,39.5,6.8,4.6,7.8,0.0,2.3,1.2,13.0,32.8,27.1,43.2,29.4,0.4,33.2,1.7,2.9,9.1,12.2,0.0,8.8,15.6,22.1,13.4,1.9,0.2,0.2,0.1,1.6,0.2,0.1,0.2,1.2,1.8,2.7,2.7,2.5,1.6,7.5,8.2,3.1,49.1,0.7,0.5,2.7,4.4,0.0,5.1,4.0,8.5,4.4,113.3,6.1,30.8,9.6,30.8,9.8,9.9,4.7,9.4,34.0,36.1,24.2,12.4,6.0,36.7,28.5,16.6,110.8,2.0,3.4,8.1,7.8,0.0,9.7,6.3,14.8,8.8,0.6,52.8,0.0,0.1,0.5,14.1,0.1,5.1,0.2,13.7,0.1,4.8,0.1,4.4,0.1,2.6,0.0,0.9,0.2,11.8,0.2,12.1,0.1,6.3,0.0,0.1,0.0,0.0,0.0,0.5,0.0,0.9,0.0,0.9,0.1,5.8,0.0,0.0,0.0,0.0,0.0,0.1,0.0,1.4,0.0,0.0,0.0,0.3,0.0,0.0,0.0,0.2,0.0,0.0
53,bio0_whs0_land4_list1000_bld1000,False,False,4,1000,1000,211.7,6.4,58.0,17.5,85.7,21.8,19.0,15.3,11.5,50.1,52.3,46.3,47.8,34.7,87.9,67.1,21.1,199.0,4.4,6.8,19.9,25.9,0.1,23.9,26.0,45.7,26.6,0.0,0.0,0.0,0.0,0.0,0.0,0.0,0.0,0.0,0.0,0.0,0.0,0.0,0.0,0.0,0.0,0.0,0.0,0.0,0.0,0.0,0.0,0.0,0.0,0.0,0.0,0.0,0.0,0.0,0.0,0.0,0.0,0.0,0.0,0.0,0.0,0.0,0.0,0.0,0.0,0.0,0.0,0.0,0.0,0.0,0.0,0.0,0.0,0.0,0.0,0.0,0.0,0.0,0.0,43.1,0.0,12.3,2.6,39.5,6.8,4.6,7.8,0.0,2.3,1.2,13.0,32.8,27.1,43.2,29.4,0.4,33.2,1.7,2.9,9.1,12.2,0.0,8.8,15.6,22.1,13.4,1.9,0.2,0.2,0.1,1.6,0.2,0.1,0.2,1.2,1.8,2.7,2.7,2.5,1.6,7.5,8.2,3.1,49.1,0.7,0.5,2.7,4.4,0.0,5.1,4.0,8.5,4.4,134.1,6.2,37.5,12.0,36.3,11.9,12.0,5.8,9.9,39.4,41.5,26.8,12.5,6.1,37.0,29.1,17.2,113.9,2.0,3.4,8.1,8.4,0.0,9.9,6.3,15.0,8.8,0.3,32.2,0.0,0.0,0.3,7.6,0.1,2.8,0.1,8.2,0.1,2.8,0.1,2.3,0.0,1.5,0.0,0.4,0.1,6.5,0.1,6.9,0.1,3.7,0.0,0.0,0.0,0.0,0.0,0.1,0.0,0.3,0.0,0.4,0.0,2.7,0.0,0.0,0.0,0.0,0.0,0.0,0.0,0.9,0.0,0.0,0.0,0.1,0.0,0.0,0.0,0.1,0.0,0.0
54,bio0_whs0_land4_list1000_bld1250,False,False,4,1000,1250,211.7,6.4,58.0,17.5,85.7,21.8,19.0,15.3,11.5,50.1,52.3,46.3,47.8,34.7,87.9,67.1,21.1,199.0,4.4,6.8,19.9,25.9,0.1,23.9,26.0,45.7,26.6,0.0,0.0,0.0,0.0,0.0,0.0,0.0,0.0,0.0,0.0,0.0,0.0,0.0,0.0,0.0,0.0,0.0,0.0,0.0,0.0,0.0,0.0,0.0,0.0,0.0,0.0,0.0,0.0,0.0,0.0,0.0,0.0,0.0,0.0,0.0,0.0,0.0,0.0,0.0,0.0,0.0,0.0,0.0,0.0,0.0,0.0,0.0,0.0,0.0,0.0,0.0,0.0,0.0,0.0,43.1,0.0,12.3,2.6,39.5,6.8,4.6,7.8,0.0,2.3,1.2,13.0,32.8,27.1,43.2,29.4,0.4,33.2,1.7,2.9,9.1,12.2,0.0,8.8,15.6,22.1,13.4,1.9,0.2,0.2,0.1,1.6,0.2,0.1,0.2,1.2,1.8,2.7,2.7,2.5,1.6,7.5,8.2,3.1,49.1,0.7,0.5,2.7,4.4,0.0,5.1,4.0,8.5,4.4,147.5,6.2,41.4,13.5,39.8,13.2,13.2,6.6,10.1,42.5,44.7,28.4,12.5,6.1,37.1,29.3,17.4,115.5,2.0,3.4,8.2,8.7,0.0,10.0,6.3,15.1,8.8,0.2,19.0,0.0,0.0,0.1,3.9,0.0,1.3,0.1,4.7,0.0,1.5,0.0,1.1,0.0,0.7,0.0,0.2,0.0,3.4,0.1,3.7,0.0,2.2,0.0,0.0,0.0,0.0,0.0,0.0,0.0,0.1,0.0,0.2,0.0,1.2,0.0,0.0,0.0,0.0,0.0,0.0,0.0,0.5,0.0,0.0,0.0,0.0,0.0,0.0,0.0,0.0,0.0,0.0
55,bio0_whs0_land4_list1500_bld250,False,False,4,1500,250,211.7,6.4,58.0,17.5,85.7,21.8,19.0,15.3,11.5,50.1,52.3,46.3,47.8,34.7,87.9,67.1,21.1,199.0,4.4,6.8,19.9,25.9,0.1,23.9,26.0,45.7,26.6,0.0,0.0,0.0,0.0,0.0,0.0,0.0,0.0,0.0,0.0,0.0,0.0,0.0,0.0,0.0,0.0,0.0,0.0,0.0,0.0,0.0,0.0,0.0,0.0,0.0,0.0,0.0,0.0,0.0,0.0,0.0,0.0,0.0,0.0,0.0,0.0,0.0,0.0,0.0,0.0,0.0,0.0,0.0,0.0,0.0,0.0,0.0,0.0,0.0,0.0,0.0,0.0,0.0,0.0,43.1,0.0,12.3,2.6,39.5,6.8,4.6,7.8,0.0,2.3,1.2,13.0,32.8,27.1,43.2,29.4,0.4,33.2,1.7,2.9,9.1,12.2,0.0,8.8,15.6,22.1,13.4,4.5,0.5,0.7,0.2,4.0,0.6,0.3,0.4,2.6,4.4,6.3,6.2,5.4,3.1,17.2,16.8,6.4,93.1,1.3,1.1,4.9,8.2,0.0,8.9,7.3,15.3,8.0,33.8,2.2,9.3,2.0,7.5,2.7,2.7,1.4,2.9,7.1,7.4,5.7,3.8,2.0,13.5,8.7,3.7,31.9,0.8,1.4,2.9,2.1,0.0,2.9,1.7,3.9,3.1,1.8,128.4,0.2,3.5,1.1,34.7,0.2,12.5,0.6,34.2,0.2,11.5,0.3,11.1,0.2,5.5,0.3,5.6,0.7,35.5,0.7,36.7,0.5,20.9,0.3,5.6,0.2,2.3,0.6,13.4,0.5,11.6,0.2,10.4,2.2,38.6,0.1,0.5,0.2,1.2,0.3,2.7,0.1,3.2,0.0,0.0,0.1,3.2,0.1,1.2,0.3,4.1,0.4,1.7
56,bio0_whs0_land4_list1500_bld500,False,False,4,1500,500,211.7,6.4,58.0,17.5,85.7,21.8,19.0,15.3,11.5,50.1,52.3,46.3,47.8,34.7,87.9,67.1,21.1,199.0,4.4,6.8,19.9,25.9,0.1,23.9,26.0,45.7,26.6,0.0,0.0,0.0,0.0,0.0,0.0,0.0,0.0,0.0,0.0,0.0,0.0,0.0,0.0,0.0,0.0,0.0,0.0,0.0,0.0,0.0,0.0,0.0,0.0,0.0,0.0,0.0,0.0,0.0,0.0,0.0,0.0,0.0,0.0,0.0,0.0,0.0,0.0,0.0,0.0,0.0,0.0,0.0,0.0,0.0,0.0,0.0,0.0,0.0,0.0,0.0,0.0,0.0,0.0,43.1,0.0,12.3,2.6,39.5,6.8,4.6,7.8,0.0,2.3,1.2,13.0,32.8,27.1,43.2,29.4,0.4,33.2,1.7,2.9,9.1,12.2,0.0,8.8,15.6,22.1,13.4,4.5,0.5,0.7,0.2,4.0,0.6,0.3,0.4,2.6,4.4,6.3,6.2,5.4,3.1,17.2,16.8,6.4,93.1,1.3,1.1,4.9,8.2,0.0,8.9,7.3,15.3,8.0,80.0,5.3,21.0,6.1,20.6,6.5,6.7,3.1,6.9,22.5,23.4,16.1,8.6,4.1,25.1,17.8,11.2,59.5,1.3,2.7,5.4,3.5,0.0,5.3,2.8,7.2,5.1,1.0,83.1,0.0,0.5,0.8,23.1,0.1,8.5,0.3,21.3,0.1,7.7,0.2,7.3,0.1,3.8,0.1,1.8,0.4,20.5,0.5,21.0,0.2,10.8,0.1,1.0,0.0,0.4,0.2,2.2,0.1,2.8,0.1,3.0,0.5,12.7,0.0,0.0,0.0,0.1,0.0,0.5,0.0,1.9,0.0,0.0,0.0,0.9,0.0,0.2,0.1,1.0,0.0,0.1
57,bio0_whs0_land4_list1500_bld750,False,False,4,1500,750,211.7,6.4,58.0,17.5,85.7,21.8,19.0,15.3,11.5,50.1,52.3,46.3,47.8,34.7,87.9,67.1,21.1,199.0,4.4,6.8,19.9,25.9,0.1,23.9,26.0,45.7,26.6,0.0,0.0,0.0,0.0,0.0,0.0,0.0,0.0,0.0,0.0,0.0,0.0,0.0,0.0,0.0,0.0,0.0,0.0,0.0,0.0,0.0,0.0,0.0,0.0,0.0,0.0,0.0,0.0,0.0,0.0,0.0,0.0,0.0,0.0,0.0,0.0,0.0,0.0,0.0,0.0,0.0,0.0,0.0,0.0,0.0,0.0,0.0,0.0,0.0,0.0,0.0,0.0,0.0,0.0,43.1,0.0,12.3,2.6,39.5,6.8,4.6,7.8,0.0,2.3,1.2,13.0,32.8,27.1,43.2,29.4,0.4,33.2,1.7,2.9,9.1,12.2,0.0,8.8,15.6,22.1,13.4,4.5,0.5,0.7,0.2,4.0,0.6,0.3,0.4,2.6,4.4,6.3,6.2,5.4,3.1,17.2,16.8,6.4,93.1,1.3,1.1,4.9,8.2,0.0,8.9,7.3,15.3,8.0,110.8,5.7,30.5,9.5,28.6,9.5,9.7,4.5,8.0,31.5,32.7,20.9,9.6,4.5,27.0,20.0,13.4,66.9,1.4,2.8,5.8,4.1,0.0,5.9,3.0,8.1,5.2,0.6,52.6,0.0,0.1,0.5,14.0,0.1,5.1,0.1,13.6,0.1,4.8,0.1,4.3,0.1,2.5,0.0,0.8,0.2,11.6,0.2,11.9,0.1,6.2,0.0,0.1,0.0,0.0,0.0,0.5,0.0,0.8,0.0,0.9,0.1,5.6,0.0,0.0,0.0,0.0,0.0,0.1,0.0,1.3,0.0,0.0,0.0,0.3,0.0,0.0,0.0,0.2,0.0,0.0
58,bio0_whs0_land4_list1500_bld1000,False,False,4,1500,1000,211.7,6.4,58.0,17.5,85.7,21.8,19.0,15.3,11.5,50.1,52.3,46.3,47.8,34.7,87.9,67.1,21.1,199.0,4.4,6.8,19.9,25.9,0.1,23.9,26.0,45.7,26.6,0.0,0.0,0.0,0.0,0.0,0.0,0.0,0.0,0.0,0.0,0.0,0.0,0.0,0.0,0.0,0.0,0.0,0.0,0.0,0.0,0.0,0.0,0.0,0.0,0.0,0.0,0.0,0.0,0.0,0.0,0.0,0.0,0.0,0.0,0.0,0.0,0.0,0.0,0.0,0.0,0.0,0.0,0.0,0.0,0.0,0.0,0.0,0.0,0.0,0.0,0.0,0.0,0.0,0.0,43.1,0.0,12.3,2.6,39.5,6.8,4.6,7.8,0.0,2.3,1.2,13.0,32.8,27.1,43.2,29.4,0.4,33.2,1.7,2.9,9.1,12.2,0.0,8.8,15.6,22.1,13.4,4.5,0.5,0.7,0.2,4.0,0.6,0.3,0.4,2.6,4.4,6.3,6.2,5.4,3.1,17.2,16.8,6.4,93.1,1.3,1.1,4.9,8.2,0.0,8.9,7.3,15.3,8.0,131.5,5.8,37.1,11.9,34.0,11.6,11.8,5.5,8.4,36.8,37.9,23.4,9.7,4.5,27.4,20.5,13.9,70.0,1.4,2.8,5.9,4.6,0.0,6.1,3.0,8.3,5.2,0.3,32.2,0.0,0.0,0.3,7.6,0.1,2.8,0.1,8.2,0.1,2.8,0.1,2.3,0.0,1.5,0.0,0.4,0.1,6.4,0.1,6.8,0.1,3.7,0.0,0.0,0.0,0.0,0.0,0.1,0.0,0.3,0.0,0.3,0.0,2.6,0.0,0.0,0.0,0.0,0.0,0.0,0.0,0.9,0.0,0.0,0.0,0.1,0.0,0.0,0.0,0.0,0.0,0.0
59,bio0_whs0_land4_list1500_bld1250,False,False,4,1500,1250,211.7,6.4,58.0,17.5,85.7,21.8,19.0,15.3,11.5,50.1,52.3,46.3,47.8,34.7,87.9,67.1,21.1,199.0,4.4,6.8,19.9,25.9,0.1,23.9,26.0,45.7,26.6,0.0,0.0,0.0,0.0,0.0,0.0,0.0,0.0,0.0,0.0,0.0,0.0,0.0,0.0,0.0,0.0,0.0,0.0,0.0,0.0,0.0,0.0,0.0,0.0,0.0,0.0,0.0,0.0,0.0,0.0,0.0,0.0,0.0,0.0,0.0,0.0,0.0,0.0,0.0,0.0,0.0,0.0,0.0,0.0,0.0,0.0,0.0,0.0,0.0,0.0,0.0,0.0,0.0,0.0,43.1,0.0,12.3,2.6,39.5,6.8,4.6,7.8,0.0,2.3,1.2,13.0,32.8,27.1,43.2,29.4,0.4,33.2,1.7,2.9,9.1,12.2,0.0,8.8,15.6,22.1,13.4,4.5,0.5,0.7,0.2,4.0,0.6,0.3,0.4,2.6,4.4,6.3,6.2,5.4,3.1,17.2,16.8,6.4,93.1,1.3,1.1,4.9,8.2,0.0,8.9,7.3,15.3,8.0,144.9,5.9,40.9,13.4,37.5,12.8,13.0,6.3,8.6,39.9,41.1,24.9,9.7,4.5,27.5,20.7,14.1,71.5,1.4,2.8,5.9,4.9,0.0,6.2,3.0,8.3,5.2,0.2,19.0,0.0,0.0,0.1,3.9,0.0,1.3,0.1,4.7,0.0,1.5,0.0,1.1,0.0,0.7,0.0,0.2,0.0,3.4,0.1,3.7,0.0,2.2,0.0,0.0,0.0,0.0,0.0,0.0,0.0,0.1,0.0,0.2,0.0,1.1,0.0,0.0,0.0,0.0,0.0,0.0,0.0,0.5,0.0,0.0,0.0,0.0,0.0,0.0,0.0,0.0,0.0,0.0
60,bio0_whs1_land1_list500_bld250,False,True,1,500,250,211.7,6.4,58.0,17.5,85.7,21.8,19.0,15.3,11.5,50.1,52.3,46.3,47.8,34.7,87.9,67.1,21.1,199.0,4.4,6.8,19.9,25.9,0.1,23.9,26.0,45.7,26.6,0.0,0.0,0.0,0.0,0.0,0.0,0.0,0.0,0.0,0.0,0.0,0.0,0.0,0.0,0.0,0.0,0.0,0.0,0.0,0.0,0.0,0.0,0.0,0.0,0.0,0.0,0.0,35.5,0.0,0.0,0.0,0.0,0.0,0.0,0.0,0.0,0.0,0.0,3.2,1.4,12.3,0.0,0.0,0.0,0.0,0.0,0.0,0.2,0.3,0.0,0.0,0.0,0.3,0.3,0.0,0.0,0.0,0.0,0.0,0.0,0.0,0.0,0.0,0.0,0.0,0.0,0.0,0.0,0.0,0.0,0.0,0.0,0.0,0.0,0.0,0.0,0.0,0.0,0.0,0.0,0.0,0.4,0.0,0.1,0.0,0.3,0.0,0.0,0.0,0.2,0.3,0.5,0.5,0.7,0.6,1.9,2.3,0.5,11.0,0.2,0.2,0.8,1.6,0.0,2.1,2.0,2.9,1.5,40.3,2.4,12.2,2.6,13.5,4.3,3.9,3.4,3.9,8.7,9.2,9.2,14.2,6.9,38.3,27.3,6.4,98.4,2.2,3.1,7.5,10.9,0.0,12.5,12.8,19.3,10.7,2.6,133.0,0.2,3.8,1.6,44.1,0.2,14.6,1.1,70.8,0.4,17.0,0.4,14.8,0.5,11.3,0.4,7.0,0.8,40.3,0.9,41.7,0.7,32.6,0.7,30.9,0.4,14.4,1.5,46.2,1.5,35.9,0.3,13.8,5.4,84.2,0.2,1.7,0.4,3.1,0.7,10.8,0.7,12.4,0.0,0.0,0.7,8.7,0.9,10.2,1.5,21.7,1.2,12.9
61,bio0_whs1_land1_list500_bld500,False,True,1,500,500,211.7,6.4,58.0,17.5,85.7,21.8,19.0,15.3,11.5,50.1,52.3,46.3,47.8,34.7,87.9,67.1,21.1,199.0,4.4,6.8,19.9,25.9,0.1,23.9,26.0,45.7,26.6,0.0,0.0,0.0,0.0,0.0,0.0,0.0,0.0,0.0,0.0,0.0,0.0,0.0,0.0,0.0,0.0,0.0,0.0,0.0,0.0,0.0,0.0,0.0,0.0,0.0,0.0,0.0,35.5,0.0,0.0,0.0,0.0,0.0,0.0,0.0,0.0,0.0,0.0,3.2,1.4,12.3,0.0,0.0,0.0,0.0,0.0,0.0,0.2,0.3,0.0,0.0,0.0,0.3,0.3,0.0,0.0,0.0,0.0,0.0,0.0,0.0,0.0,0.0,0.0,0.0,0.0,0.0,0.0,0.0,0.0,0.0,0.0,0.0,0.0,0.0,0.0,0.0,0.0,0.0,0.0,0.0,0.4,0.0,0.1,0.0,0.3,0.0,0.0,0.0,0.2,0.3,0.5,0.5,0.7,0.6,1.9,2.3,0.5,11.0,0.2,0.2,0.8,1.6,0.0,2.1,2.0,2.9,1.5,93.9,5.8,27.6,7.5,36.3,10.2,9.4,7.0,9.1,27.0,28.7,25.3,32.9,15.5,72.6,53.3,16.9,167.8,3.5,6.1,14.6,19.9,0.0,20.4,21.9,37.1,19.7,1.4,80.5,0.0,0.6,1.2,29.1,0.2,9.8,0.6,48.4,0.2,11.3,0.3,9.4,0.4,7.9,0.1,2.0,0.4,22.4,0.6,22.6,0.3,16.9,0.2,12.7,0.1,6.1,0.4,13.0,0.4,11.1,0.1,3.5,0.9,19.3,0.0,0.5,0.1,0.4,0.1,4.3,0.1,3.9,0.0,0.0,0.1,1.3,0.1,1.8,0.3,5.1,0.1,5.0
62,bio0_whs1_land1_list500_bld750,False,True,1,500,750,211.7,6.4,58.0,17.5,85.7,21.8,19.0,15.3,11.5,50.1,52.3,46.3,47.8,34.7,87.9,67.1,21.1,199.0,4.4,6.8,19.9,25.9,0.1,23.9,26.0,45.7,26.6,0.0,0.0,0.0,0.0,0.0,0.0,0.0,0.0,0.0,0.0,0.0,0.0,0.0,0.0,0.0,0.0,0.0,0.0,0.0,0.0,0.0,0.0,0.0,0.0,0.0,0.0,0.0,35.5,0.0,0.0,0.0,0.0,0.0,0.0,0.0,0.0,0.0,0.0,3.2,1.4,12.3,0.0,0.0,0.0,0.0,0.0,0.0,0.2,0.3,0.0,0.0,0.0,0.3,0.3,0.0,0.0,0.0,0.0,0.0,0.0,0.0,0.0,0.0,0.0,0.0,0.0,0.0,0.0,0.0,0.0,0.0,0.0,0.0,0.0,0.0,0.0,0.0,0.0,0.0,0.0,0.0,0.4,0.0,0.1,0.0,0.3,0.0,0.0,0.0,0.2,0.3,0.5,0.5,0.7,0.6,1.9,2.3,0.5,11.0,0.2,0.2,0.8,1.6,0.0,2.1,2.0,2.9,1.5,127.3,6.3,40.0,11.5,52.4,14.5,13.5,9.7,10.4,37.1,39.1,32.9,40.3,19.0,82.0,60.7,19.6,180.4,3.8,6.5,16.9,22.2,0.0,21.5,23.6,41.2,21.7,0.8,47.7,0.0,0.1,0.8,17.2,0.1,5.8,0.4,32.7,0.2,7.1,0.2,5.4,0.2,5.3,0.0,0.9,0.2,12.5,0.3,12.5,0.1,9.5,0.0,5.4,0.0,2.7,0.1,3.9,0.1,3.9,0.0,0.9,0.2,7.4,0.0,0.3,0.0,0.1,0.0,2.1,0.0,1.7,0.0,0.0,0.0,0.3,0.0,0.3,0.1,1.2,0.0,3.1
63,bio0_whs1_land1_list500_bld1000,False,True,1,500,1000,211.7,6.4,58.0,17.5,85.7,21.8,19.0,15.3,11.5,50.1,52.3,46.3,47.8,34.7,87.9,67.1,21.1,199.0,4.4,6.8,19.9,25.9,0.1,23.9,26.0,45.7,26.6,0.0,0.0,0.0,0.0,0.0,0.0,0.0,0.0,0.0,0.0,0.0,0.0,0.0,0.0,0.0,0.0,0.0,0.0,0.0,0.0,0.0,0.0,0.0,0.0,0.0,0.0,0.0,35.5,0.0,0.0,0.0,0.0,0.0,0.0,0.0,0.0,0.0,0.0,3.2,1.4,12.3,0.0,0.0,0.0,0.0,0.0,0.0,0.2,0.3,0.0,0.0,0.0,0.3,0.3,0.0,0.0,0.0,0.0,0.0,0.0,0.0,0.0,0.0,0.0,0.0,0.0,0.0,0.0,0.0,0.0,0.0,0.0,0.0,0.0,0.0,0.0,0.0,0.0,0.0,0.0,0.0,0.4,0.0,0.1,0.0,0.3,0.0,0.0,0.0,0.2,0.3,0.5,0.5,0.7,0.6,1.9,2.3,0.5,11.0,0.2,0.2,0.8,1.6,0.0,2.1,2.0,2.9,1.5,148.5,6.3,48.4,14.3,64.5,17.7,16.2,11.9,10.8,42.9,44.6,37.1,43.5,20.7,84.9,63.3,20.2,184.6,3.9,6.5,18.0,23.1,0.0,21.7,23.9,42.1,22.9,0.4,26.9,0.0,0.0,0.4,9.1,0.1,3.1,0.3,20.6,0.1,4.0,0.1,2.8,0.1,3.2,0.0,0.4,0.1,6.8,0.1,7.0,0.1,5.4,0.0,2.3,0.0,1.1,0.0,1.1,0.0,1.4,0.0,0.4,0.1,3.3,0.0,0.2,0.0,0.0,0.0,1.0,0.0,0.9,0.0,0.0,0.0,0.1,0.0,0.0,0.0,0.4,0.0,1.9
64,bio0_whs1_land1_list500_bld1250,False,True,1,500,1250,211.7,6.4,58.0,17.5,85.7,21.8,19.0,15.3,11.5,50.1,52.3,46.3,47.8,34.7,87.9,67.1,21.1,199.0,4.4,6.8,19.9,25.9,0.1,23.9,26.0,45.7,26.6,0.0,0.0,0.0,0.0,0.0,0.0,0.0,0.0,0.0,0.0,0.0,0.0,0.0,0.0,0.0,0.0,0.0,0.0,0.0,0.0,0.0,0.0,0.0,0.0,0.0,0.0,0.0,35.5,0.0,0.0,0.0,0.0,0.0,0.0,0.0,0.0,0.0,0.0,3.2,1.4,12.3,0.0,0.0,0.0,0.0,0.0,0.0,0.2,0.3,0.0,0.0,0.0,0.3,0.3,0.0,0.0,0.0,0.0,0.0,0.0,0.0,0.0,0.0,0.0,0.0,0.0,0.0,0.0,0.0,0.0,0.0,0.0,0.0,0.0,0.0,0.0,0.0,0.0,0.0,0.0,0.0,0.4,0.0,0.1,0.0,0.3,0.0,0.0,0.0,0.2,0.3,0.5,0.5,0.7,0.6,1.9,2.3,0.5,11.0,0.2,0.2,0.8,1.6,0.0,2.1,2.0,2.9,1.5,161.3,6.4,53.2,15.9,72.9,19.6,17.6,13.5,11.0,46.2,47.9,39.5,44.9,21.4,85.8,64.3,20.4,186.6,4.0,6.6,18.5,23.5,0.0,21.8,23.9,42.4,23.8,0.2,14.2,0.0,0.0,0.2,4.6,0.0,1.5,0.2,12.3,0.1,2.1,0.0,1.4,0.1,1.7,0.0,0.2,0.1,3.5,0.1,3.8,0.1,2.9,0.0,0.9,0.0,0.4,0.0,0.2,0.0,0.4,0.0,0.2,0.0,1.4,0.0,0.1,0.0,0.0,0.0,0.4,0.0,0.5,0.0,0.0,0.0,0.0,0.0,0.0,0.0,0.1,0.0,1.0
65,bio0_whs1_land1_list1000_bld250,False,True,1,1000,250,211.7,6.4,58.0,17.5,85.7,21.8,19.0,15.3,11.5,50.1,52.3,46.3,47.8,34.7,87.9,67.1,21.1,199.0,4.4,6.8,19.9,25.9,0.1,23.9,26.0,45.7,26.6,0.0,0.0,0.0,0.0,0.0,0.0,0.0,0.0,0.0,0.0,0.0,0.0,0.0,0.0,0.0,0.0,0.0,0.0,0.0,0.0,0.0,0.0,0.0,0.0,0.0,0.0,0.0,35.5,0.0,0.0,0.0,0.0,0.0,0.0,0.0,0.0,0.0,0.0,3.2,1.4,12.3,0.0,0.0,0.0,0.0,0.0,0.0,0.2,0.3,0.0,0.0,0.0,0.3,0.3,0.0,0.0,0.0,0.0,0.0,0.0,0.0,0.0,0.0,0.0,0.0,0.0,0.0,0.0,0.0,0.0,0.0,0.0,0.0,0.0,0.0,0.0,0.0,0.0,0.0,0.0,0.0,2.1,0.2,0.3,0.1,1.8,0.2,0.1,0.2,1.2,1.9,2.8,3.0,3.8,2.9,11.6,12.7,3.2,58.6,0.9,0.9,3.6,8.5,0.0,9.0,9.7,14.7,6.8,39.6,2.3,12.1,2.6,13.0,4.3,3.8,3.3,3.5,8.2,8.5,8.2,12.9,5.8,32.9,21.6,5.1,68.9,1.7,2.8,5.9,7.1,0.0,8.2,8.3,12.9,7.8,2.5,132.0,0.2,3.7,1.6,43.9,0.2,14.5,1.0,69.9,0.4,16.9,0.4,14.7,0.5,11.2,0.3,6.5,0.8,39.2,0.8,40.1,0.7,31.1,0.6,29.2,0.4,13.2,1.3,42.1,1.3,31.5,0.3,12.5,4.4,67.1,0.2,1.5,0.3,2.8,0.6,9.7,0.5,9.5,0.0,0.0,0.5,6.2,0.7,7.3,1.1,16.7,0.9,10.8
66,bio0_whs1_land1_list1000_bld500,False,True,1,1000,500,211.7,6.4,58.0,17.5,85.7,21.8,19.0,15.3,11.5,50.1,52.3,46.3,47.8,34.7,87.9,67.1,21.1,199.0,4.4,6.8,19.9,25.9,0.1,23.9,26.0,45.7,26.6,0.0,0.0,0.0,0.0,0.0,0.0,0.0,0.0,0.0,0.0,0.0,0.0,0.0,0.0,0.0,0.0,0.0,0.0,0.0,0.0,0.0,0.0,0.0,0.0,0.0,0.0,0.0,35.5,0.0,0.0,0.0,0.0,0.0,0.0,0.0,0.0,0.0,0.0,3.2,1.4,12.3,0.0,0.0,0.0,0.0,0.0,0.0,0.2,0.3,0.0,0.0,0.0,0.3,0.3,0.0,0.0,0.0,0.0,0.0,0.0,0.0,0.0,0.0,0.0,0.0,0.0,0.0,0.0,0.0,0.0,0.0,0.0,0.0,0.0,0.0,0.0,0.0,0.0,0.0,0.0,0.0,2.1,0.2,0.3,0.1,1.8,0.2,0.1,0.2,1.2,1.9,2.8,3.0,3.8,2.9,11.6,12.7,3.2,58.6,0.9,0.9,3.6,8.5,0.0,9.0,9.7,14.7,6.8,92.3,5.6,27.4,7.4,35.0,10.0,9.3,6.9,8.3,25.7,26.7,23.1,30.0,13.4,63.3,43.4,14.4,121.3,2.8,5.5,11.9,13.5,0.0,13.7,14.6,25.8,14.6,1.4,80.4,0.0,0.6,1.2,29.1,0.2,9.8,0.6,48.3,0.2,11.3,0.3,9.3,0.4,7.9,0.1,1.9,0.4,22.1,0.5,22.3,0.3,16.6,0.2,12.5,0.1,5.9,0.4,12.6,0.4,10.6,0.1,3.4,0.8,18.3,0.0,0.5,0.1,0.4,0.1,4.2,0.1,3.5,0.0,0.0,0.1,1.1,0.1,1.6,0.3,4.6,0.1,4.8
67,bio0_whs1_land1_list1000_bld750,False,True,1,1000,750,211.7,6.4,58.0,17.5,85.7,21.8,19.0,15.3,11.5,50.1,52.3,46.3,47.8,34.7,87.9,67.1,21.1,199.0,4.4,6.8,19.9,25.9,0.1,23.9,26.0,45.7,26.6,0.0,0.0,0.0,0.0,0.0,0.0,0.0,0.0,0.0,0.0,0.0,0.0,0.0,0.0,0.0,0.0,0.0,0.0,0.0,0.0,0.0,0.0,0.0,0.0,0.0,0.0,0.0,35.5,0.0,0.0,0.0,0.0,0.0,0.0,0.0,0.0,0.0,0.0,3.2,1.4,12.3,0.0,0.0,0.0,0.0,0.0,0.0,0.2,0.3,0.0,0.0,0.0,0.3,0.3,0.0,0.0,0.0,0.0,0.0,0.0,0.0,0.0,0.0,0.0,0.0,0.0,0.0,0.0,0.0,0.0,0.0,0.0,0.0,0.0,0.0,0.0,0.0,0.0,0.0,0.0,0.0,2.1,0.2,0.3,0.1,1.8,0.2,0.1,0.2,1.2,1.9,2.8,3.0,3.8,2.9,11.6,12.7,3.2,58.6,0.9,0.9,3.6,8.5,0.0,9.0,9.7,14.7,6.8,125.6,6.1,39.7,11.5,50.9,14.3,13.4,9.6,9.4,35.6,36.9,30.4,37.2,16.7,72.3,50.3,17.0,132.8,3.1,5.8,14.0,15.4,0.0,14.6,16.0,29.5,16.5,0.8,47.7,0.0,0.1,0.8,17.2,0.1,5.8,0.4,32.6,0.2,7.1,0.2,5.4,0.2,5.3,0.0,0.9,0.2,12.4,0.3,12.4,0.1,9.5,0.0,5.4,0.0,2.7,0.1,3.9,0.1,3.9,0.0,0.9,0.2,7.4,0.0,0.3,0.0,0.1,0.0,2.1,0.0,1.7,0.0,0.0,0.0,0.3,0.0,0.3,0.1,1.2,0.0,3.1
68,bio0_whs1_land1_list1000_bld1000,False,True,1,1000,1000,211.7,6.4,58.0,17.5,85.7,21.8,19.0,15.3,11.5,50.1,52.3,46.3,47.8,34.7,87.9,67.1,21.1,199.0,4.4,6.8,19.9,25.9,0.1,23.9,26.0,45.7,26.6,0.0,0.0,0.0,0.0,0.0,0.0,0.0,0.0,0.0,0.0,0.0,0.0,0.0,0.0,0.0,0.0,0.0,0.0,0.0,0.0,0.0,0.0,0.0,0.0,0.0,0.0,0.0,35.5,0.0,0.0,0.0,0.0,0.0,0.0,0.0,0.0,0.0,0.0,3.2,1.4,12.3,0.0,0.0,0.0,0.0,0.0,0.0,0.2,0.3,0.0,0.0,0.0,0.3,0.3,0.0,0.0,0.0,0.0,0.0,0.0,0.0,0.0,0.0,0.0,0.0,0.0,0.0,0.0,0.0,0.0,0.0,0.0,0.0,0.0,0.0,0.0,0.0,0.0,0.0,0.0,0.0,2.1,0.2,0.3,0.1,1.8,0.2,0.1,0.2,1.2,1.9,2.8,3.0,3.8,2.9,11.6,12.7,3.2,58.6,0.9,0.9,3.6,8.5,0.0,9.0,9.7,14.7,6.8,146.8,6.2,48.1,14.2,63.0,17.4,16.0,11.7,9.9,41.3,42.4,34.5,40.4,18.4,75.1,52.9,17.5,137.0,3.2,5.9,15.2,16.2,0.0,14.8,16.2,30.3,17.7,0.4,26.9,0.0,0.0,0.4,9.1,0.1,3.1,0.3,20.6,0.1,4.0,0.1,2.8,0.1,3.2,0.0,0.4,0.1,6.8,0.1,7.0,0.1,5.4,0.0,2.3,0.0,1.1,0.0,1.1,0.0,1.4,0.0,0.4,0.1,3.3,0.0,0.2,0.0,0.0,0.0,1.0,0.0,0.9,0.0,0.0,0.0,0.1,0.0,0.0,0.0,0.4,0.0,1.9
69,bio0_whs1_land1_list1000_bld1250,False,True,1,1000,1250,211.7,6.4,58.0,17.5,85.7,21.8,19.0,15.3,11.5,50.1,52.3,46.3,47.8,34.7,87.9,67.1,21.1,199.0,4.4,6.8,19.9,25.9,0.1,23.9,26.0,45.7,26.6,0.0,0.0,0.0,0.0,0.0,0.0,0.0,0.0,0.0,0.0,0.0,0.0,0.0,0.0,0.0,0.0,0.0,0.0,0.0,0.0,0.0,0.0,0.0,0.0,0.0,0.0,0.0,35.5,0.0,0.0,0.0,0.0,0.0,0.0,0.0,0.0,0.0,0.0,3.2,1.4,12.3,0.0,0.0,0.0,0.0,0.0,0.0,0.2,0.3,0.0,0.0,0.0,0.3,0.3,0.0,0.0,0.0,0.0,0.0,0.0,0.0,0.0,0.0,0.0,0.0,0.0,0.0,0.0,0.0,0.0,0.0,0.0,0.0,0.0,0.0,0.0,0.0,0.0,0.0,0.0,0.0,2.1,0.2,0.3,0.1,1.8,0.2,0.1,0.2,1.2,1.9,2.8,3.0,3.8,2.9,11.6,12.7,3.2,58.6,0.9,0.9,3.6,8.5,0.0,9.0,9.7,14.7,6.8,159.6,6.2,52.9,15.9,71.5,19.4,17.5,13.4,10.1,44.7,45.7,37.0,41.8,19.1,76.1,53.8,17.7,139.0,3.3,5.9,15.7,16.6,0.0,14.9,16.2,30.6,18.5,0.2,14.2,0.0,0.0,0.2,4.6,0.0,1.5,0.2,12.3,0.1,2.1,0.0,1.4,0.1,1.7,0.0,0.2,0.1,3.5,0.1,3.8,0.1,2.9,0.0,0.9,0.0,0.4,0.0,0.2,0.0,0.4,0.0,0.2,0.0,1.4,0.0,0.1,0.0,0.0,0.0,0.4,0.0,0.5,0.0,0.0,0.0,0.0,0.0,0.0,0.0,0.1,0.0,1.0
70,bio0_whs1_land1_list1500_bld250,False,True,1,1500,250,211.7,6.4,58.0,17.5,85.7,21.8,19.0,15.3,11.5,50.1,52.3,46.3,47.8,34.7,87.9,67.1,21.1,199.0,4.4,6.8,19.9,25.9,0.1,23.9,26.0,45.7,26.6,0.0,0.0,0.0,0.0,0.0,0.0,0.0,0.0,0.0,0.0,0.0,0.0,0.0,0.0,0.0,0.0,0.0,0.0,0.0,0.0,0.0,0.0,0.0,0.0,0.0,0.0,0.0,35.5,0.0,0.0,0.0,0.0,0.0,0.0,0.0,0.0,0.0,0.0,3.2,1.4,12.3,0.0,0.0,0.0,0.0,0.0,0.0,0.2,0.3,0.0,0.0,0.0,0.3,0.3,0.0,0.0,0.0,0.0,0.0,0.0,0.0,0.0,0.0,0.0,0.0,0.0,0.0,0.0,0.0,0.0,0.0,0.0,0.0,0.0,0.0,0.0,0.0,0.0,0.0,0.0,0.0,5.0,0.5,1.0,0.2,4.4,0.6,0.4,0.6,2.6,4.6,6.5,7.0,8.4,5.8,26.3,26.1,6.5,111.2,1.8,1.9,6.8,15.9,0.0,15.4,17.9,27.3,12.4,38.6,2.2,11.9,2.6,12.1,4.1,3.8,3.3,2.9,7.5,7.5,6.9,11.0,4.5,25.2,14.8,3.7,38.0,1.2,2.2,4.2,3.4,0.0,4.3,3.9,6.9,4.9,2.4,130.1,0.2,3.5,1.6,43.5,0.2,14.4,1.0,68.2,0.4,16.6,0.4,14.5,0.5,10.9,0.3,5.6,0.7,37.3,0.8,37.5,0.6,28.6,0.5,26.6,0.3,11.7,1.0,35.4,0.9,25.2,0.2,10.7,2.8,47.0,0.1,1.2,0.3,2.4,0.4,8.3,0.3,6.0,0.0,0.0,0.2,3.9,0.3,3.8,0.6,10.6,0.5,8.5
71,bio0_whs1_land1_list1500_bld500,False,True,1,1500,500,211.7,6.4,58.0,17.5,85.7,21.8,19.0,15.3,11.5,50.1,52.3,46.3,47.8,34.7,87.9,67.1,21.1,199.0,4.4,6.8,19.9,25.9,0.1,23.9,26.0,45.7,26.6,0.0,0.0,0.0,0.0,0.0,0.0,0.0,0.0,0.0,0.0,0.0,0.0,0.0,0.0,0.0,0.0,0.0,0.0,0.0,0.0,0.0,0.0,0.0,0.0,0.0,0.0,0.0,35.5,0.0,0.0,0.0,0.0,0.0,0.0,0.0,0.0,0.0,0.0,3.2,1.4,12.3,0.0,0.0,0.0,0.0,0.0,0.0,0.2,0.3,0.0,0.0,0.0,0.3,0.3,0.0,0.0,0.0,0.0,0.0,0.0,0.0,0.0,0.0,0.0,0.0,0.0,0.0,0.0,0.0,0.0,0.0,0.0,0.0,0.0,0.0,0.0,0.0,0.0,0.0,0.0,0.0,5.0,0.5,1.0,0.2,4.4,0.6,0.4,0.6,2.6,4.6,6.5,7.0,8.4,5.8,26.3,26.1,6.5,111.2,1.8,1.9,6.8,15.9,0.0,15.4,17.9,27.3,12.4,89.8,5.3,27.0,7.4,32.9,9.7,9.2,6.7,6.9,23.5,23.8,19.7,25.8,10.8,49.7,31.2,11.4,71.0,2.0,4.5,9.0,6.9,0.0,7.5,7.0,14.5,9.4,1.4,79.9,0.0,0.5,1.2,28.8,0.2,9.7,0.6,47.8,0.2,11.2,0.3,9.2,0.4,7.7,0.1,1.8,0.4,21.6,0.5,21.5,0.3,16.0,0.2,12.0,0.1,5.6,0.3,11.6,0.3,9.5,0.1,3.2,0.6,16.1,0.0,0.5,0.0,0.3,0.1,3.9,0.1,2.7,0.0,0.0,0.0,1.0,0.1,0.9,0.2,3.4,0.1,4.4
72,bio0_whs1_land1_list1500_bld750,False,True,1,1500,750,211.7,6.4,58.0,17.5,85.7,21.8,19.0,15.3,11.5,50.1,52.3,46.3,47.8,34.7,87.9,67.1,21.1,199.0,4.4,6.8,19.9,25.9,0.1,23.9,26.0,45.7,26.6,0.0,0.0,0.0,0.0,0.0,0.0,0.0,0.0,0.0,0.0,0.0,0.0,0.0,0.0,0.0,0.0,0.0,0.0,0.0,0.0,0.0,0.0,0.0,0.0,0.0,0.0,0.0,35.5,0.0,0.0,0.0,0.0,0.0,0.0,0.0,0.0,0.0,0.0,3.2,1.4,12.3,0.0,0.0,0.0,0.0,0.0,0.0,0.2,0.3,0.0,0.0,0.0,0.3,0.3,0.0,0.0,0.0,0.0,0.0,0.0,0.0,0.0,0.0,0.0,0.0,0.0,0.0,0.0,0.0,0.0,0.0,0.0,0.0,0.0,0.0,0.0,0.0,0.0,0.0,0.0,0.0,5.0,0.5,1.0,0.2,4.4,0.6,0.4,0.6,2.6,4.6,6.5,7.0,8.4,5.8,26.3,26.1,6.5,111.2,1.8,1.9,6.8,15.9,0.0,15.4,17.9,27.3,12.4,122.8,5.7,39.2,11.4,48.5,13.9,13.2,9.3,8.0,33.1,33.3,26.5,32.7,13.8,57.7,37.2,13.7,80.5,2.2,4.8,10.9,8.2,0.0,8.2,7.8,17.0,10.9,0.8,47.5,0.0,0.1,0.8,17.1,0.1,5.7,0.4,32.4,0.1,7.1,0.2,5.3,0.2,5.2,0.0,0.8,0.2,12.3,0.3,12.2,0.1,9.3,0.0,5.3,0.0,2.6,0.1,3.8,0.1,3.7,0.0,0.9,0.2,7.1,0.0,0.3,0.0,0.1,0.0,2.0,0.0,1.5,0.0,0.0,0.0,0.3,0.0,0.2,0.0,1.0,0.0,3.0
73,bio0_whs1_land1_list1500_bld1000,False,True,1,1500,1000,211.7,6.4,58.0,17.5,85.7,21.8,19.0,15.3,11.5,50.1,52.3,46.3,47.8,34.7,87.9,67.1,21.1,199.0,4.4,6.8,19.9,25.9,0.1,23.9,26.0,45.7,26.6,0.0,0.0,0.0,0.0,0.0,0.0,0.0,0.0,0.0,0.0,0.0,0.0,0.0,0.0,0.0,0.0,0.0,0.0,0.0,0.0,0.0,0.0,0.0,0.0,0.0,0.0,0.0,35.5,0.0,0.0,0.0,0.0,0.0,0.0,0.0,0.0,0.0,0.0,3.2,1.4,12.3,0.0,0.0,0.0,0.0,0.0,0.0,0.2,0.3,0.0,0.0,0.0,0.3,0.3,0.0,0.0,0.0,0.0,0.0,0.0,0.0,0.0,0.0,0.0,0.0,0.0,0.0,0.0,0.0,0.0,0.0,0.0,0.0,0.0,0.0,0.0,0.0,0.0,0.0,0.0,0.0,5.0,0.5,1.0,0.2,4.4,0.6,0.4,0.6,2.6,4.6,6.5,7.0,8.4,5.8,26.3,26.1,6.5,111.2,1.8,1.9,6.8,15.9,0.0,15.4,17.9,27.3,12.4,143.9,5.8,47.5,14.1,60.5,17.1,15.8,11.4,8.4,38.7,38.7,30.6,35.8,15.4,60.5,39.6,14.2,84.4,2.4,4.8,12.0,8.8,0.0,8.4,8.0,17.8,12.0,0.4,26.8,0.0,0.0,0.4,9.1,0.1,3.1,0.3,20.5,0.1,4.0,0.1,2.8,0.1,3.2,0.0,0.4,0.1,6.7,0.1,7.0,0.1,5.3,0.0,2.3,0.0,1.1,0.0,1.1,0.0,1.4,0.0,0.4,0.1,3.3,0.0,0.2,0.0,0.0,0.0,0.9,0.0,0.9,0.0,0.0,0.0,0.1,0.0,0.0,0.0,0.4,0.0,1.8
74,bio0_whs1_land1_list1500_bld1250,False,True,1,1500,1250,211.7,6.4,58.0,17.5,85.7,21.8,19.0,15.3,11.5,50.1,52.3,46.3,47.8,34.7,87.9,67.1,21.1,199.0,4.4,6.8,19.9,25.9,0.1,23.9,26.0,45.7,26.6,0.0,0.0,0.0,0.0,0.0,0.0,0.0,0.0,0.0,0.0,0.0,0.0,0.0,0.0,0.0,0.0,0.0,0.0,0.0,0.0,0.0,0.0,0.0,0.0,0.0,0.0,0.0,35.5,0.0,0.0,0.0,0.0,0.0,0.0,0.0,0.0,0.0,0.0,3.2,1.4,12.3,0.0,0.0,0.0,0.0,0.0,0.0,0.2,0.3,0.0,0.0,0.0,0.3,0.3,0.0,0.0,0.0,0.0,0.0,0.0,0.0,0.0,0.0,0.0,0.0,0.0,0.0,0.0,0.0,0.0,0.0,0.0,0.0,0.0,0.0,0.0,0.0,0.0,0.0,0.0,0.0,5.0,0.5,1.0,0.2,4.4,0.6,0.4,0.6,2.6,4.6,6.5,7.0,8.4,5.8,26.3,26.1,6.5,111.2,1.8,1.9,6.8,15.9,0.0,15.4,17.9,27.3,12.4,156.7,5.9,52.3,15.8,68.8,19.0,17.3,13.0,8.6,42.0,41.9,33.0,37.1,16.1,61.4,40.5,14.4,86.4,2.4,4.9,12.5,9.2,0.0,8.5,8.0,18.0,12.9,0.2,14.2,0.0,0.0,0.2,4.6,0.0,1.5,0.2,12.3,0.1,2.1,0.0,1.4,0.1,1.7,0.0,0.2,0.1,3.5,0.1,3.8,0.1,2.9,0.0,0.9,0.0,0.4,0.0,0.2,0.0,0.4,0.0,0.2,0.0,1.4,0.0,0.1,0.0,0.0,0.0,0.4,0.0,0.5,0.0,0.0,0.0,0.0,0.0,0.0,0.0,0.1,0.0,1.0
75,bio0_whs1_land2_list500_bld250,False,True,2,500,250,211.7,6.4,58.0,17.5,85.7,21.8,19.0,15.3,11.5,50.1,52.3,46.3,47.8,34.7,87.9,67.1,21.1,199.0,4.4,6.8,19.9,25.9,0.1,23.9,26.0,45.7,26.6,0.0,0.0,0.0,0.0,0.0,0.0,0.0,0.0,0.0,0.0,0.0,0.0,0.0,0.0,0.0,0.0,0.0,0.0,0.0,0.0,0.0,0.0,0.0,0.0,0.0,0.0,0.0,35.5,0.0,0.0,0.0,0.0,0.0,0.0,0.0,0.0,0.0,0.0,3.2,1.4,12.3,0.0,0.0,0.0,0.0,0.0,0.0,0.2,0.3,0.0,0.0,0.0,0.3,0.3,11.7,0.0,0.0,0.0,36.9,3.2,0.0,5.4,0.0,0.0,0.3,8.5,3.2,8.4,24.8,17.6,0.0,8.5,0.8,2.9,7.9,0.0,0.0,0.0,4.2,7.6,7.9,0.4,0.0,0.1,0.0,0.3,0.0,0.0,0.0,0.2,0.3,0.5,0.5,0.7,0.4,1.7,2.1,0.5,10.7,0.2,0.1,0.6,1.6,0.0,2.1,1.8,2.6,1.3,38.4,2.4,12.2,2.6,9.1,3.8,3.9,2.3,3.9,8.7,9.2,8.2,13.7,5.1,31.0,22.6,6.4,95.7,2.0,1.9,5.9,10.9,0.0,12.5,11.3,17.2,9.6,2.5,123.3,0.2,3.8,1.6,44.1,0.2,14.6,0.8,38.6,0.3,14.4,0.4,14.7,0.3,7.3,0.4,7.0,0.8,40.2,0.9,41.4,0.7,25.2,0.6,28.3,0.4,8.1,1.2,29.2,1.2,23.6,0.3,13.8,5.2,78.8,0.1,1.1,0.3,1.6,0.6,4.7,0.7,12.4,0.0,0.0,0.7,8.7,0.8,7.9,1.3,16.7,1.1,6.3
76,bio0_whs1_land2_list500_bld500,False,True,2,500,500,211.7,6.4,58.0,17.5,85.7,21.8,19.0,15.3,11.5,50.1,52.3,46.3,47.8,34.7,87.9,67.1,21.1,199.0,4.4,6.8,19.9,25.9,0.1,23.9,26.0,45.7,26.6,0.0,0.0,0.0,0.0,0.0,0.0,0.0,0.0,0.0,0.0,0.0,0.0,0.0,0.0,0.0,0.0,0.0,0.0,0.0,0.0,0.0,0.0,0.0,0.0,0.0,0.0,0.0,35.5,0.0,0.0,0.0,0.0,0.0,0.0,0.0,0.0,0.0,0.0,3.2,1.4,12.3,0.0,0.0,0.0,0.0,0.0,0.0,0.2,0.3,0.0,0.0,0.0,0.3,0.3,11.7,0.0,0.0,0.0,36.9,3.2,0.0,5.4,0.0,0.0,0.3,8.5,3.2,8.4,24.8,17.6,0.0,8.5,0.8,2.9,7.9,0.0,0.0,0.0,4.2,7.6,7.9,0.4,0.0,0.1,0.0,0.3,0.0,0.0,0.0,0.2,0.3,0.5,0.5,0.7,0.4,1.7,2.1,0.5,10.7,0.2,0.1,0.6,1.6,0.0,2.1,1.8,2.6,1.3,88.9,5.8,27.6,7.5,24.7,8.9,9.4,4.8,9.1,27.0,28.5,22.1,31.4,10.6,55.4,42.5,16.9,162.3,3.2,3.7,10.4,19.9,0.0,20.4,18.7,31.7,16.5,1.4,74.0,0.0,0.6,1.2,29.1,0.2,9.8,0.4,23.5,0.2,9.5,0.3,9.4,0.2,4.9,0.1,2.0,0.4,22.4,0.5,22.4,0.3,11.7,0.2,11.0,0.1,2.9,0.3,5.7,0.3,4.7,0.1,3.5,0.8,16.6,0.0,0.1,0.0,0.1,0.1,0.7,0.1,3.9,0.0,0.0,0.1,1.3,0.1,1.1,0.3,3.2,0.1,0.4
77,bio0_whs1_land2_list500_bld750,False,True,2,500,750,211.7,6.4,58.0,17.5,85.7,21.8,19.0,15.3,11.5,50.1,52.3,46.3,47.8,34.7,87.9,67.1,21.1,199.0,4.4,6.8,19.9,25.9,0.1,23.9,26.0,45.7,26.6,0.0,0.0,0.0,0.0,0.0,0.0,0.0,0.0,0.0,0.0,0.0,0.0,0.0,0.0,0.0,0.0,0.0,0.0,0.0,0.0,0.0,0.0,0.0,0.0,0.0,0.0,0.0,35.5,0.0,0.0,0.0,0.0,0.0,0.0,0.0,0.0,0.0,0.0,3.2,1.4,12.3,0.0,0.0,0.0,0.0,0.0,0.0,0.2,0.3,0.0,0.0,0.0,0.3,0.3,11.7,0.0,0.0,0.0,36.9,3.2,0.0,5.4,0.0,0.0,0.3,8.5,3.2,8.4,24.8,17.6,0.0,8.5,0.8,2.9,7.9,0.0,0.0,0.0,4.2,7.6,7.9,0.4,0.0,0.1,0.0,0.3,0.0,0.0,0.0,0.2,0.3,0.5,0.5,0.7,0.4,1.7,2.1,0.5,10.7,0.2,0.1,0.6,1.6,0.0,2.1,1.8,2.6,1.3,119.8,6.3,40.0,11.5,33.5,12.6,13.5,6.7,10.4,37.1,38.9,27.6,38.1,12.3,59.9,46.3,19.6,173.5,3.3,3.8,11.0,22.2,0.0,21.5,19.8,34.6,17.0,0.8,43.6,0.0,0.1,0.8,17.2,0.1,5.8,0.2,14.8,0.1,5.9,0.2,5.4,0.1,3.1,0.0,0.9,0.2,12.5,0.3,12.4,0.1,6.4,0.0,4.5,0.0,1.2,0.0,1.5,0.0,1.0,0.0,0.9,0.1,6.1,0.0,0.0,0.0,0.0,0.0,0.1,0.0,1.7,0.0,0.0,0.0,0.3,0.0,0.1,0.1,0.5,0.0,0.1
78,bio0_whs1_land2_list500_bld1000,False,True,2,500,1000,211.7,6.4,58.0,17.5,85.7,21.8,19.0,15.3,11.5,50.1,52.3,46.3,47.8,34.7,87.9,67.1,21.1,199.0,4.4,6.8,19.9,25.9,0.1,23.9,26.0,45.7,26.6,0.0,0.0,0.0,0.0,0.0,0.0,0.0,0.0,0.0,0.0,0.0,0.0,0.0,0.0,0.0,0.0,0.0,0.0,0.0,0.0,0.0,0.0,0.0,0.0,0.0,0.0,0.0,35.5,0.0,0.0,0.0,0.0,0.0,0.0,0.0,0.0,0.0,0.0,3.2,1.4,12.3,0.0,0.0,0.0,0.0,0.0,0.0,0.2,0.3,0.0,0.0,0.0,0.3,0.3,11.7,0.0,0.0,0.0,36.9,3.2,0.0,5.4,0.0,0.0,0.3,8.5,3.2,8.4,24.8,17.6,0.0,8.5,0.8,2.9,7.9,0.0,0.0,0.0,4.2,7.6,7.9,0.4,0.0,0.1,0.0,0.3,0.0,0.0,0.0,0.2,0.3,0.5,0.5,0.7,0.4,1.7,2.1,0.5,10.7,0.2,0.1,0.6,1.6,0.0,2.1,1.8,2.6,1.3,139.3,6.3,48.4,14.3,39.5,15.2,16.1,8.0,10.8,42.9,44.4,30.2,40.8,13.0,61.0,47.0,20.2,176.9,3.3,3.8,11.1,23.1,0.0,21.7,19.9,35.1,17.1,0.4,24.5,0.0,0.0,0.4,9.1,0.1,3.1,0.1,8.9,0.1,3.3,0.1,2.8,0.1,1.8,0.0,0.4,0.1,6.8,0.1,7.0,0.1,3.8,0.0,1.8,0.0,0.5,0.0,0.4,0.0,0.3,0.0,0.4,0.0,2.8,0.0,0.0,0.0,0.0,0.0,0.0,0.0,0.9,0.0,0.0,0.0,0.1,0.0,0.0,0.0,0.1,0.0,0.0
79,bio0_whs1_land2_list500_bld1250,False,True,2,500,1250,211.7,6.4,58.0,17.5,85.7,21.8,19.0,15.3,11.5,50.1,52.3,46.3,47.8,34.7,87.9,67.1,21.1,199.0,4.4,6.8,19.9,25.9,0.1,23.9,26.0,45.7,26.6,0.0,0.0,0.0,0.0,0.0,0.0,0.0,0.0,0.0,0.0,0.0,0.0,0.0,0.0,0.0,0.0,0.0,0.0,0.0,0.0,0.0,0.0,0.0,0.0,0.0,0.0,0.0,35.5,0.0,0.0,0.0,0.0,0.0,0.0,0.0,0.0,0.0,0.0,3.2,1.4,12.3,0.0,0.0,0.0,0.0,0.0,0.0,0.2,0.3,0.0,0.0,0.0,0.3,0.3,11.7,0.0,0.0,0.0,36.9,3.2,0.0,5.4,0.0,0.0,0.3,8.5,3.2,8.4,24.8,17.6,0.0,8.5,0.8,2.9,7.9,0.0,0.0,0.0,4.2,7.6,7.9,0.4,0.0,0.1,0.0,0.3,0.0,0.0,0.0,0.2,0.3,0.5,0.5,0.7,0.4,1.7,2.1,0.5,10.7,0.2,0.1,0.6,1.6,0.0,2.1,1.8,2.6,1.3,151.0,6.4,53.2,15.9,43.3,16.8,17.6,9.0,11.0,46.2,47.7,31.8,41.9,13.3,61.3,47.3,20.4,178.6,3.3,3.8,11.2,23.5,0.0,21.8,19.9,35.1,17.1,0.2,13.0,0.0,0.0,0.2,4.6,0.0,1.5,0.1,5.1,0.0,1.7,0.0,1.3,0.0,0.9,0.0,0.2,0.1,3.5,0.1,3.8,0.0,2.3,0.0,0.7,0.0,0.2,0.0,0.1,0.0,0.1,0.0,0.2,0.0,1.2,0.0,0.0,0.0,0.0,0.0,0.0,0.0,0.5,0.0,0.0,0.0,0.0,0.0,0.0,0.0,0.0,0.0,0.0
80,bio0_whs1_land2_list1000_bld250,False,True,2,1000,250,211.7,6.4,58.0,17.5,85.7,21.8,19.0,15.3,11.5,50.1,52.3,46.3,47.8,34.7,87.9,67.1,21.1,199.0,4.4,6.8,19.9,25.9,0.1,23.9,26.0,45.7,26.6,0.0,0.0,0.0,0.0,0.0,0.0,0.0,0.0,0.0,0.0,0.0,0.0,0.0,0.0,0.0,0.0,0.0,0.0,0.0,0.0,0.0,0.0,0.0,0.0,0.0,0.0,0.0,35.5,0.0,0.0,0.0,0.0,0.0,0.0,0.0,0.0,0.0,0.0,3.2,1.4,12.3,0.0,0.0,0.0,0.0,0.0,0.0,0.2,0.3,0.0,0.0,0.0,0.3,0.3,11.7,0.0,0.0,0.0,36.9,3.2,0.0,5.4,0.0,0.0,0.3,8.5,3.2,8.4,24.8,17.6,0.0,8.5,0.8,2.9,7.9,0.0,0.0,0.0,4.2,7.6,7.9,1.9,0.2,0.3,0.1,1.6,0.2,0.1,0.2,1.2,1.8,2.8,2.8,3.7,2.0,10.1,11.5,3.2,57.1,0.9,0.5,3.0,8.5,0.0,9.0,8.3,13.4,6.0,37.8,2.3,12.1,2.6,8.6,3.7,3.8,2.3,3.5,8.2,8.5,7.3,12.3,4.2,26.1,17.4,5.1,66.9,1.6,1.7,4.5,7.1,0.0,8.2,7.3,11.2,7.0,2.4,122.4,0.2,3.7,1.6,43.9,0.2,14.5,0.7,37.8,0.3,14.3,0.4,14.6,0.3,7.2,0.3,6.5,0.8,39.2,0.8,39.9,0.6,23.8,0.6,26.6,0.3,7.4,1.1,25.8,1.0,19.6,0.3,12.5,4.2,62.2,0.1,0.9,0.2,1.5,0.4,3.9,0.5,9.5,0.0,0.0,0.5,6.2,0.6,5.5,0.9,12.3,0.8,4.6
81,bio0_whs1_land2_list1000_bld500,False,True,2,1000,500,211.7,6.4,58.0,17.5,85.7,21.8,19.0,15.3,11.5,50.1,52.3,46.3,47.8,34.7,87.9,67.1,21.1,199.0,4.4,6.8,19.9,25.9,0.1,23.9,26.0,45.7,26.6,0.0,0.0,0.0,0.0,0.0,0.0,0.0,0.0,0.0,0.0,0.0,0.0,0.0,0.0,0.0,0.0,0.0,0.0,0.0,0.0,0.0,0.0,0.0,0.0,0.0,0.0,0.0,35.5,0.0,0.0,0.0,0.0,0.0,0.0,0.0,0.0,0.0,0.0,3.2,1.4,12.3,0.0,0.0,0.0,0.0,0.0,0.0,0.2,0.3,0.0,0.0,0.0,0.3,0.3,11.7,0.0,0.0,0.0,36.9,3.2,0.0,5.4,0.0,0.0,0.3,8.5,3.2,8.4,24.8,17.6,0.0,8.5,0.8,2.9,7.9,0.0,0.0,0.0,4.2,7.6,7.9,1.9,0.2,0.3,0.1,1.6,0.2,0.1,0.2,1.2,1.8,2.8,2.8,3.7,2.0,10.1,11.5,3.2,57.1,0.9,0.5,3.0,8.5,0.0,9.0,8.3,13.4,6.0,87.4,5.6,27.4,7.4,23.5,8.7,9.3,4.7,8.3,25.6,26.6,20.0,28.5,9.1,47.2,33.5,14.4,116.9,2.5,3.3,8.1,13.5,0.0,13.7,12.3,21.3,12.0,1.4,73.8,0.0,0.6,1.2,29.1,0.2,9.8,0.4,23.3,0.2,9.4,0.3,9.3,0.2,4.8,0.1,1.9,0.4,22.1,0.5,22.1,0.3,11.5,0.2,10.8,0.1,2.8,0.3,5.5,0.2,4.3,0.1,3.4,0.7,15.7,0.0,0.1,0.0,0.1,0.1,0.6,0.1,3.5,0.0,0.0,0.1,1.1,0.1,1.0,0.2,2.8,0.1,0.4
82,bio0_whs1_land2_list1000_bld750,False,True,2,1000,750,211.7,6.4,58.0,17.5,85.7,21.8,19.0,15.3,11.5,50.1,52.3,46.3,47.8,34.7,87.9,67.1,21.1,199.0,4.4,6.8,19.9,25.9,0.1,23.9,26.0,45.7,26.6,0.0,0.0,0.0,0.0,0.0,0.0,0.0,0.0,0.0,0.0,0.0,0.0,0.0,0.0,0.0,0.0,0.0,0.0,0.0,0.0,0.0,0.0,0.0,0.0,0.0,0.0,0.0,35.5,0.0,0.0,0.0,0.0,0.0,0.0,0.0,0.0,0.0,0.0,3.2,1.4,12.3,0.0,0.0,0.0,0.0,0.0,0.0,0.2,0.3,0.0,0.0,0.0,0.3,0.3,11.7,0.0,0.0,0.0,36.9,3.2,0.0,5.4,0.0,0.0,0.3,8.5,3.2,8.4,24.8,17.6,0.0,8.5,0.8,2.9,7.9,0.0,0.0,0.0,4.2,7.6,7.9,1.9,0.2,0.3,0.1,1.6,0.2,0.1,0.2,1.2,1.8,2.8,2.8,3.7,2.0,10.1,11.5,3.2,57.1,0.9,0.5,3.0,8.5,0.0,9.0,8.3,13.4,6.0,118.2,6.1,39.7,11.5,32.2,12.4,13.3,6.5,9.4,35.6,36.6,25.3,35.0,10.7,51.4,36.9,17.0,127.1,2.6,3.4,8.7,15.4,0.0,14.6,13.3,23.8,12.4,0.8,43.6,0.0,0.1,0.8,17.2,0.1,5.8,0.2,14.8,0.1,5.9,0.2,5.4,0.1,3.1,0.0,0.9,0.2,12.4,0.3,12.4,0.1,6.4,0.0,4.5,0.0,1.2,0.0,1.5,0.0,1.0,0.0,0.9,0.1,6.1,0.0,0.0,0.0,0.0,0.0,0.1,0.0,1.7,0.0,0.0,0.0,0.3,0.0,0.1,0.1,0.5,0.0,0.1
83,bio0_whs1_land2_list1000_bld1000,False,True,2,1000,1000,211.7,6.4,58.0,17.5,85.7,21.8,19.0,15.3,11.5,50.1,52.3,46.3,47.8,34.7,87.9,67.1,21.1,199.0,4.4,6.8,19.9,25.9,0.1,23.9,26.0,45.7,26.6,0.0,0.0,0.0,0.0,0.0,0.0,0.0,0.0,0.0,0.0,0.0,0.0,0.0,0.0,0.0,0.0,0.0,0.0,0.0,0.0,0.0,0.0,0.0,0.0,0.0,0.0,0.0,35.5,0.0,0.0,0.0,0.0,0.0,0.0,0.0,0.0,0.0,0.0,3.2,1.4,12.3,0.0,0.0,0.0,0.0,0.0,0.0,0.2,0.3,0.0,0.0,0.0,0.3,0.3,11.7,0.0,0.0,0.0,36.9,3.2,0.0,5.4,0.0,0.0,0.3,8.5,3.2,8.4,24.8,17.6,0.0,8.5,0.8,2.9,7.9,0.0,0.0,0.0,4.2,7.6,7.9,1.9,0.2,0.3,0.1,1.6,0.2,0.1,0.2,1.2,1.8,2.8,2.8,3.7,2.0,10.1,11.5,3.2,57.1,0.9,0.5,3.0,8.5,0.0,9.0,8.3,13.4,6.0,137.7,6.2,48.1,14.2,38.1,15.0,16.0,7.9,9.9,41.3,42.1,27.9,37.7,11.4,52.5,37.6,17.5,130.5,2.6,3.4,8.8,16.2,0.0,14.8,13.4,24.3,12.4,0.4,24.5,0.0,0.0,0.4,9.1,0.1,3.1,0.1,8.9,0.1,3.3,0.1,2.8,0.1,1.8,0.0,0.4,0.1,6.8,0.1,7.0,0.1,3.8,0.0,1.8,0.0,0.5,0.0,0.4,0.0,0.3,0.0,0.4,0.0,2.8,0.0,0.0,0.0,0.0,0.0,0.0,0.0,0.9,0.0,0.0,0.0,0.1,0.0,0.0,0.0,0.1,0.0,0.0
84,bio0_whs1_land2_list1000_bld1250,False,True,2,1000,1250,211.7,6.4,58.0,17.5,85.7,21.8,19.0,15.3,11.5,50.1,52.3,46.3,47.8,34.7,87.9,67.1,21.1,199.0,4.4,6.8,19.9,25.9,0.1,23.9,26.0,45.7,26.6,0.0,0.0,0.0,0.0,0.0,0.0,0.0,0.0,0.0,0.0,0.0,0.0,0.0,0.0,0.0,0.0,0.0,0.0,0.0,0.0,0.0,0.0,0.0,0.0,0.0,0.0,0.0,35.5,0.0,0.0,0.0,0.0,0.0,0.0,0.0,0.0,0.0,0.0,3.2,1.4,12.3,0.0,0.0,0.0,0.0,0.0,0.0,0.2,0.3,0.0,0.0,0.0,0.3,0.3,11.7,0.0,0.0,0.0,36.9,3.2,0.0,5.4,0.0,0.0,0.3,8.5,3.2,8.4,24.8,17.6,0.0,8.5,0.8,2.9,7.9,0.0,0.0,0.0,4.2,7.6,7.9,1.9,0.2,0.3,0.1,1.6,0.2,0.1,0.2,1.2,1.8,2.8,2.8,3.7,2.0,10.1,11.5,3.2,57.1,0.9,0.5,3.0,8.5,0.0,9.0,8.3,13.4,6.0,149.4,6.2,52.9,15.9,41.9,16.6,17.5,8.8,10.1,44.6,45.4,29.5,38.8,11.7,52.8,37.8,17.7,132.1,2.6,3.4,8.8,16.6,0.0,14.9,13.4,24.4,12.5,0.2,13.0,0.0,0.0,0.2,4.6,0.0,1.5,0.1,5.1,0.0,1.7,0.0,1.3,0.0,0.9,0.0,0.2,0.1,3.5,0.1,3.8,0.0,2.3,0.0,0.7,0.0,0.2,0.0,0.1,0.0,0.1,0.0,0.2,0.0,1.2,0.0,0.0,0.0,0.0,0.0,0.0,0.0,0.5,0.0,0.0,0.0,0.0,0.0,0.0,0.0,0.0,0.0,0.0
85,bio0_whs1_land2_list1500_bld250,False,True,2,1500,250,211.7,6.4,58.0,17.5,85.7,21.8,19.0,15.3,11.5,50.1,52.3,46.3,47.8,34.7,87.9,67.1,21.1,199.0,4.4,6.8,19.9,25.9,0.1,23.9,26.0,45.7,26.6,0.0,0.0,0.0,0.0,0.0,0.0,0.0,0.0,0.0,0.0,0.0,0.0,0.0,0.0,0.0,0.0,0.0,0.0,0.0,0.0,0.0,0.0,0.0,0.0,0.0,0.0,0.0,35.5,0.0,0.0,0.0,0.0,0.0,0.0,0.0,0.0,0.0,0.0,3.2,1.4,12.3,0.0,0.0,0.0,0.0,0.0,0.0,0.2,0.3,0.0,0.0,0.0,0.3,0.3,11.7,0.0,0.0,0.0,36.9,3.2,0.0,5.4,0.0,0.0,0.3,8.5,3.2,8.4,24.8,17.6,0.0,8.5,0.8,2.9,7.9,0.0,0.0,0.0,4.2,7.6,7.9,4.6,0.5,1.0,0.2,4.0,0.6,0.4,0.5,2.6,4.5,6.5,6.3,8.3,4.0,22.8,23.2,6.5,108.1,1.7,1.1,5.6,15.9,0.0,15.4,15.2,24.6,10.8,36.8,2.2,11.9,2.6,7.7,3.6,3.8,2.2,2.9,7.5,7.5,6.1,10.5,3.2,19.1,11.3,3.7,36.8,1.1,1.4,3.0,3.4,0.0,4.3,3.4,5.6,4.2,2.3,120.8,0.2,3.5,1.6,43.5,0.2,14.4,0.7,36.4,0.3,14.1,0.4,14.4,0.3,7.0,0.3,5.6,0.7,37.3,0.8,37.3,0.5,21.6,0.5,24.1,0.2,6.5,0.8,20.3,0.7,14.3,0.2,10.7,2.6,42.9,0.1,0.6,0.2,1.2,0.3,2.9,0.3,6.0,0.0,0.0,0.2,3.9,0.3,2.8,0.5,7.0,0.5,2.9
86,bio0_whs1_land2_list1500_bld500,False,True,2,1500,500,211.7,6.4,58.0,17.5,85.7,21.8,19.0,15.3,11.5,50.1,52.3,46.3,47.8,34.7,87.9,67.1,21.1,199.0,4.4,6.8,19.9,25.9,0.1,23.9,26.0,45.7,26.6,0.0,0.0,0.0,0.0,0.0,0.0,0.0,0.0,0.0,0.0,0.0,0.0,0.0,0.0,0.0,0.0,0.0,0.0,0.0,0.0,0.0,0.0,0.0,0.0,0.0,0.0,0.0,35.5,0.0,0.0,0.0,0.0,0.0,0.0,0.0,0.0,0.0,0.0,3.2,1.4,12.3,0.0,0.0,0.0,0.0,0.0,0.0,0.2,0.3,0.0,0.0,0.0,0.3,0.3,11.7,0.0,0.0,0.0,36.9,3.2,0.0,5.4,0.0,0.0,0.3,8.5,3.2,8.4,24.8,17.6,0.0,8.5,0.8,2.9,7.9,0.0,0.0,0.0,4.2,7.6,7.9,4.6,0.5,1.0,0.2,4.0,0.6,0.4,0.5,2.6,4.5,6.5,6.3,8.3,4.0,22.8,23.2,6.5,108.1,1.7,1.1,5.6,15.9,0.0,15.4,15.2,24.6,10.8,85.1,5.3,27.0,7.4,21.4,8.4,9.2,4.6,6.9,23.5,23.6,16.9,24.4,7.2,35.2,22.6,11.4,68.1,1.7,2.7,5.7,6.9,0.0,7.5,5.9,11.1,7.3,1.3,73.5,0.0,0.5,1.2,28.8,0.2,9.7,0.3,23.1,0.2,9.4,0.3,9.2,0.2,4.7,0.1,1.8,0.4,21.6,0.5,21.4,0.3,11.0,0.1,10.4,0.1,2.7,0.2,4.8,0.2,3.5,0.1,3.2,0.5,13.7,0.0,0.1,0.0,0.1,0.0,0.5,0.1,2.7,0.0,0.0,0.0,1.0,0.0,0.6,0.1,1.9,0.1,0.3
87,bio0_whs1_land2_list1500_bld750,False,True,2,1500,750,211.7,6.4,58.0,17.5,85.7,21.8,19.0,15.3,11.5,50.1,52.3,46.3,47.8,34.7,87.9,67.1,21.1,199.0,4.4,6.8,19.9,25.9,0.1,23.9,26.0,45.7,26.6,0.0,0.0,0.0,0.0,0.0,0.0,0.0,0.0,0.0,0.0,0.0,0.0,0.0,0.0,0.0,0.0,0.0,0.0,0.0,0.0,0.0,0.0,0.0,0.0,0.0,0.0,0.0,35.5,0.0,0.0,0.0,0.0,0.0,0.0,0.0,0.0,0.0,0.0,3.2,1.4,12.3,0.0,0.0,0.0,0.0,0.0,0.0,0.2,0.3,0.0,0.0,0.0,0.3,0.3,11.7,0.0,0.0,0.0,36.9,3.2,0.0,5.4,0.0,0.0,0.3,8.5,3.2,8.4,24.8,17.6,0.0,8.5,0.8,2.9,7.9,0.0,0.0,0.0,4.2,7.6,7.9,4.6,0.5,1.0,0.2,4.0,0.6,0.4,0.5,2.6,4.5,6.5,6.3,8.3,4.0,22.8,23.2,6.5,108.1,1.7,1.1,5.6,15.9,0.0,15.4,15.2,24.6,10.8,115.7,5.7,39.2,11.4,29.9,12.0,13.2,6.3,8.0,33.1,33.1,21.9,30.6,8.7,38.8,25.3,13.7,76.3,1.8,2.8,6.1,8.2,0.0,8.2,6.4,12.7,7.6,0.8,43.5,0.0,0.1,0.8,17.1,0.1,5.7,0.2,14.7,0.1,5.8,0.2,5.3,0.1,3.0,0.0,0.8,0.2,12.3,0.2,12.2,0.1,6.3,0.0,4.4,0.0,1.2,0.0,1.5,0.0,0.9,0.0,0.9,0.1,5.9,0.0,0.0,0.0,0.0,0.0,0.1,0.0,1.5,0.0,0.0,0.0,0.3,0.0,0.1,0.0,0.4,0.0,0.1
88,bio0_whs1_land2_list1500_bld1000,False,True,2,1500,1000,211.7,6.4,58.0,17.5,85.7,21.8,19.0,15.3,11.5,50.1,52.3,46.3,47.8,34.7,87.9,67.1,21.1,199.0,4.4,6.8,19.9,25.9,0.1,23.9,26.0,45.7,26.6,0.0,0.0,0.0,0.0,0.0,0.0,0.0,0.0,0.0,0.0,0.0,0.0,0.0,0.0,0.0,0.0,0.0,0.0,0.0,0.0,0.0,0.0,0.0,0.0,0.0,0.0,0.0,35.5,0.0,0.0,0.0,0.0,0.0,0.0,0.0,0.0,0.0,0.0,3.2,1.4,12.3,0.0,0.0,0.0,0.0,0.0,0.0,0.2,0.3,0.0,0.0,0.0,0.3,0.3,11.7,0.0,0.0,0.0,36.9,3.2,0.0,5.4,0.0,0.0,0.3,8.5,3.2,8.4,24.8,17.6,0.0,8.5,0.8,2.9,7.9,0.0,0.0,0.0,4.2,7.6,7.9,4.6,0.5,1.0,0.2,4.0,0.6,0.4,0.5,2.6,4.5,6.5,6.3,8.3,4.0,22.8,23.2,6.5,108.1,1.7,1.1,5.6,15.9,0.0,15.4,15.2,24.6,10.8,135.0,5.8,47.5,14.1,35.8,14.6,15.8,7.6,8.4,38.7,38.4,24.4,33.2,9.4,39.8,25.9,14.2,79.5,1.8,2.8,6.2,8.8,0.0,8.4,6.5,13.0,7.6,0.4,24.5,0.0,0.0,0.4,9.1,0.1,3.1,0.1,8.9,0.1,3.3,0.1,2.8,0.1,1.8,0.0,0.4,0.1,6.7,0.1,7.0,0.1,3.8,0.0,1.8,0.0,0.5,0.0,0.4,0.0,0.3,0.0,0.4,0.0,2.7,0.0,0.0,0.0,0.0,0.0,0.0,0.0,0.9,0.0,0.0,0.0,0.1,0.0,0.0,0.0,0.1,0.0,0.0
89,bio0_whs1_land2_list1500_bld1250,False,True,2,1500,1250,211.7,6.4,58.0,17.5,85.7,21.8,19.0,15.3,11.5,50.1,52.3,46.3,47.8,34.7,87.9,67.1,21.1,199.0,4.4,6.8,19.9,25.9,0.1,23.9,26.0,45.7,26.6,0.0,0.0,0.0,0.0,0.0,0.0,0.0,0.0,0.0,0.0,0.0,0.0,0.0,0.0,0.0,0.0,0.0,0.0,0.0,0.0,0.0,0.0,0.0,0.0,0.0,0.0,0.0,35.5,0.0,0.0,0.0,0.0,0.0,0.0,0.0,0.0,0.0,0.0,3.2,1.4,12.3,0.0,0.0,0.0,0.0,0.0,0.0,0.2,0.3,0.0,0.0,0.0,0.3,0.3,11.7,0.0,0.0,0.0,36.9,3.2,0.0,5.4,0.0,0.0,0.3,8.5,3.2,8.4,24.8,17.6,0.0,8.5,0.8,2.9,7.9,0.0,0.0,0.0,4.2,7.6,7.9,4.6,0.5,1.0,0.2,4.0,0.6,0.4,0.5,2.6,4.5,6.5,6.3,8.3,4.0,22.8,23.2,6.5,108.1,1.7,1.1,5.6,15.9,0.0,15.4,15.2,24.6,10.8,146.7,5.9,52.3,15.8,39.6,16.2,17.2,8.6,8.6,42.0,41.6,25.9,34.3,9.7,40.2,26.1,14.4,81.1,1.8,2.8,6.2,9.2,0.0,8.5,6.5,13.1,7.6,0.2,13.0,0.0,0.0,0.2,4.6,0.0,1.5,0.1,5.1,0.0,1.7,0.0,1.3,0.0,0.9,0.0,0.2,0.1,3.5,0.1,3.8,0.0,2.3,0.0,0.7,0.0,0.2,0.0,0.1,0.0,0.1,0.0,0.2,0.0,1.2,0.0,0.0,0.0,0.0,0.0,0.0,0.0,0.5,0.0,0.0,0.0,0.0,0.0,0.0,0.0,0.0,0.0,0.0
90,bio0_whs1_land3_list500_bld250,False,True,3,500,250,211.7,6.4,58.0,17.5,85.7,21.8,19.0,15.3,11.5,50.1,52.3,46.3,47.8,34.7,87.9,67.1,21.1,199.0,4.4,6.8,19.9,25.9,0.1,23.9,26.0,45.7,26.6,0.0,0.0,0.0,0.0,0.0,0.0,0.0,0.0,0.0,0.0,0.0,0.0,0.0,0.0,0.0,0.0,0.0,0.0,0.0,0.0,0.0,0.0,0.0,0.0,0.0,0.0,0.0,35.5,0.0,0.0,0.0,0.0,0.0,0.0,0.0,0.0,0.0,0.0,3.2,1.4,12.3,0.0,0.0,0.0,0.0,0.0,0.0,0.2,0.3,0.0,0.0,0.0,0.3,0.3,41.1,0.0,12.3,2.6,39.5,6.8,4.6,7.8,0.0,2.3,1.2,10.5,28.1,14.7,31.9,22.9,0.4,21.5,1.7,2.9,9.0,10.6,0.0,3.9,11.7,21.4,13.3,0.4,0.0,0.0,0.0,0.3,0.0,0.0,0.0,0.2,0.3,0.5,0.4,0.6,0.3,1.5,1.9,0.5,9.9,0.2,0.1,0.6,1.0,0.0,1.7,1.3,1.7,1.0,29.0,2.4,9.4,2.1,8.8,2.8,2.8,1.5,3.9,8.3,9.0,7.4,7.4,3.4,28.8,21.0,6.3,90.6,1.6,1.9,5.4,7.4,0.0,10.4,7.8,12.2,7.2,1.9,103.8,0.2,3.8,1.1,35.2,0.2,12.6,0.7,36.4,0.3,11.8,0.3,11.4,0.2,5.8,0.4,7.0,0.8,38.4,0.9,40.7,0.6,24.0,0.5,9.8,0.3,3.7,1.1,24.6,1.1,20.3,0.3,13.5,4.8,72.2,0.1,0.8,0.3,1.6,0.5,4.2,0.3,6.3,0.0,0.0,0.5,7.4,0.5,4.7,0.9,9.2,0.9,4.0
91,bio0_whs1_land3_list500_bld500,False,True,3,500,500,211.7,6.4,58.0,17.5,85.7,21.8,19.0,15.3,11.5,50.1,52.3,46.3,47.8,34.7,87.9,67.1,21.1,199.0,4.4,6.8,19.9,25.9,0.1,23.9,26.0,45.7,26.6,0.0,0.0,0.0,0.0,0.0,0.0,0.0,0.0,0.0,0.0,0.0,0.0,0.0,0.0,0.0,0.0,0.0,0.0,0.0,0.0,0.0,0.0,0.0,0.0,0.0,0.0,0.0,35.5,0.0,0.0,0.0,0.0,0.0,0.0,0.0,0.0,0.0,0.0,3.2,1.4,12.3,0.0,0.0,0.0,0.0,0.0,0.0,0.2,0.3,0.0,0.0,0.0,0.3,0.3,41.1,0.0,12.3,2.6,39.5,6.8,4.6,7.8,0.0,2.3,1.2,10.5,28.1,14.7,31.9,22.9,0.4,21.5,1.7,2.9,9.0,10.6,0.0,3.9,11.7,21.4,13.3,0.4,0.0,0.0,0.0,0.3,0.0,0.0,0.0,0.2,0.3,0.5,0.4,0.6,0.3,1.5,1.9,0.5,9.9,0.2,0.1,0.6,1.0,0.0,1.7,1.3,1.7,1.0,70.3,5.8,21.4,6.2,23.9,7.0,6.9,3.4,9.1,25.9,28.1,20.4,16.3,6.8,50.5,38.3,16.7,151.6,2.5,3.7,9.5,11.6,0.0,17.1,12.4,20.6,11.9,1.0,63.4,0.0,0.6,0.8,23.4,0.1,8.6,0.3,21.7,0.1,7.8,0.2,7.4,0.1,4.0,0.1,2.0,0.4,21.2,0.5,22.0,0.3,11.4,0.1,1.4,0.0,0.5,0.2,3.7,0.2,3.8,0.1,3.3,0.7,15.3,0.0,0.0,0.0,0.1,0.1,0.6,0.0,2.4,0.0,0.0,0.1,1.2,0.1,0.6,0.1,1.5,0.1,0.1
92,bio0_whs1_land3_list500_bld750,False,True,3,500,750,211.7,6.4,58.0,17.5,85.7,21.8,19.0,15.3,11.5,50.1,52.3,46.3,47.8,34.7,87.9,67.1,21.1,199.0,4.4,6.8,19.9,25.9,0.1,23.9,26.0,45.7,26.6,0.0,0.0,0.0,0.0,0.0,0.0,0.0,0.0,0.0,0.0,0.0,0.0,0.0,0.0,0.0,0.0,0.0,0.0,0.0,0.0,0.0,0.0,0.0,0.0,0.0,0.0,0.0,35.5,0.0,0.0,0.0,0.0,0.0,0.0,0.0,0.0,0.0,0.0,3.2,1.4,12.3,0.0,0.0,0.0,0.0,0.0,0.0,0.2,0.3,0.0,0.0,0.0,0.3,0.3,41.1,0.0,12.3,2.6,39.5,6.8,4.6,7.8,0.0,2.3,1.2,10.5,28.1,14.7,31.9,22.9,0.4,21.5,1.7,2.9,9.0,10.6,0.0,3.9,11.7,21.4,13.3,0.4,0.0,0.0,0.0,0.3,0.0,0.0,0.0,0.2,0.3,0.5,0.4,0.6,0.3,1.5,1.9,0.5,9.9,0.2,0.1,0.6,1.0,0.0,1.7,1.3,1.7,1.0,95.7,6.3,31.0,9.7,32.1,10.0,10.0,4.8,10.4,35.5,38.3,25.7,17.7,7.3,53.8,41.3,19.2,161.6,2.5,3.8,10.0,12.6,0.0,18.0,13.0,22.0,12.1,0.6,38.4,0.0,0.1,0.5,14.1,0.1,5.1,0.2,13.7,0.1,4.9,0.1,4.4,0.1,2.6,0.0,0.9,0.2,11.8,0.2,12.1,0.1,6.3,0.0,0.1,0.0,0.0,0.0,0.7,0.0,0.9,0.0,0.9,0.1,5.8,0.0,0.0,0.0,0.0,0.0,0.1,0.0,1.4,0.0,0.0,0.0,0.3,0.0,0.0,0.0,0.2,0.0,0.0
93,bio0_whs1_land3_list500_bld1000,False,True,3,500,1000,211.7,6.4,58.0,17.5,85.7,21.8,19.0,15.3,11.5,50.1,52.3,46.3,47.8,34.7,87.9,67.1,21.1,199.0,4.4,6.8,19.9,25.9,0.1,23.9,26.0,45.7,26.6,0.0,0.0,0.0,0.0,0.0,0.0,0.0,0.0,0.0,0.0,0.0,0.0,0.0,0.0,0.0,0.0,0.0,0.0,0.0,0.0,0.0,0.0,0.0,0.0,0.0,0.0,0.0,35.5,0.0,0.0,0.0,0.0,0.0,0.0,0.0,0.0,0.0,0.0,3.2,1.4,12.3,0.0,0.0,0.0,0.0,0.0,0.0,0.2,0.3,0.0,0.0,0.0,0.3,0.3,41.1,0.0,12.3,2.6,39.5,6.8,4.6,7.8,0.0,2.3,1.2,10.5,28.1,14.7,31.9,22.9,0.4,21.5,1.7,2.9,9.0,10.6,0.0,3.9,11.7,21.4,13.3,0.4,0.0,0.0,0.0,0.3,0.0,0.0,0.0,0.2,0.3,0.5,0.4,0.6,0.3,1.5,1.9,0.5,9.9,0.2,0.1,0.6,1.0,0.0,1.7,1.3,1.7,1.0,112.3,6.3,37.7,12.1,37.6,12.1,12.1,5.9,10.8,40.9,43.7,28.3,17.8,7.4,54.3,42.0,19.8,164.9,2.5,3.8,10.1,13.2,0.0,18.2,13.0,22.2,12.1,0.3,22.1,0.0,0.0,0.3,7.6,0.1,2.8,0.1,8.2,0.1,2.8,0.1,2.3,0.0,1.5,0.0,0.4,0.1,6.5,0.1,6.9,0.1,3.7,0.0,0.0,0.0,0.0,0.0,0.2,0.0,0.3,0.0,0.4,0.0,2.7,0.0,0.0,0.0,0.0,0.0,0.0,0.0,0.9,0.0,0.0,0.0,0.1,0.0,0.0,0.0,0.1,0.0,0.0
94,bio0_whs1_land3_list500_bld1250,False,True,3,500,1250,211.7,6.4,58.0,17.5,85.7,21.8,19.0,15.3,11.5,50.1,52.3,46.3,47.8,34.7,87.9,67.1,21.1,199.0,4.4,6.8,19.9,25.9,0.1,23.9,26.0,45.7,26.6,0.0,0.0,0.0,0.0,0.0,0.0,0.0,0.0,0.0,0.0,0.0,0.0,0.0,0.0,0.0,0.0,0.0,0.0,0.0,0.0,0.0,0.0,0.0,0.0,0.0,0.0,0.0,35.5,0.0,0.0,0.0,0.0,0.0,0.0,0.0,0.0,0.0,0.0,3.2,1.4,12.3,0.0,0.0,0.0,0.0,0.0,0.0,0.2,0.3,0.0,0.0,0.0,0.3,0.3,41.1,0.0,12.3,2.6,39.5,6.8,4.6,7.8,0.0,2.3,1.2,10.5,28.1,14.7,31.9,22.9,0.4,21.5,1.7,2.9,9.0,10.6,0.0,3.9,11.7,21.4,13.3,0.4,0.0,0.0,0.0,0.3,0.0,0.0,0.0,0.2,0.3,0.5,0.4,0.6,0.3,1.5,1.9,0.5,9.9,0.2,0.1,0.6,1.0,0.0,1.7,1.3,1.7,1.0,122.7,6.4,41.6,13.5,41.2,13.4,13.3,6.7,11.0,44.1,46.9,29.8,17.8,7.4,54.4,42.2,20.0,166.4,2.5,3.8,10.1,13.5,0.0,18.3,13.0,22.2,12.1,0.2,11.9,0.0,0.0,0.1,3.9,0.0,1.3,0.1,4.7,0.0,1.5,0.0,1.1,0.0,0.7,0.0,0.2,0.0,3.4,0.1,3.7,0.0,2.2,0.0,0.0,0.0,0.0,0.0,0.0,0.0,0.1,0.0,0.2,0.0,1.2,0.0,0.0,0.0,0.0,0.0,0.0,0.0,0.5,0.0,0.0,0.0,0.0,0.0,0.0,0.0,0.0,0.0,0.0
95,bio0_whs1_land3_list1000_bld250,False,True,3,1000,250,211.7,6.4,58.0,17.5,85.7,21.8,19.0,15.3,11.5,50.1,52.3,46.3,47.8,34.7,87.9,67.1,21.1,199.0,4.4,6.8,19.9,25.9,0.1,23.9,26.0,45.7,26.6,0.0,0.0,0.0,0.0,0.0,0.0,0.0,0.0,0.0,0.0,0.0,0.0,0.0,0.0,0.0,0.0,0.0,0.0,0.0,0.0,0.0,0.0,0.0,0.0,0.0,0.0,0.0,35.5,0.0,0.0,0.0,0.0,0.0,0.0,0.0,0.0,0.0,0.0,3.2,1.4,12.3,0.0,0.0,0.0,0.0,0.0,0.0,0.2,0.3,0.0,0.0,0.0,0.3,0.3,41.1,0.0,12.3,2.6,39.5,6.8,4.6,7.8,0.0,2.3,1.2,10.5,28.1,14.7,31.9,22.9,0.4,21.5,1.7,2.9,9.0,10.6,0.0,3.9,11.7,21.4,13.3,1.9,0.2,0.2,0.1,1.6,0.2,0.1,0.2,1.2,1.8,2.7,2.5,3.2,1.6,9.5,10.3,3.1,53.1,0.7,0.5,2.6,5.1,0.0,7.1,5.9,8.7,4.3,28.4,2.3,9.3,2.1,8.3,2.8,2.7,1.5,3.5,7.9,8.4,6.7,6.2,2.8,24.1,16.1,5.0,63.3,1.2,1.7,4.1,4.8,0.0,7.0,4.9,7.9,5.2,1.9,102.9,0.2,3.7,1.1,35.0,0.2,12.6,0.7,35.6,0.3,11.7,0.3,11.3,0.2,5.7,0.3,6.5,0.7,37.4,0.8,39.3,0.6,22.7,0.5,8.5,0.2,3.1,1.0,21.4,0.9,16.9,0.3,12.3,3.9,57.2,0.1,0.7,0.2,1.5,0.4,3.5,0.2,5.0,0.0,0.0,0.3,5.5,0.3,3.1,0.6,6.8,0.7,2.9
96,bio0_whs1_land3_list1000_bld500,False,True,3,1000,500,211.7,6.4,58.0,17.5,85.7,21.8,19.0,15.3,11.5,50.1,52.3,46.3,47.8,34.7,87.9,67.1,21.1,199.0,4.4,6.8,19.9,25.9,0.1,23.9,26.0,45.7,26.6,0.0,0.0,0.0,0.0,0.0,0.0,0.0,0.0,0.0,0.0,0.0,0.0,0.0,0.0,0.0,0.0,0.0,0.0,0.0,0.0,0.0,0.0,0.0,0.0,0.0,0.0,0.0,35.5,0.0,0.0,0.0,0.0,0.0,0.0,0.0,0.0,0.0,0.0,3.2,1.4,12.3,0.0,0.0,0.0,0.0,0.0,0.0,0.2,0.3,0.0,0.0,0.0,0.3,0.3,41.1,0.0,12.3,2.6,39.5,6.8,4.6,7.8,0.0,2.3,1.2,10.5,28.1,14.7,31.9,22.9,0.4,21.5,1.7,2.9,9.0,10.6,0.0,3.9,11.7,21.4,13.3,1.9,0.2,0.2,0.1,1.6,0.2,0.1,0.2,1.2,1.8,2.7,2.5,3.2,1.6,9.5,10.3,3.1,53.1,0.7,0.5,2.6,5.1,0.0,7.1,5.9,8.7,4.3,68.9,5.6,21.3,6.1,22.7,6.8,6.8,3.3,8.3,24.6,26.2,18.5,13.8,5.6,42.8,30.2,14.2,109.2,1.9,3.3,7.5,7.7,0.0,11.7,7.9,13.9,8.5,1.0,63.3,0.0,0.6,0.8,23.3,0.1,8.6,0.3,21.6,0.1,7.8,0.2,7.4,0.1,3.9,0.1,1.9,0.4,21.0,0.5,21.7,0.3,11.2,0.1,1.2,0.0,0.4,0.2,3.5,0.2,3.5,0.1,3.3,0.6,14.5,0.0,0.0,0.0,0.1,0.1,0.5,0.0,2.3,0.0,0.0,0.0,1.1,0.0,0.5,0.1,1.3,0.1,0.1
97,bio0_whs1_land3_list1000_bld750,False,True,3,1000,750,211.7,6.4,58.0,17.5,85.7,21.8,19.0,15.3,11.5,50.1,52.3,46.3,47.8,34.7,87.9,67.1,21.1,199.0,4.4,6.8,19.9,25.9,0.1,23.9,26.0,45.7,26.6,0.0,0.0,0.0,0.0,0.0,0.0,0.0,0.0,0.0,0.0,0.0,0.0,0.0,0.0,0.0,0.0,0.0,0.0,0.0,0.0,0.0,0.0,0.0,0.0,0.0,0.0,0.0,35.5,0.0,0.0,0.0,0.0,0.0,0.0,0.0,0.0,0.0,0.0,3.2,1.4,12.3,0.0,0.0,0.0,0.0,0.0,0.0,0.2,0.3,0.0,0.0,0.0,0.3,0.3,41.1,0.0,12.3,2.6,39.5,6.8,4.6,7.8,0.0,2.3,1.2,10.5,28.1,14.7,31.9,22.9,0.4,21.5,1.7,2.9,9.0,10.6,0.0,3.9,11.7,21.4,13.3,1.9,0.2,0.2,0.1,1.6,0.2,0.1,0.2,1.2,1.8,2.7,2.5,3.2,1.6,9.5,10.3,3.1,53.1,0.7,0.5,2.6,5.1,0.0,7.1,5.9,8.7,4.3,94.2,6.1,30.8,9.6,30.8,9.8,9.9,4.7,9.4,34.0,36.1,23.6,15.1,6.1,45.8,32.9,16.6,118.4,2.0,3.4,8.0,8.5,0.0,12.6,8.4,15.1,8.7,0.6,38.4,0.0,0.1,0.5,14.1,0.1,5.1,0.2,13.7,0.1,4.8,0.1,4.4,0.1,2.6,0.0,0.9,0.2,11.8,0.2,12.1,0.1,6.3,0.0,0.1,0.0,0.0,0.0,0.7,0.0,0.9,0.0,0.9,0.1,5.8,0.0,0.0,0.0,0.0,0.0,0.1,0.0,1.4,0.0,0.0,0.0,0.3,0.0,0.0,0.0,0.2,0.0,0.0
98,bio0_whs1_land3_list1000_bld1000,False,True,3,1000,1000,211.7,6.4,58.0,17.5,85.7,21.8,19.0,15.3,11.5,50.1,52.3,46.3,47.8,34.7,87.9,67.1,21.1,199.0,4.4,6.8,19.9,25.9,0.1,23.9,26.0,45.7,26.6,0.0,0.0,0.0,0.0,0.0,0.0,0.0,0.0,0.0,0.0,0.0,0.0,0.0,0.0,0.0,0.0,0.0,0.0,0.0,0.0,0.0,0.0,0.0,0.0,0.0,0.0,0.0,35.5,0.0,0.0,0.0,0.0,0.0,0.0,0.0,0.0,0.0,0.0,3.2,1.4,12.3,0.0,0.0,0.0,0.0,0.0,0.0,0.2,0.3,0.0,0.0,0.0,0.3,0.3,41.1,0.0,12.3,2.6,39.5,6.8,4.6,7.8,0.0,2.3,1.2,10.5,28.1,14.7,31.9,22.9,0.4,21.5,1.7,2.9,9.0,10.6,0.0,3.9,11.7,21.4,13.3,1.9,0.2,0.2,0.1,1.6,0.2,0.1,0.2,1.2,1.8,2.7,2.5,3.2,1.6,9.5,10.3,3.1,53.1,0.7,0.5,2.6,5.1,0.0,7.1,5.9,8.7,4.3,110.8,6.2,37.5,12.0,36.3,11.9,12.0,5.8,9.9,39.4,41.5,26.2,15.2,6.1,46.3,33.6,17.2,121.6,2.0,3.4,8.0,9.1,0.0,12.8,8.4,15.2,8.7,0.3,22.1,0.0,0.0,0.3,7.6,0.1,2.8,0.1,8.2,0.1,2.8,0.1,2.3,0.0,1.5,0.0,0.4,0.1,6.5,0.1,6.9,0.1,3.7,0.0,0.0,0.0,0.0,0.0,0.2,0.0,0.3,0.0,0.4,0.0,2.7,0.0,0.0,0.0,0.0,0.0,0.0,0.0,0.9,0.0,0.0,0.0,0.1,0.0,0.0,0.0,0.1,0.0,0.0
99,bio0_whs1_land3_list1000_bld1250,False,True,3,1000,1250,211.7,6.4,58.0,17.5,85.7,21.8,19.0,15.3,11.5,50.1,52.3,46.3,47.8,34.7,87.9,67.1,21.1,199.0,4.4,6.8,19.9,25.9,0.1,23.9,26.0,45.7,26.6,0.0,0.0,0.0,0.0,0.0,0.0,0.0,0.0,0.0,0.0,0.0,0.0,0.0,0.0,0.0,0.0,0.0,0.0,0.0,0.0,0.0,0.0,0.0,0.0,0.0,0.0,0.0,35.5,0.0,0.0,0.0,0.0,0.0,0.0,0.0,0.0,0.0,0.0,3.2,1.4,12.3,0.0,0.0,0.0,0.0,0.0,0.0,0.2,0.3,0.0,0.0,0.0,0.3,0.3,41.1,0.0,12.3,2.6,39.5,6.8,4.6,7.8,0.0,2.3,1.2,10.5,28.1,14.7,31.9,22.9,0.4,21.5,1.7,2.9,9.0,10.6,0.0,3.9,11.7,21.4,13.3,1.9,0.2,0.2,0.1,1.6,0.2,0.1,0.2,1.2,1.8,2.7,2.5,3.2,1.6,9.5,10.3,3.1,53.1,0.7,0.5,2.6,5.1,0.0,7.1,5.9,8.7,4.3,121.2,6.2,41.4,13.5,39.8,13.2,13.2,6.6,10.1,42.5,44.7,27.8,15.2,6.1,46.5,33.7,17.4,123.2,2.0,3.4,8.1,9.4,0.0,12.8,8.4,15.3,8.7,0.2,11.9,0.0,0.0,0.1,3.9,0.0,1.3,0.1,4.7,0.0,1.5,0.0,1.1,0.0,0.7,0.0,0.2,0.0,3.4,0.1,3.7,0.0,2.2,0.0,0.0,0.0,0.0,0.0,0.0,0.0,0.1,0.0,0.2,0.0,1.2,0.0,0.0,0.0,0.0,0.0,0.0,0.0,0.5,0.0,0.0,0.0,0.0,0.0,0.0,0.0,0.0,0.0,0.0
100,bio0_whs1_land3_list1500_bld250,False,True,3,1500,250,211.7,6.4,58.0,17.5,85.7,21.8,19.0,15.3,11.5,50.1,52.3,46.3,47.8,34.7,87.9,67.1,21.1,199.0,4.4,6.8,19.9,25.9,0.1,23.9,26.0,45.7,26.6,0.0,0.0,0.0,0.0,0.0,0.0,0.0,0.0,0.0,0.0,0.0,0.0,0.0,0.0,0.0,0.0,0.0,0.0,0.0,0.0,0.0,0.0,0.0,0.0,0.0,0.0,0.0,35.5,0.0,0.0,0.0,0.0,0.0,0.0,0.0,0.0,0.0,0.0,3.2,1.4,12.3,0.0,0.0,0.0,0.0,0.0,0.0,0.2,0.3,0.0,0.0,0.0,0.3,0.3,41.1,0.0,12.3,2.6,39.5,6.8,4.6,7.8,0.0,2.3,1.2,10.5,28.1,14.7,31.9,22.9,0.4,21.5,1.7,2.9,9.0,10.6,0.0,3.9,11.7,21.4,13.3,4.5,0.5,0.7,0.2,4.0,0.6,0.3,0.4,2.6,4.4,6.3,5.8,6.8,3.1,21.5,20.7,6.4,100.8,1.3,1.1,4.8,9.4,0.0,12.3,10.5,15.5,7.9,27.5,2.2,9.3,2.0,7.5,2.7,2.7,1.4,2.9,7.1,7.4,5.5,4.7,2.0,17.5,10.5,3.7,34.6,0.8,1.4,2.8,2.3,0.0,3.8,2.2,4.0,3.1,1.8,101.4,0.2,3.5,1.1,34.7,0.2,12.5,0.6,34.2,0.2,11.5,0.3,11.1,0.2,5.5,0.3,5.6,0.7,35.5,0.7,36.7,0.5,20.7,0.4,6.5,0.2,2.3,0.7,16.3,0.6,12.4,0.2,10.4,2.4,39.6,0.1,0.5,0.2,1.2,0.3,2.7,0.1,3.3,0.0,0.0,0.2,3.7,0.2,1.4,0.3,4.1,0.4,1.7
101,bio0_whs1_land3_list1500_bld500,False,True,3,1500,500,211.7,6.4,58.0,17.5,85.7,21.8,19.0,15.3,11.5,50.1,52.3,46.3,47.8,34.7,87.9,67.1,21.1,199.0,4.4,6.8,19.9,25.9,0.1,23.9,26.0,45.7,26.6,0.0,0.0,0.0,0.0,0.0,0.0,0.0,0.0,0.0,0.0,0.0,0.0,0.0,0.0,0.0,0.0,0.0,0.0,0.0,0.0,0.0,0.0,0.0,0.0,0.0,0.0,0.0,35.5,0.0,0.0,0.0,0.0,0.0,0.0,0.0,0.0,0.0,0.0,3.2,1.4,12.3,0.0,0.0,0.0,0.0,0.0,0.0,0.2,0.3,0.0,0.0,0.0,0.3,0.3,41.1,0.0,12.3,2.6,39.5,6.8,4.6,7.8,0.0,2.3,1.2,10.5,28.1,14.7,31.9,22.9,0.4,21.5,1.7,2.9,9.0,10.6,0.0,3.9,11.7,21.4,13.3,4.5,0.5,0.7,0.2,4.0,0.6,0.3,0.4,2.6,4.4,6.3,5.8,6.8,3.1,21.5,20.7,6.4,100.8,1.3,1.1,4.8,9.4,0.0,12.3,10.5,15.5,7.9,66.6,5.3,21.0,6.1,20.6,6.5,6.7,3.1,6.9,22.5,23.4,15.7,10.5,4.1,31.4,20.4,11.2,63.4,1.3,2.7,5.3,3.7,0.0,6.7,3.5,7.4,5.0,1.0,63.0,0.0,0.5,0.8,23.1,0.1,8.5,0.3,21.3,0.1,7.7,0.2,7.3,0.1,3.8,0.1,1.8,0.4,20.5,0.5,21.0,0.2,10.8,0.1,1.0,0.0,0.4,0.2,2.9,0.1,3.0,0.1,3.0,0.5,12.8,0.0,0.0,0.0,0.1,0.0,0.4,0.0,1.9,0.0,0.0,0.0,1.0,0.0,0.2,0.1,1.0,0.0,0.1
102,bio0_whs1_land3_list1500_bld750,False,True,3,1500,750,211.7,6.4,58.0,17.5,85.7,21.8,19.0,15.3,11.5,50.1,52.3,46.3,47.8,34.7,87.9,67.1,21.1,199.0,4.4,6.8,19.9,25.9,0.1,23.9,26.0,45.7,26.6,0.0,0.0,0.0,0.0,0.0,0.0,0.0,0.0,0.0,0.0,0.0,0.0,0.0,0.0,0.0,0.0,0.0,0.0,0.0,0.0,0.0,0.0,0.0,0.0,0.0,0.0,0.0,35.5,0.0,0.0,0.0,0.0,0.0,0.0,0.0,0.0,0.0,0.0,3.2,1.4,12.3,0.0,0.0,0.0,0.0,0.0,0.0,0.2,0.3,0.0,0.0,0.0,0.3,0.3,41.1,0.0,12.3,2.6,39.5,6.8,4.6,7.8,0.0,2.3,1.2,10.5,28.1,14.7,31.9,22.9,0.4,21.5,1.7,2.9,9.0,10.6,0.0,3.9,11.7,21.4,13.3,4.5,0.5,0.7,0.2,4.0,0.6,0.3,0.4,2.6,4.4,6.3,5.8,6.8,3.1,21.5,20.7,6.4,100.8,1.3,1.1,4.8,9.4,0.0,12.3,10.5,15.5,7.9,91.7,5.7,30.5,9.5,28.6,9.5,9.7,4.5,8.0,31.5,32.7,20.5,11.5,4.5,33.8,22.6,13.4,70.9,1.3,2.8,5.7,4.3,0.0,7.4,3.8,8.3,5.1,0.6,38.3,0.0,0.1,0.5,14.0,0.1,5.1,0.1,13.6,0.1,4.8,0.1,4.3,0.1,2.5,0.0,0.8,0.2,11.6,0.2,11.9,0.1,6.2,0.0,0.1,0.0,0.0,0.0,0.6,0.0,0.9,0.0,0.9,0.1,5.6,0.0,0.0,0.0,0.0,0.0,0.1,0.0,1.3,0.0,0.0,0.0,0.3,0.0,0.0,0.0,0.2,0.0,0.0
103,bio0_whs1_land3_list1500_bld1000,False,True,3,1500,1000,211.7,6.4,58.0,17.5,85.7,21.8,19.0,15.3,11.5,50.1,52.3,46.3,47.8,34.7,87.9,67.1,21.1,199.0,4.4,6.8,19.9,25.9,0.1,23.9,26.0,45.7,26.6,0.0,0.0,0.0,0.0,0.0,0.0,0.0,0.0,0.0,0.0,0.0,0.0,0.0,0.0,0.0,0.0,0.0,0.0,0.0,0.0,0.0,0.0,0.0,0.0,0.0,0.0,0.0,35.5,0.0,0.0,0.0,0.0,0.0,0.0,0.0,0.0,0.0,0.0,3.2,1.4,12.3,0.0,0.0,0.0,0.0,0.0,0.0,0.2,0.3,0.0,0.0,0.0,0.3,0.3,41.1,0.0,12.3,2.6,39.5,6.8,4.6,7.8,0.0,2.3,1.2,10.5,28.1,14.7,31.9,22.9,0.4,21.5,1.7,2.9,9.0,10.6,0.0,3.9,11.7,21.4,13.3,4.5,0.5,0.7,0.2,4.0,0.6,0.3,0.4,2.6,4.4,6.3,5.8,6.8,3.1,21.5,20.7,6.4,100.8,1.3,1.1,4.8,9.4,0.0,12.3,10.5,15.5,7.9,108.2,5.8,37.1,11.9,34.0,11.6,11.8,5.5,8.4,36.8,37.9,23.0,11.6,4.5,34.3,23.2,13.9,74.0,1.3,2.8,5.8,4.8,0.0,7.6,3.8,8.4,5.1,0.3,22.1,0.0,0.0,0.3,7.6,0.1,2.8,0.1,8.2,0.1,2.8,0.1,2.3,0.0,1.5,0.0,0.4,0.1,6.4,0.1,6.8,0.1,3.7,0.0,0.0,0.0,0.0,0.0,0.2,0.0,0.3,0.0,0.3,0.0,2.6,0.0,0.0,0.0,0.0,0.0,0.0,0.0,0.9,0.0,0.0,0.0,0.1,0.0,0.0,0.0,0.0,0.0,0.0
104,bio0_whs1_land3_list1500_bld1250,False,True,3,1500,1250,211.7,6.4,58.0,17.5,85.7,21.8,19.0,15.3,11.5,50.1,52.3,46.3,47.8,34.7,87.9,67.1,21.1,199.0,4.4,6.8,19.9,25.9,0.1,23.9,26.0,45.7,26.6,0.0,0.0,0.0,0.0,0.0,0.0,0.0,0.0,0.0,0.0,0.0,0.0,0.0,0.0,0.0,0.0,0.0,0.0,0.0,0.0,0.0,0.0,0.0,0.0,0.0,0.0,0.0,35.5,0.0,0.0,0.0,0.0,0.0,0.0,0.0,0.0,0.0,0.0,3.2,1.4,12.3,0.0,0.0,0.0,0.0,0.0,0.0,0.2,0.3,0.0,0.0,0.0,0.3,0.3,41.1,0.0,12.3,2.6,39.5,6.8,4.6,7.8,0.0,2.3,1.2,10.5,28.1,14.7,31.9,22.9,0.4,21.5,1.7,2.9,9.0,10.6,0.0,3.9,11.7,21.4,13.3,4.5,0.5,0.7,0.2,4.0,0.6,0.3,0.4,2.6,4.4,6.3,5.8,6.8,3.1,21.5,20.7,6.4,100.8,1.3,1.1,4.8,9.4,0.0,12.3,10.5,15.5,7.9,118.6,5.9,40.9,13.4,37.5,12.8,13.0,6.3,8.6,39.9,41.1,24.5,11.6,4.5,34.5,23.4,14.1,75.5,1.3,2.8,5.8,5.1,0.0,7.7,3.8,8.5,5.1,0.2,11.9,0.0,0.0,0.1,3.9,0.0,1.3,0.1,4.7,0.0,1.5,0.0,1.1,0.0,0.7,0.0,0.2,0.0,3.4,0.1,3.7,0.0,2.2,0.0,0.0,0.0,0.0,0.0,0.0,0.0,0.1,0.0,0.2,0.0,1.1,0.0,0.0,0.0,0.0,0.0,0.0,0.0,0.5,0.0,0.0,0.0,0.0,0.0,0.0,0.0,0.0,0.0,0.0
105,bio0_whs1_land4_list500_bld250,False,True,4,500,250,211.7,6.4,58.0,17.5,85.7,21.8,19.0,15.3,11.5,50.1,52.3,46.3,47.8,34.7,87.9,67.1,21.1,199.0,4.4,6.8,19.9,25.9,0.1,23.9,26.0,45.7,26.6,0.0,0.0,0.0,0.0,0.0,0.0,0.0,0.0,0.0,0.0,0.0,0.0,0.0,0.0,0.0,0.0,0.0,0.0,0.0,0.0,0.0,0.0,0.0,0.0,0.0,0.0,0.0,35.5,0.0,0.0,0.0,0.0,0.0,0.0,0.0,0.0,0.0,0.0,3.2,1.4,12.3,0.0,0.0,0.0,0.0,0.0,0.0,0.2,0.3,0.0,0.0,0.0,0.3,0.3,41.1,0.0,12.3,2.6,39.5,6.8,4.6,7.8,0.0,2.3,1.2,10.5,31.9,14.7,43.2,29.4,0.4,33.2,1.7,2.9,9.0,11.9,0.0,8.8,15.6,22.0,13.3,0.4,0.0,0.0,0.0,0.3,0.0,0.0,0.0,0.2,0.3,0.5,0.4,0.5,0.3,1.2,1.5,0.5,9.1,0.2,0.1,0.6,0.8,0.0,1.2,0.8,1.7,1.0,29.0,2.4,9.4,2.1,8.8,2.8,2.8,1.5,3.9,8.3,9.0,7.4,5.8,3.4,22.1,16.7,6.3,83.1,1.6,1.9,5.4,6.5,0.0,7.5,5.6,11.8,7.2,1.9,103.8,0.2,3.8,1.1,35.2,0.2,12.6,0.7,36.4,0.3,11.8,0.3,11.4,0.2,5.8,0.4,7.0,0.8,38.4,0.9,40.7,0.6,24.0,0.4,7.9,0.3,3.7,0.9,20.5,0.8,18.6,0.3,13.5,4.4,69.1,0.1,0.8,0.3,1.6,0.5,4.2,0.3,6.1,0.0,0.0,0.4,6.0,0.3,3.6,0.8,9.0,0.9,4.0
106,bio0_whs1_land4_list500_bld500,False,True,4,500,500,211.7,6.4,58.0,17.5,85.7,21.8,19.0,15.3,11.5,50.1,52.3,46.3,47.8,34.7,87.9,67.1,21.1,199.0,4.4,6.8,19.9,25.9,0.1,23.9,26.0,45.7,26.6,0.0,0.0,0.0,0.0,0.0,0.0,0.0,0.0,0.0,0.0,0.0,0.0,0.0,0.0,0.0,0.0,0.0,0.0,0.0,0.0,0.0,0.0,0.0,0.0,0.0,0.0,0.0,35.5,0.0,0.0,0.0,0.0,0.0,0.0,0.0,0.0,0.0,0.0,3.2,1.4,12.3,0.0,0.0,0.0,0.0,0.0,0.0,0.2,0.3,0.0,0.0,0.0,0.3,0.3,41.1,0.0,12.3,2.6,39.5,6.8,4.6,7.8,0.0,2.3,1.2,10.5,31.9,14.7,43.2,29.4,0.4,33.2,1.7,2.9,9.0,11.9,0.0,8.8,15.6,22.0,13.3,0.4,0.0,0.0,0.0,0.3,0.0,0.0,0.0,0.2,0.3,0.5,0.4,0.5,0.3,1.2,1.5,0.5,9.1,0.2,0.1,0.6,0.8,0.0,1.2,0.8,1.7,1.0,70.3,5.8,21.4,6.2,23.9,7.0,6.9,3.4,9.1,25.9,28.1,20.4,12.9,6.8,40.4,32.3,16.7,140.8,2.5,3.7,9.5,10.4,0.0,12.7,9.0,20.1,11.9,1.0,63.4,0.0,0.6,0.8,23.4,0.1,8.6,0.3,21.7,0.1,7.8,0.2,7.4,0.1,4.0,0.1,2.0,0.4,21.2,0.5,22.0,0.3,11.4,0.1,1.1,0.0,0.5,0.2,2.9,0.2,3.6,0.1,3.3,0.7,15.1,0.0,0.0,0.0,0.1,0.1,0.6,0.0,2.4,0.0,0.0,0.1,1.1,0.0,0.5,0.1,1.5,0.1,0.1
107,bio0_whs1_land4_list500_bld750,False,True,4,500,750,211.7,6.4,58.0,17.5,85.7,21.8,19.0,15.3,11.5,50.1,52.3,46.3,47.8,34.7,87.9,67.1,21.1,199.0,4.4,6.8,19.9,25.9,0.1,23.9,26.0,45.7,26.6,0.0,0.0,0.0,0.0,0.0,0.0,0.0,0.0,0.0,0.0,0.0,0.0,0.0,0.0,0.0,0.0,0.0,0.0,0.0,0.0,0.0,0.0,0.0,0.0,0.0,0.0,0.0,35.5,0.0,0.0,0.0,0.0,0.0,0.0,0.0,0.0,0.0,0.0,3.2,1.4,12.3,0.0,0.0,0.0,0.0,0.0,0.0,0.2,0.3,0.0,0.0,0.0,0.3,0.3,41.1,0.0,12.3,2.6,39.5,6.8,4.6,7.8,0.0,2.3,1.2,10.5,31.9,14.7,43.2,29.4,0.4,33.2,1.7,2.9,9.0,11.9,0.0,8.8,15.6,22.0,13.3,0.4,0.0,0.0,0.0,0.3,0.0,0.0,0.0,0.2,0.3,0.5,0.4,0.5,0.3,1.2,1.5,0.5,9.1,0.2,0.1,0.6,0.8,0.0,1.2,0.8,1.7,1.0,95.7,6.3,31.0,9.7,32.1,10.0,10.0,4.8,10.4,35.5,38.3,25.7,14.0,7.3,43.0,35.3,19.2,150.7,2.5,3.8,10.0,11.4,0.0,13.6,9.4,21.4,12.1,0.6,38.4,0.0,0.1,0.5,14.1,0.1,5.1,0.2,13.7,0.1,4.9,0.1,4.4,0.1,2.6,0.0,0.9,0.2,11.8,0.2,12.1,0.1,6.3,0.0,0.1,0.0,0.0,0.0,0.5,0.0,0.9,0.0,0.9,0.1,5.8,0.0,0.0,0.0,0.0,0.0,0.1,0.0,1.4,0.0,0.0,0.0,0.3,0.0,0.0,0.0,0.2,0.0,0.0
108,bio0_whs1_land4_list500_bld1000,False,True,4,500,1000,211.7,6.4,58.0,17.5,85.7,21.8,19.0,15.3,11.5,50.1,52.3,46.3,47.8,34.7,87.9,67.1,21.1,199.0,4.4,6.8,19.9,25.9,0.1,23.9,26.0,45.7,26.6,0.0,0.0,0.0,0.0,0.0,0.0,0.0,0.0,0.0,0.0,0.0,0.0,0.0,0.0,0.0,0.0,0.0,0.0,0.0,0.0,0.0,0.0,0.0,0.0,0.0,0.0,0.0,35.5,0.0,0.0,0.0,0.0,0.0,0.0,0.0,0.0,0.0,0.0,3.2,1.4,12.3,0.0,0.0,0.0,0.0,0.0,0.0,0.2,0.3,0.0,0.0,0.0,0.3,0.3,41.1,0.0,12.3,2.6,39.5,6.8,4.6,7.8,0.0,2.3,1.2,10.5,31.9,14.7,43.2,29.4,0.4,33.2,1.7,2.9,9.0,11.9,0.0,8.8,15.6,22.0,13.3,0.4,0.0,0.0,0.0,0.3,0.0,0.0,0.0,0.2,0.3,0.5,0.4,0.5,0.3,1.2,1.5,0.5,9.1,0.2,0.1,0.6,0.8,0.0,1.2,0.8,1.7,1.0,112.3,6.3,37.7,12.1,37.6,12.1,12.1,5.9,10.8,40.9,43.7,28.3,14.1,7.3,43.4,35.9,19.8,154.0,2.5,3.8,10.1,12.0,0.0,13.8,9.5,21.6,12.1,0.3,22.1,0.0,0.0,0.3,7.6,0.1,2.8,0.1,8.2,0.1,2.8,0.1,2.3,0.0,1.5,0.0,0.4,0.1,6.5,0.1,6.9,0.1,3.7,0.0,0.0,0.0,0.0,0.0,0.1,0.0,0.3,0.0,0.4,0.0,2.7,0.0,0.0,0.0,0.0,0.0,0.0,0.0,0.9,0.0,0.0,0.0,0.1,0.0,0.0,0.0,0.1,0.0,0.0
109,bio0_whs1_land4_list500_bld1250,False,True,4,500,1250,211.7,6.4,58.0,17.5,85.7,21.8,19.0,15.3,11.5,50.1,52.3,46.3,47.8,34.7,87.9,67.1,21.1,199.0,4.4,6.8,19.9,25.9,0.1,23.9,26.0,45.7,26.6,0.0,0.0,0.0,0.0,0.0,0.0,0.0,0.0,0.0,0.0,0.0,0.0,0.0,0.0,0.0,0.0,0.0,0.0,0.0,0.0,0.0,0.0,0.0,0.0,0.0,0.0,0.0,35.5,0.0,0.0,0.0,0.0,0.0,0.0,0.0,0.0,0.0,0.0,3.2,1.4,12.3,0.0,0.0,0.0,0.0,0.0,0.0,0.2,0.3,0.0,0.0,0.0,0.3,0.3,41.1,0.0,12.3,2.6,39.5,6.8,4.6,7.8,0.0,2.3,1.2,10.5,31.9,14.7,43.2,29.4,0.4,33.2,1.7,2.9,9.0,11.9,0.0,8.8,15.6,22.0,13.3,0.4,0.0,0.0,0.0,0.3,0.0,0.0,0.0,0.2,0.3,0.5,0.4,0.5,0.3,1.2,1.5,0.5,9.1,0.2,0.1,0.6,0.8,0.0,1.2,0.8,1.7,1.0,122.7,6.4,41.6,13.5,41.2,13.4,13.3,6.7,11.0,44.1,46.9,29.8,14.1,7.3,43.5,36.0,20.0,155.5,2.5,3.8,10.1,12.3,0.0,13.9,9.5,21.7,12.1,0.2,11.9,0.0,0.0,0.1,3.9,0.0,1.3,0.1,4.7,0.0,1.5,0.0,1.1,0.0,0.7,0.0,0.2,0.0,3.4,0.1,3.7,0.0,2.2,0.0,0.0,0.0,0.0,0.0,0.0,0.0,0.1,0.0,0.2,0.0,1.2,0.0,0.0,0.0,0.0,0.0,0.0,0.0,0.5,0.0,0.0,0.0,0.0,0.0,0.0,0.0,0.0,0.0,0.0
110,bio0_whs1_land4_list1000_bld250,False,True,4,1000,250,211.7,6.4,58.0,17.5,85.7,21.8,19.0,15.3,11.5,50.1,52.3,46.3,47.8,34.7,87.9,67.1,21.1,199.0,4.4,6.8,19.9,25.9,0.1,23.9,26.0,45.7,26.6,0.0,0.0,0.0,0.0,0.0,0.0,0.0,0.0,0.0,0.0,0.0,0.0,0.0,0.0,0.0,0.0,0.0,0.0,0.0,0.0,0.0,0.0,0.0,0.0,0.0,0.0,0.0,35.5,0.0,0.0,0.0,0.0,0.0,0.0,0.0,0.0,0.0,0.0,3.2,1.4,12.3,0.0,0.0,0.0,0.0,0.0,0.0,0.2,0.3,0.0,0.0,0.0,0.3,0.3,41.1,0.0,12.3,2.6,39.5,6.8,4.6,7.8,0.0,2.3,1.2,10.5,31.9,14.7,43.2,29.4,0.4,33.2,1.7,2.9,9.0,11.9,0.0,8.8,15.6,22.0,13.3,1.9,0.2,0.2,0.1,1.6,0.2,0.1,0.2,1.2,1.8,2.7,2.5,2.5,1.6,7.5,8.2,3.1,49.1,0.7,0.5,2.6,4.4,0.0,5.1,4.0,8.5,4.3,28.4,2.3,9.3,2.1,8.3,2.8,2.7,1.5,3.5,7.9,8.4,6.7,4.9,2.8,18.5,13.0,5.0,58.1,1.2,1.7,4.1,4.3,0.0,5.1,3.6,7.6,5.2,1.9,102.9,0.2,3.7,1.1,35.0,0.2,12.6,0.7,35.6,0.3,11.7,0.3,11.3,0.2,5.7,0.3,6.5,0.7,37.4,0.8,39.3,0.6,22.7,0.4,6.8,0.2,3.0,0.8,17.9,0.7,15.7,0.3,12.3,3.5,55.1,0.1,0.7,0.2,1.5,0.4,3.5,0.2,4.8,0.0,0.0,0.2,4.6,0.2,2.5,0.6,6.7,0.7,2.9
111,bio0_whs1_land4_list1000_bld500,False,True,4,1000,500,211.7,6.4,58.0,17.5,85.7,21.8,19.0,15.3,11.5,50.1,52.3,46.3,47.8,34.7,87.9,67.1,21.1,199.0,4.4,6.8,19.9,25.9,0.1,23.9,26.0,45.7,26.6,0.0,0.0,0.0,0.0,0.0,0.0,0.0,0.0,0.0,0.0,0.0,0.0,0.0,0.0,0.0,0.0,0.0,0.0,0.0,0.0,0.0,0.0,0.0,0.0,0.0,0.0,0.0,35.5,0.0,0.0,0.0,0.0,0.0,0.0,0.0,0.0,0.0,0.0,3.2,1.4,12.3,0.0,0.0,0.0,0.0,0.0,0.0,0.2,0.3,0.0,0.0,0.0,0.3,0.3,41.1,0.0,12.3,2.6,39.5,6.8,4.6,7.8,0.0,2.3,1.2,10.5,31.9,14.7,43.2,29.4,0.4,33.2,1.7,2.9,9.0,11.9,0.0,8.8,15.6,22.0,13.3,1.9,0.2,0.2,0.1,1.6,0.2,0.1,0.2,1.2,1.8,2.7,2.5,2.5,1.6,7.5,8.2,3.1,49.1,0.7,0.5,2.6,4.4,0.0,5.1,4.0,8.5,4.3,68.9,5.6,21.3,6.1,22.7,6.8,6.8,3.3,8.3,24.6,26.2,18.5,11.0,5.6,34.2,25.8,14.2,101.7,1.9,3.3,7.5,7.0,0.0,8.9,5.9,13.5,8.5,1.0,63.3,0.0,0.6,0.8,23.3,0.1,8.6,0.3,21.6,0.1,7.8,0.2,7.4,0.1,3.9,0.1,1.9,0.4,21.0,0.5,21.7,0.3,11.2,0.1,1.0,0.0,0.4,0.2,2.7,0.2,3.4,0.1,3.3,0.6,14.4,0.0,0.0,0.0,0.1,0.1,0.5,0.0,2.3,0.0,0.0,0.0,1.0,0.0,0.4,0.1,1.3,0.1,0.1
112,bio0_whs1_land4_list1000_bld750,False,True,4,1000,750,211.7,6.4,58.0,17.5,85.7,21.8,19.0,15.3,11.5,50.1,52.3,46.3,47.8,34.7,87.9,67.1,21.1,199.0,4.4,6.8,19.9,25.9,0.1,23.9,26.0,45.7,26.6,0.0,0.0,0.0,0.0,0.0,0.0,0.0,0.0,0.0,0.0,0.0,0.0,0.0,0.0,0.0,0.0,0.0,0.0,0.0,0.0,0.0,0.0,0.0,0.0,0.0,0.0,0.0,35.5,0.0,0.0,0.0,0.0,0.0,0.0,0.0,0.0,0.0,0.0,3.2,1.4,12.3,0.0,0.0,0.0,0.0,0.0,0.0,0.2,0.3,0.0,0.0,0.0,0.3,0.3,41.1,0.0,12.3,2.6,39.5,6.8,4.6,7.8,0.0,2.3,1.2,10.5,31.9,14.7,43.2,29.4,0.4,33.2,1.7,2.9,9.0,11.9,0.0,8.8,15.6,22.0,13.3,1.9,0.2,0.2,0.1,1.6,0.2,0.1,0.2,1.2,1.8,2.7,2.5,2.5,1.6,7.5,8.2,3.1,49.1,0.7,0.5,2.6,4.4,0.0,5.1,4.0,8.5,4.3,94.2,6.1,30.8,9.6,30.8,9.8,9.9,4.7,9.4,34.0,36.1,23.6,12.0,6.0,36.7,28.5,16.6,110.8,2.0,3.4,8.0,7.8,0.0,9.7,6.3,14.7,8.7,0.6,38.4,0.0,0.1,0.5,14.1,0.1,5.1,0.2,13.7,0.1,4.8,0.1,4.4,0.1,2.6,0.0,0.9,0.2,11.8,0.2,12.1,0.1,6.3,0.0,0.1,0.0,0.0,0.0,0.5,0.0,0.9,0.0,0.9,0.1,5.8,0.0,0.0,0.0,0.0,0.0,0.1,0.0,1.4,0.0,0.0,0.0,0.3,0.0,0.0,0.0,0.2,0.0,0.0
113,bio0_whs1_land4_list1000_bld1000,False,True,4,1000,1000,211.7,6.4,58.0,17.5,85.7,21.8,19.0,15.3,11.5,50.1,52.3,46.3,47.8,34.7,87.9,67.1,21.1,199.0,4.4,6.8,19.9,25.9,0.1,23.9,26.0,45.7,26.6,0.0,0.0,0.0,0.0,0.0,0.0,0.0,0.0,0.0,0.0,0.0,0.0,0.0,0.0,0.0,0.0,0.0,0.0,0.0,0.0,0.0,0.0,0.0,0.0,0.0,0.0,0.0,35.5,0.0,0.0,0.0,0.0,0.0,0.0,0.0,0.0,0.0,0.0,3.2,1.4,12.3,0.0,0.0,0.0,0.0,0.0,0.0,0.2,0.3,0.0,0.0,0.0,0.3,0.3,41.1,0.0,12.3,2.6,39.5,6.8,4.6,7.8,0.0,2.3,1.2,10.5,31.9,14.7,43.2,29.4,0.4,33.2,1.7,2.9,9.0,11.9,0.0,8.8,15.6,22.0,13.3,1.9,0.2,0.2,0.1,1.6,0.2,0.1,0.2,1.2,1.8,2.7,2.5,2.5,1.6,7.5,8.2,3.1,49.1,0.7,0.5,2.6,4.4,0.0,5.1,4.0,8.5,4.3,110.8,6.2,37.5,12.0,36.3,11.9,12.0,5.8,9.9,39.4,41.5,26.2,12.1,6.1,37.0,29.1,17.2,113.9,2.0,3.4,8.0,8.4,0.0,9.9,6.3,14.9,8.7,0.3,22.1,0.0,0.0,0.3,7.6,0.1,2.8,0.1,8.2,0.1,2.8,0.1,2.3,0.0,1.5,0.0,0.4,0.1,6.5,0.1,6.9,0.1,3.7,0.0,0.0,0.0,0.0,0.0,0.1,0.0,0.3,0.0,0.4,0.0,2.7,0.0,0.0,0.0,0.0,0.0,0.0,0.0,0.9,0.0,0.0,0.0,0.1,0.0,0.0,0.0,0.1,0.0,0.0
114,bio0_whs1_land4_list1000_bld1250,False,True,4,1000,1250,211.7,6.4,58.0,17.5,85.7,21.8,19.0,15.3,11.5,50.1,52.3,46.3,47.8,34.7,87.9,67.1,21.1,199.0,4.4,6.8,19.9,25.9,0.1,23.9,26.0,45.7,26.6,0.0,0.0,0.0,0.0,0.0,0.0,0.0,0.0,0.0,0.0,0.0,0.0,0.0,0.0,0.0,0.0,0.0,0.0,0.0,0.0,0.0,0.0,0.0,0.0,0.0,0.0,0.0,35.5,0.0,0.0,0.0,0.0,0.0,0.0,0.0,0.0,0.0,0.0,3.2,1.4,12.3,0.0,0.0,0.0,0.0,0.0,0.0,0.2,0.3,0.0,0.0,0.0,0.3,0.3,41.1,0.0,12.3,2.6,39.5,6.8,4.6,7.8,0.0,2.3,1.2,10.5,31.9,14.7,43.2,29.4,0.4,33.2,1.7,2.9,9.0,11.9,0.0,8.8,15.6,22.0,13.3,1.9,0.2,0.2,0.1,1.6,0.2,0.1,0.2,1.2,1.8,2.7,2.5,2.5,1.6,7.5,8.2,3.1,49.1,0.7,0.5,2.6,4.4,0.0,5.1,4.0,8.5,4.3,121.2,6.2,41.4,13.5,39.8,13.2,13.2,6.6,10.1,42.5,44.7,27.8,12.1,6.1,37.1,29.3,17.4,115.5,2.0,3.4,8.1,8.7,0.0,10.0,6.3,14.9,8.7,0.2,11.9,0.0,0.0,0.1,3.9,0.0,1.3,0.1,4.7,0.0,1.5,0.0,1.1,0.0,0.7,0.0,0.2,0.0,3.4,0.1,3.7,0.0,2.2,0.0,0.0,0.0,0.0,0.0,0.0,0.0,0.1,0.0,0.2,0.0,1.2,0.0,0.0,0.0,0.0,0.0,0.0,0.0,0.5,0.0,0.0,0.0,0.0,0.0,0.0,0.0,0.0,0.0,0.0
115,bio0_whs1_land4_list1500_bld250,False,True,4,1500,250,211.7,6.4,58.0,17.5,85.7,21.8,19.0,15.3,11.5,50.1,52.3,46.3,47.8,34.7,87.9,67.1,21.1,199.0,4.4,6.8,19.9,25.9,0.1,23.9,26.0,45.7,26.6,0.0,0.0,0.0,0.0,0.0,0.0,0.0,0.0,0.0,0.0,0.0,0.0,0.0,0.0,0.0,0.0,0.0,0.0,0.0,0.0,0.0,0.0,0.0,0.0,0.0,0.0,0.0,35.5,0.0,0.0,0.0,0.0,0.0,0.0,0.0,0.0,0.0,0.0,3.2,1.4,12.3,0.0,0.0,0.0,0.0,0.0,0.0,0.2,0.3,0.0,0.0,0.0,0.3,0.3,41.1,0.0,12.3,2.6,39.5,6.8,4.6,7.8,0.0,2.3,1.2,10.5,31.9,14.7,43.2,29.4,0.4,33.2,1.7,2.9,9.0,11.9,0.0,8.8,15.6,22.0,13.3,4.5,0.5,0.7,0.2,4.0,0.6,0.3,0.4,2.6,4.4,6.3,5.8,5.2,3.1,17.2,16.8,6.4,93.1,1.3,1.1,4.8,8.2,0.0,8.9,7.3,15.2,7.9,27.5,2.2,9.3,2.0,7.5,2.7,2.7,1.4,2.9,7.1,7.4,5.5,3.7,2.0,13.5,8.7,3.7,31.9,0.8,1.4,2.8,2.1,0.0,2.9,1.7,3.8,3.1,1.8,101.4,0.2,3.5,1.1,34.7,0.2,12.5,0.6,34.2,0.2,11.5,0.3,11.1,0.2,5.5,0.3,5.6,0.7,35.5,0.7,36.7,0.5,20.7,0.3,5.3,0.2,2.3,0.6,13.4,0.5,11.6,0.2,10.4,2.2,38.6,0.1,0.5,0.2,1.2,0.3,2.7,0.1,3.2,0.0,0.0,0.1,3.2,0.1,1.2,0.3,4.0,0.4,1.7
116,bio0_whs1_land4_list1500_bld500,False,True,4,1500,500,211.7,6.4,58.0,17.5,85.7,21.8,19.0,15.3,11.5,50.1,52.3,46.3,47.8,34.7,87.9,67.1,21.1,199.0,4.4,6.8,19.9,25.9,0.1,23.9,26.0,45.7,26.6,0.0,0.0,0.0,0.0,0.0,0.0,0.0,0.0,0.0,0.0,0.0,0.0,0.0,0.0,0.0,0.0,0.0,0.0,0.0,0.0,0.0,0.0,0.0,0.0,0.0,0.0,0.0,35.5,0.0,0.0,0.0,0.0,0.0,0.0,0.0,0.0,0.0,0.0,3.2,1.4,12.3,0.0,0.0,0.0,0.0,0.0,0.0,0.2,0.3,0.0,0.0,0.0,0.3,0.3,41.1,0.0,12.3,2.6,39.5,6.8,4.6,7.8,0.0,2.3,1.2,10.5,31.9,14.7,43.2,29.4,0.4,33.2,1.7,2.9,9.0,11.9,0.0,8.8,15.6,22.0,13.3,4.5,0.5,0.7,0.2,4.0,0.6,0.3,0.4,2.6,4.4,6.3,5.8,5.2,3.1,17.2,16.8,6.4,93.1,1.3,1.1,4.8,8.2,0.0,8.9,7.3,15.2,7.9,66.6,5.3,21.0,6.1,20.6,6.5,6.7,3.1,6.9,22.5,23.4,15.7,8.4,4.1,25.1,17.8,11.2,59.5,1.3,2.7,5.3,3.5,0.0,5.3,2.8,7.1,5.0,1.0,63.0,0.0,0.5,0.8,23.1,0.1,8.5,0.3,21.3,0.1,7.7,0.2,7.3,0.1,3.8,0.1,1.8,0.4,20.5,0.5,21.0,0.2,10.8,0.1,0.9,0.0,0.4,0.2,2.2,0.1,2.8,0.1,3.0,0.5,12.7,0.0,0.0,0.0,0.1,0.0,0.4,0.0,1.9,0.0,0.0,0.0,0.9,0.0,0.2,0.1,1.0,0.0,0.1
117,bio0_whs1_land4_list1500_bld750,False,True,4,1500,750,211.7,6.4,58.0,17.5,85.7,21.8,19.0,15.3,11.5,50.1,52.3,46.3,47.8,34.7,87.9,67.1,21.1,199.0,4.4,6.8,19.9,25.9,0.1,23.9,26.0,45.7,26.6,0.0,0.0,0.0,0.0,0.0,0.0,0.0,0.0,0.0,0.0,0.0,0.0,0.0,0.0,0.0,0.0,0.0,0.0,0.0,0.0,0.0,0.0,0.0,0.0,0.0,0.0,0.0,35.5,0.0,0.0,0.0,0.0,0.0,0.0,0.0,0.0,0.0,0.0,3.2,1.4,12.3,0.0,0.0,0.0,0.0,0.0,0.0,0.2,0.3,0.0,0.0,0.0,0.3,0.3,41.1,0.0,12.3,2.6,39.5,6.8,4.6,7.8,0.0,2.3,1.2,10.5,31.9,14.7,43.2,29.4,0.4,33.2,1.7,2.9,9.0,11.9,0.0,8.8,15.6,22.0,13.3,4.5,0.5,0.7,0.2,4.0,0.6,0.3,0.4,2.6,4.4,6.3,5.8,5.2,3.1,17.2,16.8,6.4,93.1,1.3,1.1,4.8,8.2,0.0,8.9,7.3,15.2,7.9,91.7,5.7,30.5,9.5,28.6,9.5,9.7,4.5,8.0,31.5,32.7,20.5,9.3,4.5,27.0,20.0,13.4,66.9,1.3,2.8,5.7,4.1,0.0,5.9,2.9,8.0,5.1,0.6,38.3,0.0,0.1,0.5,14.0,0.1,5.1,0.1,13.6,0.1,4.8,0.1,4.3,0.1,2.5,0.0,0.8,0.2,11.6,0.2,11.9,0.1,6.2,0.0,0.1,0.0,0.0,0.0,0.5,0.0,0.8,0.0,0.9,0.1,5.6,0.0,0.0,0.0,0.0,0.0,0.1,0.0,1.3,0.0,0.0,0.0,0.3,0.0,0.0,0.0,0.2,0.0,0.0
118,bio0_whs1_land4_list1500_bld1000,False,True,4,1500,1000,211.7,6.4,58.0,17.5,85.7,21.8,19.0,15.3,11.5,50.1,52.3,46.3,47.8,34.7,87.9,67.1,21.1,199.0,4.4,6.8,19.9,25.9,0.1,23.9,26.0,45.7,26.6,0.0,0.0,0.0,0.0,0.0,0.0,0.0,0.0,0.0,0.0,0.0,0.0,0.0,0.0,0.0,0.0,0.0,0.0,0.0,0.0,0.0,0.0,0.0,0.0,0.0,0.0,0.0,35.5,0.0,0.0,0.0,0.0,0.0,0.0,0.0,0.0,0.0,0.0,3.2,1.4,12.3,0.0,0.0,0.0,0.0,0.0,0.0,0.2,0.3,0.0,0.0,0.0,0.3,0.3,41.1,0.0,12.3,2.6,39.5,6.8,4.6,7.8,0.0,2.3,1.2,10.5,31.9,14.7,43.2,29.4,0.4,33.2,1.7,2.9,9.0,11.9,0.0,8.8,15.6,22.0,13.3,4.5,0.5,0.7,0.2,4.0,0.6,0.3,0.4,2.6,4.4,6.3,5.8,5.2,3.1,17.2,16.8,6.4,93.1,1.3,1.1,4.8,8.2,0.0,8.9,7.3,15.2,7.9,108.2,5.8,37.1,11.9,34.0,11.6,11.8,5.5,8.4,36.8,37.9,23.0,9.3,4.5,27.4,20.5,13.9,70.0,1.3,2.8,5.8,4.6,0.0,6.1,3.0,8.1,5.1,0.3,22.1,0.0,0.0,0.3,7.6,0.1,2.8,0.1,8.2,0.1,2.8,0.1,2.3,0.0,1.5,0.0,0.4,0.1,6.4,0.1,6.8,0.1,3.7,0.0,0.0,0.0,0.0,0.0,0.1,0.0,0.3,0.0,0.3,0.0,2.6,0.0,0.0,0.0,0.0,0.0,0.0,0.0,0.9,0.0,0.0,0.0,0.1,0.0,0.0,0.0,0.0,0.0,0.0
119,bio0_whs1_land4_list1500_bld1250,False,True,4,1500,1250,211.7,6.4,58.0,17.5,85.7,21.8,19.0,15.3,11.5,50.1,52.3,46.3,47.8,34.7,87.9,67.1,21.1,199.0,4.4,6.8,19.9,25.9,0.1,23.9,26.0,45.7,26.6,0.0,0.0,0.0,0.0,0.0,0.0,0.0,0.0,0.0,0.0,0.0,0.0,0.0,0.0,0.0,0.0,0.0,0.0,0.0,0.0,0.0,0.0,0.0,0.0,0.0,0.0,0.0,35.5,0.0,0.0,0.0,0.0,0.0,0.0,0.0,0.0,0.0,0.0,3.2,1.4,12.3,0.0,0.0,0.0,0.0,0.0,0.0,0.2,0.3,0.0,0.0,0.0,0.3,0.3,41.1,0.0,12.3,2.6,39.5,6.8,4.6,7.8,0.0,2.3,1.2,10.5,31.9,14.7,43.2,29.4,0.4,33.2,1.7,2.9,9.0,11.9,0.0,8.8,15.6,22.0,13.3,4.5,0.5,0.7,0.2,4.0,0.6,0.3,0.4,2.6,4.4,6.3,5.8,5.2,3.1,17.2,16.8,6.4,93.1,1.3,1.1,4.8,8.2,0.0,8.9,7.3,15.2,7.9,118.6,5.9,40.9,13.4,37.5,12.8,13.0,6.3,8.6,39.9,41.1,24.5,9.3,4.5,27.5,20.7,14.1,71.5,1.3,2.8,5.8,4.9,0.0,6.2,3.0,8.2,5.1,0.2,11.9,0.0,0.0,0.1,3.9,0.0,1.3,0.1,4.7,0.0,1.5,0.0,1.1,0.0,0.7,0.0,0.2,0.0,3.4,0.1,3.7,0.0,2.2,0.0,0.0,0.0,0.0,0.0,0.0,0.0,0.1,0.0,0.2,0.0,1.1,0.0,0.0,0.0,0.0,0.0,0.0,0.0,0.5,0.0,0.0,0.0,0.0,0.0,0.0,0.0,0.0,0.0,0.0
120,bio1_whs0_land1_list500_bld250,True,False,1,500,250,211.7,6.4,58.0,17.5,85.7,21.8,19.0,15.3,11.5,50.1,52.3,46.3,47.8,34.7,87.9,67.1,21.1,199.0,4.4,6.8,19.9,25.9,0.1,23.9,26.0,45.7,26.6,98.7,1.3,18.1,4.8,42.9,4.4,8.7,7.5,2.4,16.7,6.9,11.3,27.4,10.7,31.5,17.1,3.8,32.3,2.2,1.4,4.9,4.9,0.0,8.7,2.1,11.8,6.1,0.0,0.0,0.0,0.0,0.0,0.0,0.0,0.0,0.0,0.0,0.0,0.0,0.0,0.0,0.0,0.0,0.0,0.0,0.0,0.0,0.0,0.0,0.0,0.0,0.0,0.0,0.0,0.0,0.0,0.0,0.0,0.0,0.0,0.0,0.0,0.0,0.0,0.0,0.0,0.0,0.0,0.0,0.0,0.0,0.0,0.0,0.0,0.0,0.0,0.0,0.0,0.0,0.0,0.0,0.2,0.0,0.0,0.0,0.3,0.0,0.0,0.0,0.1,0.2,0.4,0.5,0.6,0.6,1.5,2.0,0.5,9.9,0.1,0.1,0.7,1.5,0.0,1.7,1.9,2.4,1.4,26.1,2.0,8.2,1.6,7.7,3.0,1.5,1.2,3.0,6.4,8.4,7.9,7.6,7.0,26.9,22.9,5.6,87.5,1.3,2.6,6.1,9.7,0.0,8.6,11.6,14.6,9.7,1.7,84.9,0.2,2.9,1.0,30.6,0.1,10.9,0.7,34.1,0.3,14.0,0.3,8.5,0.3,6.3,0.3,5.6,0.7,26.0,0.9,35.7,0.7,25.9,0.5,11.7,0.6,15.7,1.2,26.8,1.2,23.8,0.3,10.9,4.9,64.3,0.1,0.7,0.3,2.3,0.6,7.6,0.6,9.2,0.0,0.0,0.5,4.4,0.8,9.5,1.2,15.6,1.1,8.3
121,bio1_whs0_land1_list500_bld500,True,False,1,500,500,211.7,6.4,58.0,17.5,85.7,21.8,19.0,15.3,11.5,50.1,52.3,46.3,47.8,34.7,87.9,67.1,21.1,199.0,4.4,6.8,19.9,25.9,0.1,23.9,26.0,45.7,26.6,98.7,1.3,18.1,4.8,42.9,4.4,8.7,7.5,2.4,16.7,6.9,11.3,27.4,10.7,31.5,17.1,3.8,32.3,2.2,1.4,4.9,4.9,0.0,8.7,2.1,11.8,6.1,0.0,0.0,0.0,0.0,0.0,0.0,0.0,0.0,0.0,0.0,0.0,0.0,0.0,0.0,0.0,0.0,0.0,0.0,0.0,0.0,0.0,0.0,0.0,0.0,0.0,0.0,0.0,0.0,0.0,0.0,0.0,0.0,0.0,0.0,0.0,0.0,0.0,0.0,0.0,0.0,0.0,0.0,0.0,0.0,0.0,0.0,0.0,0.0,0.0,0.0,0.0,0.0,0.0,0.0,0.2,0.0,0.0,0.0,0.3,0.0,0.0,0.0,0.1,0.2,0.4,0.5,0.6,0.6,1.5,2.0,0.5,9.9,0.1,0.1,0.7,1.5,0.0,1.7,1.9,2.4,1.4,61.2,4.7,18.9,5.1,21.2,7.6,4.3,2.9,7.1,20.1,26.0,22.0,17.2,16.0,49.6,42.9,14.7,146.3,1.9,5.0,11.7,17.6,0.0,13.2,20.1,28.3,17.2,0.9,50.6,0.0,0.3,0.8,20.2,0.1,7.4,0.3,21.0,0.2,9.6,0.2,5.8,0.2,4.7,0.1,1.8,0.4,12.6,0.5,18.4,0.3,12.2,0.1,2.5,0.2,7.1,0.3,5.1,0.3,4.7,0.1,2.0,0.8,9.8,0.0,0.1,0.0,0.2,0.1,2.6,0.1,1.8,0.0,0.0,0.0,0.3,0.1,1.7,0.2,2.9,0.1,1.8
122,bio1_whs0_land1_list500_bld750,True,False,1,500,750,211.7,6.4,58.0,17.5,85.7,21.8,19.0,15.3,11.5,50.1,52.3,46.3,47.8,34.7,87.9,67.1,21.1,199.0,4.4,6.8,19.9,25.9,0.1,23.9,26.0,45.7,26.6,98.7,1.3,18.1,4.8,42.9,4.4,8.7,7.5,2.4,16.7,6.9,11.3,27.4,10.7,31.5,17.1,3.8,32.3,2.2,1.4,4.9,4.9,0.0,8.7,2.1,11.8,6.1,0.0,0.0,0.0,0.0,0.0,0.0,0.0,0.0,0.0,0.0,0.0,0.0,0.0,0.0,0.0,0.0,0.0,0.0,0.0,0.0,0.0,0.0,0.0,0.0,0.0,0.0,0.0,0.0,0.0,0.0,0.0,0.0,0.0,0.0,0.0,0.0,0.0,0.0,0.0,0.0,0.0,0.0,0.0,0.0,0.0,0.0,0.0,0.0,0.0,0.0,0.0,0.0,0.0,0.0,0.2,0.0,0.0,0.0,0.3,0.0,0.0,0.0,0.1,0.2,0.4,0.5,0.6,0.6,1.5,2.0,0.5,9.9,0.1,0.1,0.7,1.5,0.0,1.7,1.9,2.4,1.4,82.1,5.1,27.4,8.1,29.0,11.1,6.6,4.4,8.1,26.5,35.2,28.1,19.2,19.8,53.8,47.0,16.6,154.0,2.0,5.2,13.1,19.2,0.0,13.5,21.7,31.0,18.3,0.4,30.2,0.0,0.0,0.5,12.0,0.1,4.5,0.2,13.4,0.1,6.2,0.1,3.6,0.1,3.3,0.0,0.8,0.1,6.4,0.2,9.5,0.1,6.3,0.0,0.7,0.1,3.5,0.0,1.1,0.1,0.9,0.0,0.2,0.1,2.7,0.0,0.0,0.0,0.0,0.0,1.2,0.0,0.3,0.0,0.0,0.0,0.0,0.0,0.2,0.0,0.3,0.0,0.8
123,bio1_whs0_land1_list500_bld1000,True,False,1,500,1000,211.7,6.4,58.0,17.5,85.7,21.8,19.0,15.3,11.5,50.1,52.3,46.3,47.8,34.7,87.9,67.1,21.1,199.0,4.4,6.8,19.9,25.9,0.1,23.9,26.0,45.7,26.6,98.7,1.3,18.1,4.8,42.9,4.4,8.7,7.5,2.4,16.7,6.9,11.3,27.4,10.7,31.5,17.1,3.8,32.3,2.2,1.4,4.9,4.9,0.0,8.7,2.1,11.8,6.1,0.0,0.0,0.0,0.0,0.0,0.0,0.0,0.0,0.0,0.0,0.0,0.0,0.0,0.0,0.0,0.0,0.0,0.0,0.0,0.0,0.0,0.0,0.0,0.0,0.0,0.0,0.0,0.0,0.0,0.0,0.0,0.0,0.0,0.0,0.0,0.0,0.0,0.0,0.0,0.0,0.0,0.0,0.0,0.0,0.0,0.0,0.0,0.0,0.0,0.0,0.0,0.0,0.0,0.0,0.2,0.0,0.0,0.0,0.3,0.0,0.0,0.0,0.1,0.2,0.4,0.5,0.6,0.6,1.5,2.0,0.5,9.9,0.1,0.1,0.7,1.5,0.0,1.7,1.9,2.4,1.4,95.2,5.1,33.3,10.2,34.4,13.7,8.3,5.6,8.5,29.7,39.9,31.2,19.6,21.7,54.6,47.7,16.8,155.6,2.0,5.2,13.7,19.5,0.0,13.5,21.9,31.4,18.7,0.2,17.3,0.0,0.0,0.3,6.4,0.0,2.4,0.1,8.0,0.1,3.5,0.1,2.0,0.1,2.2,0.0,0.4,0.1,3.3,0.1,5.0,0.1,3.2,0.0,0.3,0.1,1.6,0.0,0.3,0.0,0.2,0.0,0.0,0.0,1.1,0.0,0.0,0.0,0.0,0.0,0.6,0.0,0.0,0.0,0.0,0.0,0.0,0.0,0.0,0.0,0.0,0.0,0.4
124,bio1_whs0_land1_list500_bld1250,True,False,1,500,1250,211.7,6.4,58.0,17.5,85.7,21.8,19.0,15.3,11.5,50.1,52.3,46.3,47.8,34.7,87.9,67.1,21.1,199.0,4.4,6.8,19.9,25.9,0.1,23.9,26.0,45.7,26.6,98.7,1.3,18.1,4.8,42.9,4.4,8.7,7.5,2.4,16.7,6.9,11.3,27.4,10.7,31.5,17.1,3.8,32.3,2.2,1.4,4.9,4.9,0.0,8.7,2.1,11.8,6.1,0.0,0.0,0.0,0.0,0.0,0.0,0.0,0.0,0.0,0.0,0.0,0.0,0.0,0.0,0.0,0.0,0.0,0.0,0.0,0.0,0.0,0.0,0.0,0.0,0.0,0.0,0.0,0.0,0.0,0.0,0.0,0.0,0.0,0.0,0.0,0.0,0.0,0.0,0.0,0.0,0.0,0.0,0.0,0.0,0.0,0.0,0.0,0.0,0.0,0.0,0.0,0.0,0.0,0.0,0.2,0.0,0.0,0.0,0.3,0.0,0.0,0.0,0.1,0.2,0.4,0.5,0.6,0.6,1.5,2.0,0.5,9.9,0.1,0.1,0.7,1.5,0.0,1.7,1.9,2.4,1.4,103.1,5.1,36.6,11.5,38.0,15.4,9.3,6.6,8.7,31.4,42.4,32.9,19.8,22.7,54.9,47.9,16.8,156.2,2.0,5.2,14.1,19.5,0.0,13.5,21.9,31.4,19.0,0.1,9.5,0.0,0.0,0.1,3.2,0.0,1.1,0.1,4.5,0.0,1.9,0.0,1.0,0.0,1.2,0.0,0.2,0.0,1.6,0.1,2.4,0.0,1.6,0.0,0.1,0.0,0.7,0.0,0.1,0.0,0.1,0.0,0.0,0.0,0.5,0.0,0.0,0.0,0.0,0.0,0.3,0.0,0.0,0.0,0.0,0.0,0.0,0.0,0.0,0.0,0.0,0.0,0.1
125,bio1_whs0_land1_list1000_bld250,True,False,1,1000,250,211.7,6.4,58.0,17.5,85.7,21.8,19.0,15.3,11.5,50.1,52.3,46.3,47.8,34.7,87.9,67.1,21.1,199.0,4.4,6.8,19.9,25.9,0.1,23.9,26.0,45.7,26.6,98.7,1.3,18.1,4.8,42.9,4.4,8.7,7.5,2.4,16.7,6.9,11.3,27.4,10.7,31.5,17.1,3.8,32.3,2.2,1.4,4.9,4.9,0.0,8.7,2.1,11.8,6.1,0.0,0.0,0.0,0.0,0.0,0.0,0.0,0.0,0.0,0.0,0.0,0.0,0.0,0.0,0.0,0.0,0.0,0.0,0.0,0.0,0.0,0.0,0.0,0.0,0.0,0.0,0.0,0.0,0.0,0.0,0.0,0.0,0.0,0.0,0.0,0.0,0.0,0.0,0.0,0.0,0.0,0.0,0.0,0.0,0.0,0.0,0.0,0.0,0.0,0.0,0.0,0.0,0.0,0.0,1.3,0.1,0.2,0.1,1.5,0.2,0.1,0.2,0.7,1.6,2.5,2.7,3.1,3.0,9.3,11.6,3.1,52.9,0.5,0.7,3.1,7.6,0.0,7.1,9.0,12.1,6.1,25.7,1.9,8.2,1.6,7.3,2.9,1.5,1.2,2.8,6.1,7.8,7.1,6.5,6.0,22.6,17.7,4.3,60.7,1.0,2.3,4.8,6.2,0.0,5.2,7.5,9.4,7.0,1.7,84.3,0.2,2.9,1.0,30.5,0.1,10.8,0.7,33.3,0.3,13.9,0.3,8.5,0.3,6.2,0.3,5.3,0.6,25.1,0.8,34.3,0.7,24.5,0.5,10.4,0.6,14.4,1.0,23.6,1.0,19.7,0.2,9.7,3.9,49.2,0.1,0.6,0.3,2.1,0.5,6.6,0.4,6.7,0.0,0.0,0.4,2.6,0.6,6.7,0.9,11.5,0.8,6.5
126,bio1_whs0_land1_list1000_bld500,True,False,1,1000,500,211.7,6.4,58.0,17.5,85.7,21.8,19.0,15.3,11.5,50.1,52.3,46.3,47.8,34.7,87.9,67.1,21.1,199.0,4.4,6.8,19.9,25.9,0.1,23.9,26.0,45.7,26.6,98.7,1.3,18.1,4.8,42.9,4.4,8.7,7.5,2.4,16.7,6.9,11.3,27.4,10.7,31.5,17.1,3.8,32.3,2.2,1.4,4.9,4.9,0.0,8.7,2.1,11.8,6.1,0.0,0.0,0.0,0.0,0.0,0.0,0.0,0.0,0.0,0.0,0.0,0.0,0.0,0.0,0.0,0.0,0.0,0.0,0.0,0.0,0.0,0.0,0.0,0.0,0.0,0.0,0.0,0.0,0.0,0.0,0.0,0.0,0.0,0.0,0.0,0.0,0.0,0.0,0.0,0.0,0.0,0.0,0.0,0.0,0.0,0.0,0.0,0.0,0.0,0.0,0.0,0.0,0.0,0.0,1.3,0.1,0.2,0.1,1.5,0.2,0.1,0.2,0.7,1.6,2.5,2.7,3.1,3.0,9.3,11.6,3.1,52.9,0.5,0.7,3.1,7.6,0.0,7.1,9.0,12.1,6.1,60.2,4.6,18.8,5.0,20.1,7.4,4.3,2.8,6.5,19.0,24.3,20.0,14.8,13.8,42.1,33.9,12.2,104.1,1.6,4.5,9.3,11.8,0.0,7.9,13.3,19.0,12.6,0.9,50.6,0.0,0.3,0.8,20.2,0.1,7.4,0.3,20.9,0.2,9.6,0.2,5.8,0.2,4.6,0.1,1.7,0.3,12.4,0.5,18.1,0.3,12.0,0.1,2.4,0.2,6.9,0.3,4.8,0.3,4.3,0.1,1.9,0.7,9.0,0.0,0.1,0.0,0.1,0.1,2.5,0.1,1.5,0.0,0.0,0.0,0.2,0.1,1.4,0.2,2.6,0.1,1.7
127,bio1_whs0_land1_list1000_bld750,True,False,1,1000,750,211.7,6.4,58.0,17.5,85.7,21.8,19.0,15.3,11.5,50.1,52.3,46.3,47.8,34.7,87.9,67.1,21.1,199.0,4.4,6.8,19.9,25.9,0.1,23.9,26.0,45.7,26.6,98.7,1.3,18.1,4.8,42.9,4.4,8.7,7.5,2.4,16.7,6.9,11.3,27.4,10.7,31.5,17.1,3.8,32.3,2.2,1.4,4.9,4.9,0.0,8.7,2.1,11.8,6.1,0.0,0.0,0.0,0.0,0.0,0.0,0.0,0.0,0.0,0.0,0.0,0.0,0.0,0.0,0.0,0.0,0.0,0.0,0.0,0.0,0.0,0.0,0.0,0.0,0.0,0.0,0.0,0.0,0.0,0.0,0.0,0.0,0.0,0.0,0.0,0.0,0.0,0.0,0.0,0.0,0.0,0.0,0.0,0.0,0.0,0.0,0.0,0.0,0.0,0.0,0.0,0.0,0.0,0.0,1.3,0.1,0.2,0.1,1.5,0.2,0.1,0.2,0.7,1.6,2.5,2.7,3.1,3.0,9.3,11.6,3.1,52.9,0.5,0.7,3.1,7.6,0.0,7.1,9.0,12.1,6.1,81.0,4.9,27.3,8.0,27.8,10.9,6.5,4.2,7.5,25.3,33.2,25.9,16.7,17.4,46.1,37.5,14.0,111.0,1.6,4.7,10.7,13.1,0.0,8.1,14.6,21.3,13.5,0.4,30.2,0.0,0.0,0.5,12.0,0.1,4.4,0.2,13.4,0.1,6.1,0.1,3.6,0.1,3.3,0.0,0.8,0.1,6.4,0.2,9.4,0.1,6.3,0.0,0.7,0.1,3.5,0.0,1.1,0.1,0.9,0.0,0.2,0.1,2.7,0.0,0.0,0.0,0.0,0.0,1.2,0.0,0.3,0.0,0.0,0.0,0.0,0.0,0.2,0.0,0.3,0.0,0.8
128,bio1_whs0_land1_list1000_bld1000,True,False,1,1000,1000,211.7,6.4,58.0,17.5,85.7,21.8,19.0,15.3,11.5,50.1,52.3,46.3,47.8,34.7,87.9,67.1,21.1,199.0,4.4,6.8,19.9,25.9,0.1,23.9,26.0,45.7,26.6,98.7,1.3,18.1,4.8,42.9,4.4,8.7,7.5,2.4,16.7,6.9,11.3,27.4,10.7,31.5,17.1,3.8,32.3,2.2,1.4,4.9,4.9,0.0,8.7,2.1,11.8,6.1,0.0,0.0,0.0,0.0,0.0,0.0,0.0,0.0,0.0,0.0,0.0,0.0,0.0,0.0,0.0,0.0,0.0,0.0,0.0,0.0,0.0,0.0,0.0,0.0,0.0,0.0,0.0,0.0,0.0,0.0,0.0,0.0,0.0,0.0,0.0,0.0,0.0,0.0,0.0,0.0,0.0,0.0,0.0,0.0,0.0,0.0,0.0,0.0,0.0,0.0,0.0,0.0,0.0,0.0,1.3,0.1,0.2,0.1,1.5,0.2,0.1,0.2,0.7,1.6,2.5,2.7,3.1,3.0,9.3,11.6,3.1,52.9,0.5,0.7,3.1,7.6,0.0,7.1,9.0,12.1,6.1,94.1,5.0,33.1,10.1,33.2,13.5,8.2,5.4,7.9,28.4,37.8,28.9,17.1,19.3,46.9,38.2,14.2,112.6,1.7,4.7,11.3,13.3,0.0,8.1,14.8,21.7,14.0,0.2,17.3,0.0,0.0,0.3,6.4,0.0,2.4,0.1,8.0,0.1,3.5,0.1,2.0,0.1,2.2,0.0,0.4,0.1,3.3,0.1,5.0,0.1,3.2,0.0,0.3,0.1,1.6,0.0,0.3,0.0,0.2,0.0,0.0,0.0,1.1,0.0,0.0,0.0,0.0,0.0,0.6,0.0,0.0,0.0,0.0,0.0,0.0,0.0,0.0,0.0,0.0,0.0,0.4
129,bio1_whs0_land1_list1000_bld1250,True,False,1,1000,1250,211.7,6.4,58.0,17.5,85.7,21.8,19.0,15.3,11.5,50.1,52.3,46.3,47.8,34.7,87.9,67.1,21.1,199.0,4.4,6.8,19.9,25.9,0.1,23.9,26.0,45.7,26.6,98.7,1.3,18.1,4.8,42.9,4.4,8.7,7.5,2.4,16.7,6.9,11.3,27.4,10.7,31.5,17.1,3.8,32.3,2.2,1.4,4.9,4.9,0.0,8.7,2.1,11.8,6.1,0.0,0.0,0.0,0.0,0.0,0.0,0.0,0.0,0.0,0.0,0.0,0.0,0.0,0.0,0.0,0.0,0.0,0.0,0.0,0.0,0.0,0.0,0.0,0.0,0.0,0.0,0.0,0.0,0.0,0.0,0.0,0.0,0.0,0.0,0.0,0.0,0.0,0.0,0.0,0.0,0.0,0.0,0.0,0.0,0.0,0.0,0.0,0.0,0.0,0.0,0.0,0.0,0.0,0.0,1.3,0.1,0.2,0.1,1.5,0.2,0.1,0.2,0.7,1.6,2.5,2.7,3.1,3.0,9.3,11.6,3.1,52.9,0.5,0.7,3.1,7.6,0.0,7.1,9.0,12.1,6.1,102.0,5.0,36.4,11.4,36.8,15.2,9.2,6.5,8.1,30.1,40.4,30.6,17.2,20.3,47.1,38.4,14.2,113.2,1.7,4.7,11.6,13.4,0.0,8.1,14.8,21.7,14.2,0.1,9.5,0.0,0.0,0.1,3.2,0.0,1.1,0.1,4.5,0.0,1.9,0.0,1.0,0.0,1.2,0.0,0.2,0.0,1.6,0.1,2.4,0.0,1.6,0.0,0.1,0.0,0.7,0.0,0.1,0.0,0.1,0.0,0.0,0.0,0.5,0.0,0.0,0.0,0.0,0.0,0.3,0.0,0.0,0.0,0.0,0.0,0.0,0.0,0.0,0.0,0.0,0.0,0.1
130,bio1_whs0_land1_list1500_bld250,True,False,1,1500,250,211.7,6.4,58.0,17.5,85.7,21.8,19.0,15.3,11.5,50.1,52.3,46.3,47.8,34.7,87.9,67.1,21.1,199.0,4.4,6.8,19.9,25.9,0.1,23.9,26.0,45.7,26.6,98.7,1.3,18.1,4.8,42.9,4.4,8.7,7.5,2.4,16.7,6.9,11.3,27.4,10.7,31.5,17.1,3.8,32.3,2.2,1.4,4.9,4.9,0.0,8.7,2.1,11.8,6.1,0.0,0.0,0.0,0.0,0.0,0.0,0.0,0.0,0.0,0.0,0.0,0.0,0.0,0.0,0.0,0.0,0.0,0.0,0.0,0.0,0.0,0.0,0.0,0.0,0.0,0.0,0.0,0.0,0.0,0.0,0.0,0.0,0.0,0.0,0.0,0.0,0.0,0.0,0.0,0.0,0.0,0.0,0.0,0.0,0.0,0.0,0.0,0.0,0.0,0.0,0.0,0.0,0.0,0.0,3.3,0.3,0.5,0.2,3.6,0.6,0.2,0.5,1.7,3.8,5.9,6.3,6.7,6.2,20.6,23.6,6.2,99.9,1.0,1.5,5.8,14.1,0.0,11.6,16.6,22.1,11.2,25.0,1.9,8.1,1.6,6.6,2.8,1.5,1.1,2.4,5.5,6.8,6.0,5.0,4.7,16.6,11.5,3.0,32.6,0.7,1.9,3.3,2.9,0.0,2.3,3.5,4.6,4.2,1.6,83.0,0.1,2.8,1.0,30.3,0.1,10.7,0.6,32.0,0.3,13.7,0.3,8.4,0.3,6.0,0.2,4.7,0.6,23.5,0.7,31.9,0.6,22.2,0.4,8.4,0.5,12.6,0.8,18.4,0.7,14.1,0.2,7.9,2.5,31.7,0.1,0.4,0.2,1.8,0.4,5.5,0.2,3.8,0.0,0.0,0.2,1.1,0.3,3.3,0.5,6.6,0.5,4.6
131,bio1_whs0_land1_list1500_bld500,True,False,1,1500,500,211.7,6.4,58.0,17.5,85.7,21.8,19.0,15.3,11.5,50.1,52.3,46.3,47.8,34.7,87.9,67.1,21.1,199.0,4.4,6.8,19.9,25.9,0.1,23.9,26.0,45.7,26.6,98.7,1.3,18.1,4.8,42.9,4.4,8.7,7.5,2.4,16.7,6.9,11.3,27.4,10.7,31.5,17.1,3.8,32.3,2.2,1.4,4.9,4.9,0.0,8.7,2.1,11.8,6.1,0.0,0.0,0.0,0.0,0.0,0.0,0.0,0.0,0.0,0.0,0.0,0.0,0.0,0.0,0.0,0.0,0.0,0.0,0.0,0.0,0.0,0.0,0.0,0.0,0.0,0.0,0.0,0.0,0.0,0.0,0.0,0.0,0.0,0.0,0.0,0.0,0.0,0.0,0.0,0.0,0.0,0.0,0.0,0.0,0.0,0.0,0.0,0.0,0.0,0.0,0.0,0.0,0.0,0.0,3.3,0.3,0.5,0.2,3.6,0.6,0.2,0.5,1.7,3.8,5.9,6.3,6.7,6.2,20.6,23.6,6.2,99.9,1.0,1.5,5.8,14.1,0.0,11.6,16.6,22.1,11.2,58.5,4.4,18.6,5.0,18.3,7.1,4.2,2.7,5.6,17.2,21.6,17.0,11.5,11.1,31.5,22.8,9.3,58.7,1.1,3.7,6.8,5.9,0.0,3.5,6.3,9.9,7.8,0.9,50.3,0.0,0.3,0.8,20.0,0.1,7.4,0.3,20.5,0.2,9.5,0.2,5.7,0.2,4.5,0.1,1.6,0.3,12.0,0.5,17.4,0.3,11.5,0.1,2.2,0.2,6.5,0.2,4.2,0.2,3.3,0.1,1.7,0.5,7.5,0.0,0.1,0.0,0.1,0.1,2.3,0.1,1.0,0.0,0.0,0.0,0.1,0.0,0.8,0.1,1.7,0.1,1.5
132,bio1_whs0_land1_list1500_bld750,True,False,1,1500,750,211.7,6.4,58.0,17.5,85.7,21.8,19.0,15.3,11.5,50.1,52.3,46.3,47.8,34.7,87.9,67.1,21.1,199.0,4.4,6.8,19.9,25.9,0.1,23.9,26.0,45.7,26.6,98.7,1.3,18.1,4.8,42.9,4.4,8.7,7.5,2.4,16.7,6.9,11.3,27.4,10.7,31.5,17.1,3.8,32.3,2.2,1.4,4.9,4.9,0.0,8.7,2.1,11.8,6.1,0.0,0.0,0.0,0.0,0.0,0.0,0.0,0.0,0.0,0.0,0.0,0.0,0.0,0.0,0.0,0.0,0.0,0.0,0.0,0.0,0.0,0.0,0.0,0.0,0.0,0.0,0.0,0.0,0.0,0.0,0.0,0.0,0.0,0.0,0.0,0.0,0.0,0.0,0.0,0.0,0.0,0.0,0.0,0.0,0.0,0.0,0.0,0.0,0.0,0.0,0.0,0.0,0.0,0.0,3.3,0.3,0.5,0.2,3.6,0.6,0.2,0.5,1.7,3.8,5.9,6.3,6.7,6.2,20.6,23.6,6.2,99.9,1.0,1.5,5.8,14.1,0.0,11.6,16.6,22.1,11.2,79.0,4.7,27.0,8.0,25.8,10.5,6.4,4.0,6.5,23.1,30.0,22.5,13.1,14.4,34.8,25.5,10.9,64.0,1.1,3.8,8.0,6.7,0.0,3.6,7.0,11.4,8.5,0.4,30.1,0.0,0.0,0.5,11.9,0.1,4.4,0.2,13.2,0.1,6.1,0.1,3.6,0.1,3.3,0.0,0.8,0.1,6.3,0.2,9.2,0.1,6.1,0.0,0.6,0.1,3.3,0.0,1.0,0.0,0.8,0.0,0.2,0.1,2.6,0.0,0.0,0.0,0.0,0.0,1.2,0.0,0.2,0.0,0.0,0.0,0.0,0.0,0.2,0.0,0.2,0.0,0.8
133,bio1_whs0_land1_list1500_bld1000,True,False,1,1500,1000,211.7,6.4,58.0,17.5,85.7,21.8,19.0,15.3,11.5,50.1,52.3,46.3,47.8,34.7,87.9,67.1,21.1,199.0,4.4,6.8,19.9,25.9,0.1,23.9,26.0,45.7,26.6,98.7,1.3,18.1,4.8,42.9,4.4,8.7,7.5,2.4,16.7,6.9,11.3,27.4,10.7,31.5,17.1,3.8,32.3,2.2,1.4,4.9,4.9,0.0,8.7,2.1,11.8,6.1,0.0,0.0,0.0,0.0,0.0,0.0,0.0,0.0,0.0,0.0,0.0,0.0,0.0,0.0,0.0,0.0,0.0,0.0,0.0,0.0,0.0,0.0,0.0,0.0,0.0,0.0,0.0,0.0,0.0,0.0,0.0,0.0,0.0,0.0,0.0,0.0,0.0,0.0,0.0,0.0,0.0,0.0,0.0,0.0,0.0,0.0,0.0,0.0,0.0,0.0,0.0,0.0,0.0,0.0,3.3,0.3,0.5,0.2,3.6,0.6,0.2,0.5,1.7,3.8,5.9,6.3,6.7,6.2,20.6,23.6,6.2,99.9,1.0,1.5,5.8,14.1,0.0,11.6,16.6,22.1,11.2,92.1,4.8,32.8,10.0,31.1,13.2,8.1,5.2,6.9,26.2,34.4,25.4,13.5,16.2,35.5,26.1,11.1,65.6,1.1,3.8,8.6,6.9,0.0,3.6,7.2,11.7,9.0,0.2,17.3,0.0,0.0,0.3,6.4,0.0,2.4,0.1,7.9,0.1,3.5,0.1,2.0,0.1,2.1,0.0,0.4,0.1,3.3,0.1,4.9,0.1,3.2,0.0,0.2,0.1,1.6,0.0,0.3,0.0,0.2,0.0,0.0,0.0,1.1,0.0,0.0,0.0,0.0,0.0,0.6,0.0,0.0,0.0,0.0,0.0,0.0,0.0,0.0,0.0,0.0,0.0,0.4
134,bio1_whs0_land1_list1500_bld1250,True,False,1,1500,1250,211.7,6.4,58.0,17.5,85.7,21.8,19.0,15.3,11.5,50.1,52.3,46.3,47.8,34.7,87.9,67.1,21.1,199.0,4.4,6.8,19.9,25.9,0.1,23.9,26.0,45.7,26.6,98.7,1.3,18.1,4.8,42.9,4.4,8.7,7.5,2.4,16.7,6.9,11.3,27.4,10.7,31.5,17.1,3.8,32.3,2.2,1.4,4.9,4.9,0.0,8.7,2.1,11.8,6.1,0.0,0.0,0.0,0.0,0.0,0.0,0.0,0.0,0.0,0.0,0.0,0.0,0.0,0.0,0.0,0.0,0.0,0.0,0.0,0.0,0.0,0.0,0.0,0.0,0.0,0.0,0.0,0.0,0.0,0.0,0.0,0.0,0.0,0.0,0.0,0.0,0.0,0.0,0.0,0.0,0.0,0.0,0.0,0.0,0.0,0.0,0.0,0.0,0.0,0.0,0.0,0.0,0.0,0.0,3.3,0.3,0.5,0.2,3.6,0.6,0.2,0.5,1.7,3.8,5.9,6.3,6.7,6.2,20.6,23.6,6.2,99.9,1.0,1.5,5.8,14.1,0.0,11.6,16.6,22.1,11.2,100.0,4.8,36.1,11.3,34.7,14.8,9.1,6.2,7.1,27.8,37.0,27.1,13.6,17.1,35.8,26.3,11.1,66.2,1.2,3.8,9.0,6.9,0.0,3.6,7.2,11.7,9.2,0.1,9.5,0.0,0.0,0.1,3.2,0.0,1.1,0.1,4.4,0.0,1.9,0.0,1.0,0.0,1.2,0.0,0.2,0.0,1.6,0.1,2.4,0.0,1.6,0.0,0.1,0.0,0.7,0.0,0.1,0.0,0.1,0.0,0.0,0.0,0.5,0.0,0.0,0.0,0.0,0.0,0.3,0.0,0.0,0.0,0.0,0.0,0.0,0.0,0.0,0.0,0.0,0.0,0.1
135,bio1_whs0_land2_list500_bld250,True,False,2,500,250,211.7,6.4,58.0,17.5,85.7,21.8,19.0,15.3,11.5,50.1,52.3,46.3,47.8,34.7,87.9,67.1,21.1,199.0,4.4,6.8,19.9,25.9,0.1,23.9,26.0,45.7,26.6,98.7,1.3,18.1,4.8,42.9,4.4,8.7,7.5,2.4,16.7,6.9,11.3,27.4,10.7,31.5,17.1,3.8,32.3,2.2,1.4,4.9,4.9,0.0,8.7,2.1,11.8,6.1,0.0,0.0,0.0,0.0,0.0,0.0,0.0,0.0,0.0,0.0,0.0,0.0,0.0,0.0,0.0,0.0,0.0,0.0,0.0,0.0,0.0,0.0,0.0,0.0,0.0,0.0,0.0,6.2,0.0,0.0,0.0,7.5,2.9,0.0,3.8,0.0,0.0,0.3,8.5,0.9,15.3,9.3,6.0,0.0,3.9,0.2,1.6,5.1,0.0,0.0,0.0,3.8,4.3,3.9,0.2,0.0,0.0,0.0,0.2,0.0,0.0,0.0,0.1,0.2,0.4,0.4,0.6,0.3,1.5,1.9,0.5,9.8,0.1,0.1,0.6,1.5,0.0,1.7,1.7,2.2,1.2,25.3,2.0,8.2,1.6,7.2,2.5,1.5,0.6,3.0,6.4,8.4,6.7,7.4,3.7,24.2,20.6,5.6,86.5,1.2,1.8,5.1,9.7,0.0,8.6,10.3,13.3,8.9,1.6,79.6,0.2,2.9,1.0,30.6,0.1,10.9,0.6,27.2,0.2,11.7,0.3,8.5,0.1,3.3,0.3,5.6,0.7,26.0,0.8,35.4,0.6,18.8,0.5,11.1,0.3,4.4,1.0,20.5,1.1,20.5,0.3,10.9,4.8,61.7,0.1,0.6,0.2,1.5,0.5,3.8,0.6,9.2,0.0,0.0,0.5,4.4,0.7,7.3,1.1,13.0,1.0,5.4
136,bio1_whs0_land2_list500_bld500,True,False,2,500,500,211.7,6.4,58.0,17.5,85.7,21.8,19.0,15.3,11.5,50.1,52.3,46.3,47.8,34.7,87.9,67.1,21.1,199.0,4.4,6.8,19.9,25.9,0.1,23.9,26.0,45.7,26.6,98.7,1.3,18.1,4.8,42.9,4.4,8.7,7.5,2.4,16.7,6.9,11.3,27.4,10.7,31.5,17.1,3.8,32.3,2.2,1.4,4.9,4.9,0.0,8.7,2.1,11.8,6.1,0.0,0.0,0.0,0.0,0.0,0.0,0.0,0.0,0.0,0.0,0.0,0.0,0.0,0.0,0.0,0.0,0.0,0.0,0.0,0.0,0.0,0.0,0.0,0.0,0.0,0.0,0.0,6.2,0.0,0.0,0.0,7.5,2.9,0.0,3.8,0.0,0.0,0.3,8.5,0.9,15.3,9.3,6.0,0.0,3.9,0.2,1.6,5.1,0.0,0.0,0.0,3.8,4.3,3.9,0.2,0.0,0.0,0.0,0.2,0.0,0.0,0.0,0.1,0.2,0.4,0.4,0.6,0.3,1.5,1.9,0.5,9.8,0.1,0.1,0.6,1.5,0.0,1.7,1.7,2.2,1.2,58.7,4.7,18.9,5.1,19.3,6.4,4.3,1.7,7.1,20.1,25.9,18.1,16.7,7.5,42.9,38.6,14.7,143.8,1.8,3.5,8.9,17.6,0.0,13.2,17.2,24.8,15.0,0.8,47.0,0.0,0.3,0.8,20.2,0.1,7.4,0.3,15.4,0.1,7.9,0.2,5.8,0.1,2.3,0.1,1.8,0.4,12.6,0.5,18.3,0.3,7.6,0.1,2.3,0.0,0.8,0.2,2.6,0.2,3.4,0.1,2.0,0.7,8.5,0.0,0.0,0.0,0.1,0.1,0.4,0.1,1.8,0.0,0.0,0.0,0.3,0.1,1.1,0.2,2.4,0.1,0.3
137,bio1_whs0_land2_list500_bld750,True,False,2,500,750,211.7,6.4,58.0,17.5,85.7,21.8,19.0,15.3,11.5,50.1,52.3,46.3,47.8,34.7,87.9,67.1,21.1,199.0,4.4,6.8,19.9,25.9,0.1,23.9,26.0,45.7,26.6,98.7,1.3,18.1,4.8,42.9,4.4,8.7,7.5,2.4,16.7,6.9,11.3,27.4,10.7,31.5,17.1,3.8,32.3,2.2,1.4,4.9,4.9,0.0,8.7,2.1,11.8,6.1,0.0,0.0,0.0,0.0,0.0,0.0,0.0,0.0,0.0,0.0,0.0,0.0,0.0,0.0,0.0,0.0,0.0,0.0,0.0,0.0,0.0,0.0,0.0,0.0,0.0,0.0,0.0,6.2,0.0,0.0,0.0,7.5,2.9,0.0,3.8,0.0,0.0,0.3,8.5,0.9,15.3,9.3,6.0,0.0,3.9,0.2,1.6,5.1,0.0,0.0,0.0,3.8,4.3,3.9,0.2,0.0,0.0,0.0,0.2,0.0,0.0,0.0,0.1,0.2,0.4,0.4,0.6,0.3,1.5,1.9,0.5,9.8,0.1,0.1,0.6,1.5,0.0,1.7,1.7,2.2,1.2,78.2,5.1,27.4,8.1,25.4,9.3,6.6,2.5,8.1,26.5,35.0,22.2,18.4,8.2,45.3,41.7,16.6,150.8,1.8,3.6,9.3,19.2,0.0,13.5,18.3,27.1,15.3,0.4,27.9,0.0,0.0,0.5,12.0,0.1,4.5,0.1,9.5,0.1,5.1,0.1,3.6,0.0,1.6,0.0,0.8,0.1,6.4,0.2,9.4,0.1,3.7,0.0,0.6,0.0,0.2,0.0,0.3,0.0,0.4,0.0,0.2,0.1,2.1,0.0,0.0,0.0,0.0,0.0,0.1,0.0,0.3,0.0,0.0,0.0,0.0,0.0,0.1,0.0,0.3,0.0,0.0
138,bio1_whs0_land2_list500_bld1000,True,False,2,500,1000,211.7,6.4,58.0,17.5,85.7,21.8,19.0,15.3,11.5,50.1,52.3,46.3,47.8,34.7,87.9,67.1,21.1,199.0,4.4,6.8,19.9,25.9,0.1,23.9,26.0,45.7,26.6,98.7,1.3,18.1,4.8,42.9,4.4,8.7,7.5,2.4,16.7,6.9,11.3,27.4,10.7,31.5,17.1,3.8,32.3,2.2,1.4,4.9,4.9,0.0,8.7,2.1,11.8,6.1,0.0,0.0,0.0,0.0,0.0,0.0,0.0,0.0,0.0,0.0,0.0,0.0,0.0,0.0,0.0,0.0,0.0,0.0,0.0,0.0,0.0,0.0,0.0,0.0,0.0,0.0,0.0,6.2,0.0,0.0,0.0,7.5,2.9,0.0,3.8,0.0,0.0,0.3,8.5,0.9,15.3,9.3,6.0,0.0,3.9,0.2,1.6,5.1,0.0,0.0,0.0,3.8,4.3,3.9,0.2,0.0,0.0,0.0,0.2,0.0,0.0,0.0,0.1,0.2,0.4,0.4,0.6,0.3,1.5,1.9,0.5,9.8,0.1,0.1,0.6,1.5,0.0,1.7,1.7,2.2,1.2,90.3,5.1,33.3,10.2,29.4,11.5,8.2,3.1,8.5,29.7,39.6,24.0,18.8,8.3,45.6,42.1,16.8,152.1,1.8,3.6,9.4,19.5,0.0,13.5,18.3,27.4,15.3,0.2,16.0,0.0,0.0,0.3,6.4,0.0,2.4,0.1,5.5,0.1,2.9,0.1,2.0,0.0,1.0,0.0,0.4,0.1,3.3,0.1,4.9,0.1,2.0,0.0,0.2,0.0,0.1,0.0,0.1,0.0,0.1,0.0,0.0,0.0,0.8,0.0,0.0,0.0,0.0,0.0,0.0,0.0,0.0,0.0,0.0,0.0,0.0,0.0,0.0,0.0,0.0,0.0,0.0
139,bio1_whs0_land2_list500_bld1250,True,False,2,500,1250,211.7,6.4,58.0,17.5,85.7,21.8,19.0,15.3,11.5,50.1,52.3,46.3,47.8,34.7,87.9,67.1,21.1,199.0,4.4,6.8,19.9,25.9,0.1,23.9,26.0,45.7,26.6,98.7,1.3,18.1,4.8,42.9,4.4,8.7,7.5,2.4,16.7,6.9,11.3,27.4,10.7,31.5,17.1,3.8,32.3,2.2,1.4,4.9,4.9,0.0,8.7,2.1,11.8,6.1,0.0,0.0,0.0,0.0,0.0,0.0,0.0,0.0,0.0,0.0,0.0,0.0,0.0,0.0,0.0,0.0,0.0,0.0,0.0,0.0,0.0,0.0,0.0,0.0,0.0,0.0,0.0,6.2,0.0,0.0,0.0,7.5,2.9,0.0,3.8,0.0,0.0,0.3,8.5,0.9,15.3,9.3,6.0,0.0,3.9,0.2,1.6,5.1,0.0,0.0,0.0,3.8,4.3,3.9,0.2,0.0,0.0,0.0,0.2,0.0,0.0,0.0,0.1,0.2,0.4,0.4,0.6,0.3,1.5,1.9,0.5,9.8,0.1,0.1,0.6,1.5,0.0,1.7,1.7,2.2,1.2,97.6,5.1,36.6,11.5,31.9,12.8,9.2,3.5,8.7,31.4,42.1,24.9,18.9,8.4,45.7,42.2,16.8,152.5,1.8,3.6,9.4,19.5,0.0,13.5,18.3,27.4,15.3,0.1,8.8,0.0,0.0,0.1,3.2,0.0,1.1,0.0,3.1,0.0,1.6,0.0,1.0,0.0,0.5,0.0,0.2,0.0,1.6,0.1,2.4,0.0,1.1,0.0,0.1,0.0,0.0,0.0,0.0,0.0,0.0,0.0,0.0,0.0,0.4,0.0,0.0,0.0,0.0,0.0,0.0,0.0,0.0,0.0,0.0,0.0,0.0,0.0,0.0,0.0,0.0,0.0,0.0
140,bio1_whs0_land2_list1000_bld250,True,False,2,1000,250,211.7,6.4,58.0,17.5,85.7,21.8,19.0,15.3,11.5,50.1,52.3,46.3,47.8,34.7,87.9,67.1,21.1,199.0,4.4,6.8,19.9,25.9,0.1,23.9,26.0,45.7,26.6,98.7,1.3,18.1,4.8,42.9,4.4,8.7,7.5,2.4,16.7,6.9,11.3,27.4,10.7,31.5,17.1,3.8,32.3,2.2,1.4,4.9,4.9,0.0,8.7,2.1,11.8,6.1,0.0,0.0,0.0,0.0,0.0,0.0,0.0,0.0,0.0,0.0,0.0,0.0,0.0,0.0,0.0,0.0,0.0,0.0,0.0,0.0,0.0,0.0,0.0,0.0,0.0,0.0,0.0,6.2,0.0,0.0,0.0,7.5,2.9,0.0,3.8,0.0,0.0,0.3,8.5,0.9,15.3,9.3,6.0,0.0,3.9,0.2,1.6,5.1,0.0,0.0,0.0,3.8,4.3,3.9,1.2,0.1,0.2,0.1,1.4,0.2,0.1,0.1,0.7,1.6,2.5,2.4,3.1,1.7,8.7,10.7,3.1,52.3,0.5,0.4,2.6,7.6,0.0,7.1,7.9,11.1,5.4,24.8,1.9,8.2,1.6,6.7,2.4,1.5,0.6,2.8,6.1,7.7,6.0,6.3,3.0,20.0,15.7,4.3,59.8,0.9,1.7,3.9,6.2,0.0,5.2,6.6,8.4,6.4,1.6,79.1,0.2,2.9,1.0,30.5,0.1,10.8,0.6,26.5,0.2,11.6,0.3,8.4,0.1,3.3,0.3,5.3,0.6,25.1,0.8,34.1,0.6,17.6,0.5,9.8,0.2,3.8,0.9,17.5,0.9,16.8,0.2,9.7,3.8,46.8,0.1,0.4,0.2,1.4,0.4,3.1,0.4,6.7,0.0,0.0,0.4,2.6,0.5,5.0,0.7,9.4,0.8,3.9
141,bio1_whs0_land2_list1000_bld500,True,False,2,1000,500,211.7,6.4,58.0,17.5,85.7,21.8,19.0,15.3,11.5,50.1,52.3,46.3,47.8,34.7,87.9,67.1,21.1,199.0,4.4,6.8,19.9,25.9,0.1,23.9,26.0,45.7,26.6,98.7,1.3,18.1,4.8,42.9,4.4,8.7,7.5,2.4,16.7,6.9,11.3,27.4,10.7,31.5,17.1,3.8,32.3,2.2,1.4,4.9,4.9,0.0,8.7,2.1,11.8,6.1,0.0,0.0,0.0,0.0,0.0,0.0,0.0,0.0,0.0,0.0,0.0,0.0,0.0,0.0,0.0,0.0,0.0,0.0,0.0,0.0,0.0,0.0,0.0,0.0,0.0,0.0,0.0,6.2,0.0,0.0,0.0,7.5,2.9,0.0,3.8,0.0,0.0,0.3,8.5,0.9,15.3,9.3,6.0,0.0,3.9,0.2,1.6,5.1,0.0,0.0,0.0,3.8,4.3,3.9,1.2,0.1,0.2,0.1,1.4,0.2,0.1,0.1,0.7,1.6,2.5,2.4,3.1,1.7,8.7,10.7,3.1,52.3,0.5,0.4,2.6,7.6,0.0,7.1,7.9,11.1,5.4,57.7,4.6,18.8,5.0,18.2,6.2,4.3,1.6,6.5,19.0,24.1,16.4,14.3,6.2,35.9,30.2,12.2,102.1,1.4,3.2,6.9,11.8,0.0,7.9,11.2,16.3,10.8,0.8,46.9,0.0,0.3,0.8,20.2,0.1,7.4,0.3,15.3,0.1,7.9,0.2,5.8,0.1,2.3,0.1,1.7,0.3,12.4,0.5,18.0,0.3,7.5,0.1,2.1,0.0,0.8,0.2,2.3,0.2,3.0,0.1,1.9,0.6,7.8,0.0,0.0,0.0,0.1,0.0,0.4,0.1,1.5,0.0,0.0,0.0,0.2,0.1,0.9,0.2,2.0,0.1,0.2
142,bio1_whs0_land2_list1000_bld750,True,False,2,1000,750,211.7,6.4,58.0,17.5,85.7,21.8,19.0,15.3,11.5,50.1,52.3,46.3,47.8,34.7,87.9,67.1,21.1,199.0,4.4,6.8,19.9,25.9,0.1,23.9,26.0,45.7,26.6,98.7,1.3,18.1,4.8,42.9,4.4,8.7,7.5,2.4,16.7,6.9,11.3,27.4,10.7,31.5,17.1,3.8,32.3,2.2,1.4,4.9,4.9,0.0,8.7,2.1,11.8,6.1,0.0,0.0,0.0,0.0,0.0,0.0,0.0,0.0,0.0,0.0,0.0,0.0,0.0,0.0,0.0,0.0,0.0,0.0,0.0,0.0,0.0,0.0,0.0,0.0,0.0,0.0,0.0,6.2,0.0,0.0,0.0,7.5,2.9,0.0,3.8,0.0,0.0,0.3,8.5,0.9,15.3,9.3,6.0,0.0,3.9,0.2,1.6,5.1,0.0,0.0,0.0,3.8,4.3,3.9,1.2,0.1,0.2,0.1,1.4,0.2,0.1,0.1,0.7,1.6,2.5,2.4,3.1,1.7,8.7,10.7,3.1,52.3,0.5,0.4,2.6,7.6,0.0,7.1,7.9,11.1,5.4,77.2,4.9,27.3,8.0,24.3,9.1,6.5,2.3,7.5,25.2,33.0,20.3,15.9,6.8,38.1,33.0,14.0,108.3,1.4,3.3,7.3,13.1,0.0,8.1,12.0,18.2,11.1,0.4,27.9,0.0,0.0,0.5,12.0,0.1,4.4,0.1,9.4,0.1,5.0,0.1,3.6,0.0,1.6,0.0,0.8,0.1,6.4,0.2,9.4,0.1,3.7,0.0,0.6,0.0,0.2,0.0,0.3,0.0,0.4,0.0,0.2,0.1,2.1,0.0,0.0,0.0,0.0,0.0,0.1,0.0,0.3,0.0,0.0,0.0,0.0,0.0,0.1,0.0,0.3,0.0,0.0
143,bio1_whs0_land2_list1000_bld1000,True,False,2,1000,1000,211.7,6.4,58.0,17.5,85.7,21.8,19.0,15.3,11.5,50.1,52.3,46.3,47.8,34.7,87.9,67.1,21.1,199.0,4.4,6.8,19.9,25.9,0.1,23.9,26.0,45.7,26.6,98.7,1.3,18.1,4.8,42.9,4.4,8.7,7.5,2.4,16.7,6.9,11.3,27.4,10.7,31.5,17.1,3.8,32.3,2.2,1.4,4.9,4.9,0.0,8.7,2.1,11.8,6.1,0.0,0.0,0.0,0.0,0.0,0.0,0.0,0.0,0.0,0.0,0.0,0.0,0.0,0.0,0.0,0.0,0.0,0.0,0.0,0.0,0.0,0.0,0.0,0.0,0.0,0.0,0.0,6.2,0.0,0.0,0.0,7.5,2.9,0.0,3.8,0.0,0.0,0.3,8.5,0.9,15.3,9.3,6.0,0.0,3.9,0.2,1.6,5.1,0.0,0.0,0.0,3.8,4.3,3.9,1.2,0.1,0.2,0.1,1.4,0.2,0.1,0.1,0.7,1.6,2.5,2.4,3.1,1.7,8.7,10.7,3.1,52.3,0.5,0.4,2.6,7.6,0.0,7.1,7.9,11.1,5.4,89.3,5.0,33.1,10.1,28.3,11.3,8.2,3.0,7.9,28.4,37.6,22.0,16.3,7.0,38.3,33.3,14.2,109.6,1.4,3.3,7.3,13.3,0.0,8.1,12.1,18.5,11.1,0.2,16.0,0.0,0.0,0.3,6.4,0.0,2.4,0.1,5.5,0.1,2.9,0.1,2.0,0.0,1.0,0.0,0.4,0.1,3.3,0.1,4.9,0.1,2.0,0.0,0.2,0.0,0.1,0.0,0.1,0.0,0.1,0.0,0.0,0.0,0.8,0.0,0.0,0.0,0.0,0.0,0.0,0.0,0.0,0.0,0.0,0.0,0.0,0.0,0.0,0.0,0.0,0.0,0.0
144,bio1_whs0_land2_list1000_bld1250,True,False,2,1000,1250,211.7,6.4,58.0,17.5,85.7,21.8,19.0,15.3,11.5,50.1,52.3,46.3,47.8,34.7,87.9,67.1,21.1,199.0,4.4,6.8,19.9,25.9,0.1,23.9,26.0,45.7,26.6,98.7,1.3,18.1,4.8,42.9,4.4,8.7,7.5,2.4,16.7,6.9,11.3,27.4,10.7,31.5,17.1,3.8,32.3,2.2,1.4,4.9,4.9,0.0,8.7,2.1,11.8,6.1,0.0,0.0,0.0,0.0,0.0,0.0,0.0,0.0,0.0,0.0,0.0,0.0,0.0,0.0,0.0,0.0,0.0,0.0,0.0,0.0,0.0,0.0,0.0,0.0,0.0,0.0,0.0,6.2,0.0,0.0,0.0,7.5,2.9,0.0,3.8,0.0,0.0,0.3,8.5,0.9,15.3,9.3,6.0,0.0,3.9,0.2,1.6,5.1,0.0,0.0,0.0,3.8,4.3,3.9,1.2,0.1,0.2,0.1,1.4,0.2,0.1,0.1,0.7,1.6,2.5,2.4,3.1,1.7,8.7,10.7,3.1,52.3,0.5,0.4,2.6,7.6,0.0,7.1,7.9,11.1,5.4,96.6,5.0,36.4,11.4,30.8,12.6,9.2,3.4,8.1,30.1,40.1,22.9,16.4,7.0,38.4,33.4,14.2,110.0,1.4,3.3,7.3,13.4,0.0,8.1,12.1,18.5,11.1,0.1,8.8,0.0,0.0,0.1,3.2,0.0,1.1,0.0,3.1,0.0,1.6,0.0,1.0,0.0,0.5,0.0,0.2,0.0,1.6,0.1,2.4,0.0,1.1,0.0,0.1,0.0,0.0,0.0,0.0,0.0,0.0,0.0,0.0,0.0,0.4,0.0,0.0,0.0,0.0,0.0,0.0,0.0,0.0,0.0,0.0,0.0,0.0,0.0,0.0,0.0,0.0,0.0,0.0
145,bio1_whs0_land2_list1500_bld250,True,False,2,1500,250,211.7,6.4,58.0,17.5,85.7,21.8,19.0,15.3,11.5,50.1,52.3,46.3,47.8,34.7,87.9,67.1,21.1,199.0,4.4,6.8,19.9,25.9,0.1,23.9,26.0,45.7,26.6,98.7,1.3,18.1,4.8,42.9,4.4,8.7,7.5,2.4,16.7,6.9,11.3,27.4,10.7,31.5,17.1,3.8,32.3,2.2,1.4,4.9,4.9,0.0,8.7,2.1,11.8,6.1,0.0,0.0,0.0,0.0,0.0,0.0,0.0,0.0,0.0,0.0,0.0,0.0,0.0,0.0,0.0,0.0,0.0,0.0,0.0,0.0,0.0,0.0,0.0,0.0,0.0,0.0,0.0,6.2,0.0,0.0,0.0,7.5,2.9,0.0,3.8,0.0,0.0,0.3,8.5,0.9,15.3,9.3,6.0,0.0,3.9,0.2,1.6,5.1,0.0,0.0,0.0,3.8,4.3,3.9,3.0,0.3,0.5,0.2,3.4,0.6,0.2,0.3,1.7,3.8,5.9,5.4,6.5,3.3,19.3,21.6,6.2,98.7,1.0,1.0,4.8,14.1,0.0,11.6,14.3,20.1,9.9,24.2,1.9,8.1,1.6,6.0,2.3,1.5,0.5,2.4,5.5,6.8,4.9,4.8,2.2,14.3,10.1,3.0,32.0,0.6,1.3,2.6,2.9,0.0,2.3,3.1,4.0,3.8,1.5,78.0,0.1,2.8,1.0,30.3,0.1,10.7,0.6,25.3,0.2,11.4,0.3,8.3,0.1,3.1,0.2,4.7,0.6,23.5,0.7,31.7,0.5,15.7,0.4,7.9,0.2,3.1,0.7,12.8,0.6,11.7,0.2,7.9,2.4,29.7,0.0,0.3,0.2,1.2,0.3,2.3,0.2,3.8,0.0,0.0,0.2,1.1,0.3,2.4,0.4,5.1,0.5,2.4
146,bio1_whs0_land2_list1500_bld500,True,False,2,1500,500,211.7,6.4,58.0,17.5,85.7,21.8,19.0,15.3,11.5,50.1,52.3,46.3,47.8,34.7,87.9,67.1,21.1,199.0,4.4,6.8,19.9,25.9,0.1,23.9,26.0,45.7,26.6,98.7,1.3,18.1,4.8,42.9,4.4,8.7,7.5,2.4,16.7,6.9,11.3,27.4,10.7,31.5,17.1,3.8,32.3,2.2,1.4,4.9,4.9,0.0,8.7,2.1,11.8,6.1,0.0,0.0,0.0,0.0,0.0,0.0,0.0,0.0,0.0,0.0,0.0,0.0,0.0,0.0,0.0,0.0,0.0,0.0,0.0,0.0,0.0,0.0,0.0,0.0,0.0,0.0,0.0,6.2,0.0,0.0,0.0,7.5,2.9,0.0,3.8,0.0,0.0,0.3,8.5,0.9,15.3,9.3,6.0,0.0,3.9,0.2,1.6,5.1,0.0,0.0,0.0,3.8,4.3,3.9,3.0,0.3,0.5,0.2,3.4,0.6,0.2,0.3,1.7,3.8,5.9,5.4,6.5,3.3,19.3,21.6,6.2,98.7,1.0,1.0,4.8,14.1,0.0,11.6,14.3,20.1,9.9,56.1,4.4,18.6,5.0,16.5,5.9,4.2,1.5,5.6,17.2,21.4,13.8,11.0,4.7,25.8,20.0,9.3,57.3,0.9,2.6,4.9,5.9,0.0,3.5,5.2,8.1,6.5,0.8,46.8,0.0,0.3,0.8,20.0,0.1,7.4,0.3,15.1,0.1,7.8,0.2,5.7,0.1,2.2,0.1,1.6,0.3,12.0,0.5,17.3,0.2,7.1,0.1,1.9,0.0,0.7,0.2,1.8,0.2,2.3,0.1,1.7,0.4,6.4,0.0,0.0,0.0,0.1,0.0,0.3,0.1,1.0,0.0,0.0,0.0,0.1,0.0,0.5,0.1,1.3,0.0,0.2
147,bio1_whs0_land2_list1500_bld750,True,False,2,1500,750,211.7,6.4,58.0,17.5,85.7,21.8,19.0,15.3,11.5,50.1,52.3,46.3,47.8,34.7,87.9,67.1,21.1,199.0,4.4,6.8,19.9,25.9,0.1,23.9,26.0,45.7,26.6,98.7,1.3,18.1,4.8,42.9,4.4,8.7,7.5,2.4,16.7,6.9,11.3,27.4,10.7,31.5,17.1,3.8,32.3,2.2,1.4,4.9,4.9,0.0,8.7,2.1,11.8,6.1,0.0,0.0,0.0,0.0,0.0,0.0,0.0,0.0,0.0,0.0,0.0,0.0,0.0,0.0,0.0,0.0,0.0,0.0,0.0,0.0,0.0,0.0,0.0,0.0,0.0,0.0,0.0,6.2,0.0,0.0,0.0,7.5,2.9,0.0,3.8,0.0,0.0,0.3,8.5,0.9,15.3,9.3,6.0,0.0,3.9,0.2,1.6,5.1,0.0,0.0,0.0,3.8,4.3,3.9,3.0,0.3,0.5,0.2,3.4,0.6,0.2,0.3,1.7,3.8,5.9,5.4,6.5,3.3,19.3,21.6,6.2,98.7,1.0,1.0,4.8,14.1,0.0,11.6,14.3,20.1,9.9,75.4,4.7,27.0,8.0,22.4,8.8,6.4,2.2,6.5,23.1,29.8,17.4,12.5,5.2,27.5,22.1,10.9,62.0,1.0,2.7,5.1,6.7,0.0,3.6,5.7,9.3,6.7,0.4,27.9,0.0,0.0,0.5,11.9,0.1,4.4,0.1,9.4,0.1,5.0,0.1,3.6,0.0,1.5,0.0,0.8,0.1,6.2,0.2,9.2,0.1,3.6,0.0,0.6,0.0,0.2,0.0,0.3,0.0,0.3,0.0,0.2,0.1,2.0,0.0,0.0,0.0,0.0,0.0,0.0,0.0,0.2,0.0,0.0,0.0,0.0,0.0,0.1,0.0,0.2,0.0,0.0
148,bio1_whs0_land2_list1500_bld1000,True,False,2,1500,1000,211.7,6.4,58.0,17.5,85.7,21.8,19.0,15.3,11.5,50.1,52.3,46.3,47.8,34.7,87.9,67.1,21.1,199.0,4.4,6.8,19.9,25.9,0.1,23.9,26.0,45.7,26.6,98.7,1.3,18.1,4.8,42.9,4.4,8.7,7.5,2.4,16.7,6.9,11.3,27.4,10.7,31.5,17.1,3.8,32.3,2.2,1.4,4.9,4.9,0.0,8.7,2.1,11.8,6.1,0.0,0.0,0.0,0.0,0.0,0.0,0.0,0.0,0.0,0.0,0.0,0.0,0.0,0.0,0.0,0.0,0.0,0.0,0.0,0.0,0.0,0.0,0.0,0.0,0.0,0.0,0.0,6.2,0.0,0.0,0.0,7.5,2.9,0.0,3.8,0.0,0.0,0.3,8.5,0.9,15.3,9.3,6.0,0.0,3.9,0.2,1.6,5.1,0.0,0.0,0.0,3.8,4.3,3.9,3.0,0.3,0.5,0.2,3.4,0.6,0.2,0.3,1.7,3.8,5.9,5.4,6.5,3.3,19.3,21.6,6.2,98.7,1.0,1.0,4.8,14.1,0.0,11.6,14.3,20.1,9.9,87.5,4.8,32.8,10.0,26.3,10.9,8.1,2.8,6.9,26.2,34.2,19.1,12.8,5.4,27.7,22.4,11.1,63.2,1.0,2.7,5.2,6.9,0.0,3.6,5.7,9.4,6.7,0.2,16.0,0.0,0.0,0.3,6.4,0.0,2.4,0.1,5.5,0.1,2.9,0.1,2.0,0.0,1.0,0.0,0.4,0.1,3.3,0.1,4.9,0.1,2.0,0.0,0.2,0.0,0.1,0.0,0.1,0.0,0.1,0.0,0.0,0.0,0.8,0.0,0.0,0.0,0.0,0.0,0.0,0.0,0.0,0.0,0.0,0.0,0.0,0.0,0.0,0.0,0.0,0.0,0.0
149,bio1_whs0_land2_list1500_bld1250,True,False,2,1500,1250,211.7,6.4,58.0,17.5,85.7,21.8,19.0,15.3,11.5,50.1,52.3,46.3,47.8,34.7,87.9,67.1,21.1,199.0,4.4,6.8,19.9,25.9,0.1,23.9,26.0,45.7,26.6,98.7,1.3,18.1,4.8,42.9,4.4,8.7,7.5,2.4,16.7,6.9,11.3,27.4,10.7,31.5,17.1,3.8,32.3,2.2,1.4,4.9,4.9,0.0,8.7,2.1,11.8,6.1,0.0,0.0,0.0,0.0,0.0,0.0,0.0,0.0,0.0,0.0,0.0,0.0,0.0,0.0,0.0,0.0,0.0,0.0,0.0,0.0,0.0,0.0,0.0,0.0,0.0,0.0,0.0,6.2,0.0,0.0,0.0,7.5,2.9,0.0,3.8,0.0,0.0,0.3,8.5,0.9,15.3,9.3,6.0,0.0,3.9,0.2,1.6,5.1,0.0,0.0,0.0,3.8,4.3,3.9,3.0,0.3,0.5,0.2,3.4,0.6,0.2,0.3,1.7,3.8,5.9,5.4,6.5,3.3,19.3,21.6,6.2,98.7,1.0,1.0,4.8,14.1,0.0,11.6,14.3,20.1,9.9,94.8,4.8,36.1,11.3,28.8,12.3,9.1,3.2,7.1,27.8,36.7,20.0,13.0,5.4,27.8,22.4,11.1,63.6,1.0,2.7,5.2,6.9,0.0,3.6,5.7,9.5,6.7,0.1,8.8,0.0,0.0,0.1,3.2,0.0,1.1,0.0,3.1,0.0,1.6,0.0,1.0,0.0,0.5,0.0,0.2,0.0,1.6,0.1,2.4,0.0,1.1,0.0,0.1,0.0,0.0,0.0,0.0,0.0,0.0,0.0,0.0,0.0,0.4,0.0,0.0,0.0,0.0,0.0,0.0,0.0,0.0,0.0,0.0,0.0,0.0,0.0,0.0,0.0,0.0,0.0,0.0
150,bio1_whs0_land3_list500_bld250,True,False,3,500,250,211.7,6.4,58.0,17.5,85.7,21.8,19.0,15.3,11.5,50.1,52.3,46.3,47.8,34.7,87.9,67.1,21.1,199.0,4.4,6.8,19.9,25.9,0.1,23.9,26.0,45.7,26.6,98.7,1.3,18.1,4.8,42.9,4.4,8.7,7.5,2.4,16.7,6.9,11.3,27.4,10.7,31.5,17.1,3.8,32.3,2.2,1.4,4.9,4.9,0.0,8.7,2.1,11.8,6.1,0.0,0.0,0.0,0.0,0.0,0.0,0.0,0.0,0.0,0.0,0.0,0.0,0.0,0.0,0.0,0.0,0.0,0.0,0.0,0.0,0.0,0.0,0.0,0.0,0.0,0.0,0.0,22.1,0.0,7.3,0.7,9.5,4.3,0.7,4.0,0.0,0.6,1.0,8.6,3.5,17.8,11.9,10.8,0.1,11.6,0.3,1.6,5.7,10.5,0.0,3.6,10.8,15.7,7.8,0.2,0.0,0.0,0.0,0.2,0.0,0.0,0.0,0.1,0.2,0.4,0.4,0.6,0.2,1.3,1.7,0.5,9.2,0.1,0.1,0.5,0.8,0.0,1.3,1.2,1.5,1.0,20.0,2.0,6.7,1.6,7.0,2.3,1.5,0.6,3.0,6.3,8.2,6.7,6.7,2.8,23.2,19.1,5.6,83.6,1.1,1.8,4.8,6.2,0.0,6.7,7.1,9.4,7.1,1.3,69.4,0.2,2.9,0.7,25.3,0.1,10.3,0.6,25.4,0.2,10.5,0.2,7.9,0.1,3.1,0.3,5.6,0.7,25.5,0.8,34.9,0.6,18.7,0.5,9.2,0.2,3.0,1.0,19.0,1.0,17.3,0.3,10.9,4.5,57.8,0.1,0.5,0.2,1.5,0.5,3.6,0.3,3.1,0.0,0.0,0.4,3.3,0.4,4.3,0.7,6.6,0.8,3.9
151,bio1_whs0_land3_list500_bld500,True,False,3,500,500,211.7,6.4,58.0,17.5,85.7,21.8,19.0,15.3,11.5,50.1,52.3,46.3,47.8,34.7,87.9,67.1,21.1,199.0,4.4,6.8,19.9,25.9,0.1,23.9,26.0,45.7,26.6,98.7,1.3,18.1,4.8,42.9,4.4,8.7,7.5,2.4,16.7,6.9,11.3,27.4,10.7,31.5,17.1,3.8,32.3,2.2,1.4,4.9,4.9,0.0,8.7,2.1,11.8,6.1,0.0,0.0,0.0,0.0,0.0,0.0,0.0,0.0,0.0,0.0,0.0,0.0,0.0,0.0,0.0,0.0,0.0,0.0,0.0,0.0,0.0,0.0,0.0,0.0,0.0,0.0,0.0,22.1,0.0,7.3,0.7,9.5,4.3,0.7,4.0,0.0,0.6,1.0,8.6,3.5,17.8,11.9,10.8,0.1,11.6,0.3,1.6,5.7,10.5,0.0,3.6,10.8,15.7,7.8,0.2,0.0,0.0,0.0,0.2,0.0,0.0,0.0,0.1,0.2,0.4,0.4,0.6,0.2,1.3,1.7,0.5,9.2,0.1,0.1,0.5,0.8,0.0,1.3,1.2,1.5,1.0,48.4,4.7,15.4,4.8,18.7,5.9,4.1,1.6,7.1,19.8,25.5,18.1,15.0,5.6,41.0,34.7,14.6,137.3,1.7,3.5,8.4,9.4,0.0,10.1,11.3,15.8,11.6,0.7,41.6,0.0,0.3,0.5,16.7,0.1,7.0,0.3,14.1,0.1,7.0,0.2,5.3,0.1,2.1,0.1,1.8,0.4,12.3,0.5,18.0,0.3,7.6,0.1,1.3,0.0,0.4,0.2,2.0,0.2,2.5,0.1,2.0,0.6,7.9,0.0,0.0,0.0,0.1,0.1,0.4,0.0,0.2,0.0,0.0,0.0,0.2,0.0,0.5,0.1,0.9,0.1,0.1
152,bio1_whs0_land3_list500_bld750,True,False,3,500,750,211.7,6.4,58.0,17.5,85.7,21.8,19.0,15.3,11.5,50.1,52.3,46.3,47.8,34.7,87.9,67.1,21.1,199.0,4.4,6.8,19.9,25.9,0.1,23.9,26.0,45.7,26.6,98.7,1.3,18.1,4.8,42.9,4.4,8.7,7.5,2.4,16.7,6.9,11.3,27.4,10.7,31.5,17.1,3.8,32.3,2.2,1.4,4.9,4.9,0.0,8.7,2.1,11.8,6.1,0.0,0.0,0.0,0.0,0.0,0.0,0.0,0.0,0.0,0.0,0.0,0.0,0.0,0.0,0.0,0.0,0.0,0.0,0.0,0.0,0.0,0.0,0.0,0.0,0.0,0.0,0.0,22.1,0.0,7.3,0.7,9.5,4.3,0.7,4.0,0.0,0.6,1.0,8.6,3.5,17.8,11.9,10.8,0.1,11.6,0.3,1.6,5.7,10.5,0.0,3.6,10.8,15.7,7.8,0.2,0.0,0.0,0.0,0.2,0.0,0.0,0.0,0.1,0.2,0.4,0.4,0.6,0.2,1.3,1.7,0.5,9.2,0.1,0.1,0.5,0.8,0.0,1.3,1.2,1.5,1.0,64.9,5.1,22.2,7.7,24.4,8.6,6.2,2.3,8.1,26.1,34.4,22.2,16.3,6.0,43.1,37.1,16.5,143.8,1.7,3.6,8.8,9.6,0.0,10.3,11.8,16.6,11.8,0.3,25.4,0.0,0.0,0.3,10.1,0.1,4.2,0.1,8.5,0.1,4.4,0.1,3.3,0.0,1.4,0.0,0.8,0.1,6.3,0.2,9.3,0.1,3.7,0.0,0.1,0.0,0.0,0.0,0.1,0.0,0.3,0.0,0.2,0.1,2.0,0.0,0.0,0.0,0.0,0.0,0.1,0.0,0.0,0.0,0.0,0.0,0.0,0.0,0.0,0.0,0.1,0.0,0.0
153,bio1_whs0_land3_list500_bld1000,True,False,3,500,1000,211.7,6.4,58.0,17.5,85.7,21.8,19.0,15.3,11.5,50.1,52.3,46.3,47.8,34.7,87.9,67.1,21.1,199.0,4.4,6.8,19.9,25.9,0.1,23.9,26.0,45.7,26.6,98.7,1.3,18.1,4.8,42.9,4.4,8.7,7.5,2.4,16.7,6.9,11.3,27.4,10.7,31.5,17.1,3.8,32.3,2.2,1.4,4.9,4.9,0.0,8.7,2.1,11.8,6.1,0.0,0.0,0.0,0.0,0.0,0.0,0.0,0.0,0.0,0.0,0.0,0.0,0.0,0.0,0.0,0.0,0.0,0.0,0.0,0.0,0.0,0.0,0.0,0.0,0.0,0.0,0.0,22.1,0.0,7.3,0.7,9.5,4.3,0.7,4.0,0.0,0.6,1.0,8.6,3.5,17.8,11.9,10.8,0.1,11.6,0.3,1.6,5.7,10.5,0.0,3.6,10.8,15.7,7.8,0.2,0.0,0.0,0.0,0.2,0.0,0.0,0.0,0.1,0.2,0.4,0.4,0.6,0.2,1.3,1.7,0.5,9.2,0.1,0.1,0.5,0.8,0.0,1.3,1.2,1.5,1.0,75.6,5.1,26.9,9.6,28.0,10.5,7.7,2.9,8.5,29.2,38.9,23.9,16.4,6.0,43.2,37.4,16.7,145.0,1.7,3.6,8.8,9.6,0.0,10.3,11.9,16.7,11.8,0.2,14.8,0.0,0.0,0.2,5.5,0.0,2.3,0.1,4.9,0.1,2.6,0.1,1.8,0.0,0.9,0.0,0.4,0.1,3.3,0.1,4.9,0.1,2.0,0.0,0.0,0.0,0.0,0.0,0.0,0.0,0.0,0.0,0.0,0.0,0.8,0.0,0.0,0.0,0.0,0.0,0.0,0.0,0.0,0.0,0.0,0.0,0.0,0.0,0.0,0.0,0.0,0.0,0.0
154,bio1_whs0_land3_list500_bld1250,True,False,3,500,1250,211.7,6.4,58.0,17.5,85.7,21.8,19.0,15.3,11.5,50.1,52.3,46.3,47.8,34.7,87.9,67.1,21.1,199.0,4.4,6.8,19.9,25.9,0.1,23.9,26.0,45.7,26.6,98.7,1.3,18.1,4.8,42.9,4.4,8.7,7.5,2.4,16.7,6.9,11.3,27.4,10.7,31.5,17.1,3.8,32.3,2.2,1.4,4.9,4.9,0.0,8.7,2.1,11.8,6.1,0.0,0.0,0.0,0.0,0.0,0.0,0.0,0.0,0.0,0.0,0.0,0.0,0.0,0.0,0.0,0.0,0.0,0.0,0.0,0.0,0.0,0.0,0.0,0.0,0.0,0.0,0.0,22.1,0.0,7.3,0.7,9.5,4.3,0.7,4.0,0.0,0.6,1.0,8.6,3.5,17.8,11.9,10.8,0.1,11.6,0.3,1.6,5.7,10.5,0.0,3.6,10.8,15.7,7.8,0.2,0.0,0.0,0.0,0.2,0.0,0.0,0.0,0.1,0.2,0.4,0.4,0.6,0.2,1.3,1.7,0.5,9.2,0.1,0.1,0.5,0.8,0.0,1.3,1.2,1.5,1.0,82.3,5.1,29.7,10.9,30.3,11.6,8.7,3.3,8.7,30.8,41.5,24.8,16.4,6.0,43.2,37.4,16.7,145.4,1.7,3.6,8.8,9.6,0.0,10.3,11.9,16.7,11.8,0.1,8.2,0.0,0.0,0.1,2.9,0.0,1.1,0.0,2.7,0.0,1.4,0.0,0.9,0.0,0.4,0.0,0.2,0.0,1.6,0.1,2.4,0.0,1.1,0.0,0.0,0.0,0.0,0.0,0.0,0.0,0.0,0.0,0.0,0.0,0.4,0.0,0.0,0.0,0.0,0.0,0.0,0.0,0.0,0.0,0.0,0.0,0.0,0.0,0.0,0.0,0.0,0.0,0.0
155,bio1_whs0_land3_list1000_bld250,True,False,3,1000,250,211.7,6.4,58.0,17.5,85.7,21.8,19.0,15.3,11.5,50.1,52.3,46.3,47.8,34.7,87.9,67.1,21.1,199.0,4.4,6.8,19.9,25.9,0.1,23.9,26.0,45.7,26.6,98.7,1.3,18.1,4.8,42.9,4.4,8.7,7.5,2.4,16.7,6.9,11.3,27.4,10.7,31.5,17.1,3.8,32.3,2.2,1.4,4.9,4.9,0.0,8.7,2.1,11.8,6.1,0.0,0.0,0.0,0.0,0.0,0.0,0.0,0.0,0.0,0.0,0.0,0.0,0.0,0.0,0.0,0.0,0.0,0.0,0.0,0.0,0.0,0.0,0.0,0.0,0.0,0.0,0.0,22.1,0.0,7.3,0.7,9.5,4.3,0.7,4.0,0.0,0.6,1.0,8.6,3.5,17.8,11.9,10.8,0.1,11.6,0.3,1.6,5.7,10.5,0.0,3.6,10.8,15.7,7.8,1.2,0.1,0.2,0.1,1.4,0.2,0.1,0.1,0.7,1.5,2.4,2.4,3.0,1.3,8.2,9.6,3.1,49.6,0.5,0.4,2.4,4.2,0.0,5.4,5.5,7.1,4.3,19.6,1.9,6.7,1.5,6.5,2.3,1.4,0.5,2.8,6.0,7.6,6.0,5.7,2.3,19.2,14.6,4.3,58.0,0.9,1.7,3.6,3.9,0.0,4.0,4.5,5.9,5.1,1.3,68.8,0.2,2.9,0.7,25.2,0.1,10.2,0.6,24.7,0.2,10.4,0.2,7.8,0.1,3.0,0.3,5.3,0.6,24.6,0.8,33.6,0.6,17.5,0.4,7.9,0.2,2.5,0.9,16.3,0.8,14.2,0.2,9.6,3.6,44.0,0.1,0.4,0.2,1.4,0.4,2.9,0.2,2.1,0.0,0.0,0.2,2.0,0.3,2.8,0.5,4.7,0.6,2.7
156,bio1_whs0_land3_list1000_bld500,True,False,3,1000,500,211.7,6.4,58.0,17.5,85.7,21.8,19.0,15.3,11.5,50.1,52.3,46.3,47.8,34.7,87.9,67.1,21.1,199.0,4.4,6.8,19.9,25.9,0.1,23.9,26.0,45.7,26.6,98.7,1.3,18.1,4.8,42.9,4.4,8.7,7.5,2.4,16.7,6.9,11.3,27.4,10.7,31.5,17.1,3.8,32.3,2.2,1.4,4.9,4.9,0.0,8.7,2.1,11.8,6.1,0.0,0.0,0.0,0.0,0.0,0.0,0.0,0.0,0.0,0.0,0.0,0.0,0.0,0.0,0.0,0.0,0.0,0.0,0.0,0.0,0.0,0.0,0.0,0.0,0.0,0.0,0.0,22.1,0.0,7.3,0.7,9.5,4.3,0.7,4.0,0.0,0.6,1.0,8.6,3.5,17.8,11.9,10.8,0.1,11.6,0.3,1.6,5.7,10.5,0.0,3.6,10.8,15.7,7.8,1.2,0.1,0.2,0.1,1.4,0.2,0.1,0.1,0.7,1.5,2.4,2.4,3.0,1.3,8.2,9.6,3.1,49.6,0.5,0.4,2.4,4.2,0.0,5.4,5.5,7.1,4.3,47.5,4.6,15.3,4.8,17.6,5.8,4.0,1.5,6.5,18.7,23.8,16.3,12.8,4.6,34.3,27.1,12.2,97.6,1.4,3.2,6.5,6.0,0.0,6.1,7.1,10.2,8.3,0.6,41.6,0.0,0.3,0.5,16.7,0.1,7.0,0.3,14.0,0.1,7.0,0.2,5.3,0.1,2.1,0.1,1.7,0.3,12.2,0.5,17.7,0.3,7.4,0.1,1.2,0.0,0.3,0.2,1.8,0.2,2.3,0.1,1.9,0.5,7.3,0.0,0.0,0.0,0.1,0.0,0.4,0.0,0.2,0.0,0.0,0.0,0.1,0.0,0.4,0.1,0.8,0.0,0.1
157,bio1_whs0_land3_list1000_bld750,True,False,3,1000,750,211.7,6.4,58.0,17.5,85.7,21.8,19.0,15.3,11.5,50.1,52.3,46.3,47.8,34.7,87.9,67.1,21.1,199.0,4.4,6.8,19.9,25.9,0.1,23.9,26.0,45.7,26.6,98.7,1.3,18.1,4.8,42.9,4.4,8.7,7.5,2.4,16.7,6.9,11.3,27.4,10.7,31.5,17.1,3.8,32.3,2.2,1.4,4.9,4.9,0.0,8.7,2.1,11.8,6.1,0.0,0.0,0.0,0.0,0.0,0.0,0.0,0.0,0.0,0.0,0.0,0.0,0.0,0.0,0.0,0.0,0.0,0.0,0.0,0.0,0.0,0.0,0.0,0.0,0.0,0.0,0.0,22.1,0.0,7.3,0.7,9.5,4.3,0.7,4.0,0.0,0.6,1.0,8.6,3.5,17.8,11.9,10.8,0.1,11.6,0.3,1.6,5.7,10.5,0.0,3.6,10.8,15.7,7.8,1.2,0.1,0.2,0.1,1.4,0.2,0.1,0.1,0.7,1.5,2.4,2.4,3.0,1.3,8.2,9.6,3.1,49.6,0.5,0.4,2.4,4.2,0.0,5.4,5.5,7.1,4.3,64.0,4.9,22.1,7.6,23.2,8.4,6.1,2.2,7.5,24.8,32.5,20.3,13.9,4.9,36.3,29.3,14.0,103.4,1.4,3.3,6.9,6.2,0.0,6.2,7.5,11.0,8.4,0.3,25.4,0.0,0.0,0.3,10.1,0.1,4.2,0.1,8.5,0.1,4.4,0.1,3.3,0.0,1.4,0.0,0.8,0.1,6.3,0.2,9.2,0.1,3.6,0.0,0.1,0.0,0.0,0.0,0.1,0.0,0.3,0.0,0.2,0.1,2.0,0.0,0.0,0.0,0.0,0.0,0.1,0.0,0.0,0.0,0.0,0.0,0.0,0.0,0.0,0.0,0.1,0.0,0.0
158,bio1_whs0_land3_list1000_bld1000,True,False,3,1000,1000,211.7,6.4,58.0,17.5,85.7,21.8,19.0,15.3,11.5,50.1,52.3,46.3,47.8,34.7,87.9,67.1,21.1,199.0,4.4,6.8,19.9,25.9,0.1,23.9,26.0,45.7,26.6,98.7,1.3,18.1,4.8,42.9,4.4,8.7,7.5,2.4,16.7,6.9,11.3,27.4,10.7,31.5,17.1,3.8,32.3,2.2,1.4,4.9,4.9,0.0,8.7,2.1,11.8,6.1,0.0,0.0,0.0,0.0,0.0,0.0,0.0,0.0,0.0,0.0,0.0,0.0,0.0,0.0,0.0,0.0,0.0,0.0,0.0,0.0,0.0,0.0,0.0,0.0,0.0,0.0,0.0,22.1,0.0,7.3,0.7,9.5,4.3,0.7,4.0,0.0,0.6,1.0,8.6,3.5,17.8,11.9,10.8,0.1,11.6,0.3,1.6,5.7,10.5,0.0,3.6,10.8,15.7,7.8,1.2,0.1,0.2,0.1,1.4,0.2,0.1,0.1,0.7,1.5,2.4,2.4,3.0,1.3,8.2,9.6,3.1,49.6,0.5,0.4,2.4,4.2,0.0,5.4,5.5,7.1,4.3,74.7,5.0,26.8,9.6,26.8,10.3,7.7,2.8,7.9,27.9,37.0,22.0,14.0,4.9,36.3,29.5,14.2,104.6,1.4,3.3,6.9,6.2,0.0,6.2,7.5,11.1,8.5,0.2,14.8,0.0,0.0,0.2,5.5,0.0,2.3,0.1,4.9,0.1,2.6,0.1,1.8,0.0,0.9,0.0,0.4,0.1,3.3,0.1,4.9,0.1,2.0,0.0,0.0,0.0,0.0,0.0,0.0,0.0,0.0,0.0,0.0,0.0,0.8,0.0,0.0,0.0,0.0,0.0,0.0,0.0,0.0,0.0,0.0,0.0,0.0,0.0,0.0,0.0,0.0,0.0,0.0
159,bio1_whs0_land3_list1000_bld1250,True,False,3,1000,1250,211.7,6.4,58.0,17.5,85.7,21.8,19.0,15.3,11.5,50.1,52.3,46.3,47.8,34.7,87.9,67.1,21.1,199.0,4.4,6.8,19.9,25.9,0.1,23.9,26.0,45.7,26.6,98.7,1.3,18.1,4.8,42.9,4.4,8.7,7.5,2.4,16.7,6.9,11.3,27.4,10.7,31.5,17.1,3.8,32.3,2.2,1.4,4.9,4.9,0.0,8.7,2.1,11.8,6.1,0.0,0.0,0.0,0.0,0.0,0.0,0.0,0.0,0.0,0.0,0.0,0.0,0.0,0.0,0.0,0.0,0.0,0.0,0.0,0.0,0.0,0.0,0.0,0.0,0.0,0.0,0.0,22.1,0.0,7.3,0.7,9.5,4.3,0.7,4.0,0.0,0.6,1.0,8.6,3.5,17.8,11.9,10.8,0.1,11.6,0.3,1.6,5.7,10.5,0.0,3.6,10.8,15.7,7.8,1.2,0.1,0.2,0.1,1.4,0.2,0.1,0.1,0.7,1.5,2.4,2.4,3.0,1.3,8.2,9.6,3.1,49.6,0.5,0.4,2.4,4.2,0.0,5.4,5.5,7.1,4.3,81.4,5.0,29.5,10.8,29.1,11.4,8.6,3.2,8.1,29.6,39.5,22.9,14.0,4.9,36.3,29.6,14.2,105.1,1.4,3.3,7.0,6.2,0.0,6.2,7.5,11.1,8.5,0.1,8.2,0.0,0.0,0.1,2.9,0.0,1.1,0.0,2.7,0.0,1.4,0.0,0.9,0.0,0.4,0.0,0.2,0.0,1.6,0.1,2.4,0.0,1.1,0.0,0.0,0.0,0.0,0.0,0.0,0.0,0.0,0.0,0.0,0.0,0.4,0.0,0.0,0.0,0.0,0.0,0.0,0.0,0.0,0.0,0.0,0.0,0.0,0.0,0.0,0.0,0.0,0.0,0.0
160,bio1_whs0_land3_list1500_bld250,True,False,3,1500,250,211.7,6.4,58.0,17.5,85.7,21.8,19.0,15.3,11.5,50.1,52.3,46.3,47.8,34.7,87.9,67.1,21.1,199.0,4.4,6.8,19.9,25.9,0.1,23.9,26.0,45.7,26.6,98.7,1.3,18.1,4.8,42.9,4.4,8.7,7.5,2.4,16.7,6.9,11.3,27.4,10.7,31.5,17.1,3.8,32.3,2.2,1.4,4.9,4.9,0.0,8.7,2.1,11.8,6.1,0.0,0.0,0.0,0.0,0.0,0.0,0.0,0.0,0.0,0.0,0.0,0.0,0.0,0.0,0.0,0.0,0.0,0.0,0.0,0.0,0.0,0.0,0.0,0.0,0.0,0.0,0.0,22.1,0.0,7.3,0.7,9.5,4.3,0.7,4.0,0.0,0.6,1.0,8.6,3.5,17.8,11.9,10.8,0.1,11.6,0.3,1.6,5.7,10.5,0.0,3.6,10.8,15.7,7.8,2.9,0.3,0.5,0.2,3.4,0.5,0.2,0.3,1.7,3.7,5.7,5.4,6.2,2.6,18.3,19.3,6.2,93.8,0.9,1.0,4.4,7.6,0.0,8.8,9.8,12.5,7.8,19.0,1.9,6.6,1.5,5.8,2.2,1.4,0.5,2.4,5.4,6.7,4.9,4.3,1.6,13.8,9.4,3.0,31.0,0.6,1.3,2.5,1.8,0.0,1.8,2.0,2.8,3.0,1.2,67.8,0.1,2.8,0.6,24.9,0.1,10.1,0.5,23.5,0.2,10.2,0.2,7.7,0.1,2.9,0.2,4.7,0.6,23.0,0.7,31.2,0.5,15.6,0.3,6.1,0.1,1.9,0.6,11.8,0.6,10.0,0.2,7.9,2.2,28.0,0.0,0.3,0.2,1.2,0.3,2.2,0.1,1.0,0.0,0.0,0.1,0.9,0.2,1.1,0.3,2.6,0.4,1.6
161,bio1_whs0_land3_list1500_bld500,True,False,3,1500,500,211.7,6.4,58.0,17.5,85.7,21.8,19.0,15.3,11.5,50.1,52.3,46.3,47.8,34.7,87.9,67.1,21.1,199.0,4.4,6.8,19.9,25.9,0.1,23.9,26.0,45.7,26.6,98.7,1.3,18.1,4.8,42.9,4.4,8.7,7.5,2.4,16.7,6.9,11.3,27.4,10.7,31.5,17.1,3.8,32.3,2.2,1.4,4.9,4.9,0.0,8.7,2.1,11.8,6.1,0.0,0.0,0.0,0.0,0.0,0.0,0.0,0.0,0.0,0.0,0.0,0.0,0.0,0.0,0.0,0.0,0.0,0.0,0.0,0.0,0.0,0.0,0.0,0.0,0.0,0.0,0.0,22.1,0.0,7.3,0.7,9.5,4.3,0.7,4.0,0.0,0.6,1.0,8.6,3.5,17.8,11.9,10.8,0.1,11.6,0.3,1.6,5.7,10.5,0.0,3.6,10.8,15.7,7.8,2.9,0.3,0.5,0.2,3.4,0.5,0.2,0.3,1.7,3.7,5.7,5.4,6.2,2.6,18.3,19.3,6.2,93.8,0.9,1.0,4.4,7.6,0.0,8.8,9.8,12.5,7.8,45.9,4.4,15.1,4.7,15.9,5.5,3.9,1.4,5.6,17.0,21.2,13.8,9.7,3.4,24.7,18.0,9.3,54.8,0.9,2.6,4.6,2.7,0.0,2.8,3.1,5.1,4.9,0.6,41.4,0.0,0.3,0.5,16.5,0.1,7.0,0.2,13.7,0.1,6.9,0.2,5.3,0.1,2.0,0.1,1.6,0.3,11.7,0.4,17.0,0.2,7.0,0.1,1.0,0.0,0.3,0.2,1.3,0.1,1.8,0.1,1.7,0.4,6.1,0.0,0.0,0.0,0.1,0.0,0.3,0.0,0.1,0.0,0.0,0.0,0.1,0.0,0.2,0.0,0.5,0.0,0.0
162,bio1_whs0_land3_list1500_bld750,True,False,3,1500,750,211.7,6.4,58.0,17.5,85.7,21.8,19.0,15.3,11.5,50.1,52.3,46.3,47.8,34.7,87.9,67.1,21.1,199.0,4.4,6.8,19.9,25.9,0.1,23.9,26.0,45.7,26.6,98.7,1.3,18.1,4.8,42.9,4.4,8.7,7.5,2.4,16.7,6.9,11.3,27.4,10.7,31.5,17.1,3.8,32.3,2.2,1.4,4.9,4.9,0.0,8.7,2.1,11.8,6.1,0.0,0.0,0.0,0.0,0.0,0.0,0.0,0.0,0.0,0.0,0.0,0.0,0.0,0.0,0.0,0.0,0.0,0.0,0.0,0.0,0.0,0.0,0.0,0.0,0.0,0.0,0.0,22.1,0.0,7.3,0.7,9.5,4.3,0.7,4.0,0.0,0.6,1.0,8.6,3.5,17.8,11.9,10.8,0.1,11.6,0.3,1.6,5.7,10.5,0.0,3.6,10.8,15.7,7.8,2.9,0.3,0.5,0.2,3.4,0.5,0.2,0.3,1.7,3.7,5.7,5.4,6.2,2.6,18.3,19.3,6.2,93.8,0.9,1.0,4.4,7.6,0.0,8.8,9.8,12.5,7.8,62.3,4.7,21.8,7.5,21.3,8.1,6.0,2.0,6.5,22.7,29.4,17.4,10.7,3.7,26.2,19.6,10.9,59.2,0.9,2.7,4.9,2.8,0.0,2.8,3.2,5.6,4.9,0.3,25.4,0.0,0.0,0.3,10.0,0.1,4.2,0.1,8.4,0.1,4.4,0.1,3.3,0.0,1.4,0.0,0.8,0.1,6.1,0.2,9.0,0.1,3.5,0.0,0.1,0.0,0.0,0.0,0.1,0.0,0.3,0.0,0.2,0.1,1.9,0.0,0.0,0.0,0.0,0.0,0.0,0.0,0.0,0.0,0.0,0.0,0.0,0.0,0.0,0.0,0.1,0.0,0.0
163,bio1_whs0_land3_list1500_bld1000,True,False,3,1500,1000,211.7,6.4,58.0,17.5,85.7,21.8,19.0,15.3,11.5,50.1,52.3,46.3,47.8,34.7,87.9,67.1,21.1,199.0,4.4,6.8,19.9,25.9,0.1,23.9,26.0,45.7,26.6,98.7,1.3,18.1,4.8,42.9,4.4,8.7,7.5,2.4,16.7,6.9,11.3,27.4,10.7,31.5,17.1,3.8,32.3,2.2,1.4,4.9,4.9,0.0,8.7,2.1,11.8,6.1,0.0,0.0,0.0,0.0,0.0,0.0,0.0,0.0,0.0,0.0,0.0,0.0,0.0,0.0,0.0,0.0,0.0,0.0,0.0,0.0,0.0,0.0,0.0,0.0,0.0,0.0,0.0,22.1,0.0,7.3,0.7,9.5,4.3,0.7,4.0,0.0,0.6,1.0,8.6,3.5,17.8,11.9,10.8,0.1,11.6,0.3,1.6,5.7,10.5,0.0,3.6,10.8,15.7,7.8,2.9,0.3,0.5,0.2,3.4,0.5,0.2,0.3,1.7,3.7,5.7,5.4,6.2,2.6,18.3,19.3,6.2,93.8,0.9,1.0,4.4,7.6,0.0,8.8,9.8,12.5,7.8,72.9,4.8,26.5,9.5,24.9,10.0,7.6,2.6,6.9,25.7,33.7,19.0,10.7,3.7,26.2,19.8,11.1,60.4,0.9,2.7,4.9,2.8,0.0,2.8,3.2,5.7,4.9,0.2,14.8,0.0,0.0,0.2,5.5,0.0,2.3,0.1,4.9,0.1,2.5,0.0,1.8,0.0,0.9,0.0,0.4,0.1,3.2,0.1,4.8,0.1,1.9,0.0,0.0,0.0,0.0,0.0,0.0,0.0,0.0,0.0,0.0,0.0,0.8,0.0,0.0,0.0,0.0,0.0,0.0,0.0,0.0,0.0,0.0,0.0,0.0,0.0,0.0,0.0,0.0,0.0,0.0
164,bio1_whs0_land3_list1500_bld1250,True,False,3,1500,1250,211.7,6.4,58.0,17.5,85.7,21.8,19.0,15.3,11.5,50.1,52.3,46.3,47.8,34.7,87.9,67.1,21.1,199.0,4.4,6.8,19.9,25.9,0.1,23.9,26.0,45.7,26.6,98.7,1.3,18.1,4.8,42.9,4.4,8.7,7.5,2.4,16.7,6.9,11.3,27.4,10.7,31.5,17.1,3.8,32.3,2.2,1.4,4.9,4.9,0.0,8.7,2.1,11.8,6.1,0.0,0.0,0.0,0.0,0.0,0.0,0.0,0.0,0.0,0.0,0.0,0.0,0.0,0.0,0.0,0.0,0.0,0.0,0.0,0.0,0.0,0.0,0.0,0.0,0.0,0.0,0.0,22.1,0.0,7.3,0.7,9.5,4.3,0.7,4.0,0.0,0.6,1.0,8.6,3.5,17.8,11.9,10.8,0.1,11.6,0.3,1.6,5.7,10.5,0.0,3.6,10.8,15.7,7.8,2.9,0.3,0.5,0.2,3.4,0.5,0.2,0.3,1.7,3.7,5.7,5.4,6.2,2.6,18.3,19.3,6.2,93.8,0.9,1.0,4.4,7.6,0.0,8.8,9.8,12.5,7.8,79.6,4.8,29.2,10.7,27.1,11.1,8.5,3.0,7.1,27.3,36.2,19.9,10.7,3.7,26.2,19.9,11.1,60.8,0.9,2.7,4.9,2.8,0.0,2.9,3.2,5.7,4.9,0.1,8.2,0.0,0.0,0.1,2.9,0.0,1.1,0.0,2.7,0.0,1.4,0.0,0.9,0.0,0.4,0.0,0.2,0.0,1.6,0.1,2.4,0.0,1.1,0.0,0.0,0.0,0.0,0.0,0.0,0.0,0.0,0.0,0.0,0.0,0.4,0.0,0.0,0.0,0.0,0.0,0.0,0.0,0.0,0.0,0.0,0.0,0.0,0.0,0.0,0.0,0.0,0.0,0.0
165,bio1_whs0_land4_list500_bld250,True,False,4,500,250,211.7,6.4,58.0,17.5,85.7,21.8,19.0,15.3,11.5,50.1,52.3,46.3,47.8,34.7,87.9,67.1,21.1,199.0,4.4,6.8,19.9,25.9,0.1,23.9,26.0,45.7,26.6,98.7,1.3,18.1,4.8,42.9,4.4,8.7,7.5,2.4,16.7,6.9,11.3,27.4,10.7,31.5,17.1,3.8,32.3,2.2,1.4,4.9,4.9,0.0,8.7,2.1,11.8,6.1,0.0,0.0,0.0,0.0,0.0,0.0,0.0,0.0,0.0,0.0,0.0,0.0,0.0,0.0,0.0,0.0,0.0,0.0,0.0,0.0,0.0,0.0,0.0,0.0,0.0,0.0,0.0,22.1,0.0,7.3,0.7,9.5,4.3,0.7,4.0,0.0,0.6,1.0,8.6,7.2,17.8,19.7,16.6,0.1,23.2,0.3,1.6,5.7,11.7,0.0,7.5,14.4,15.8,7.8,0.2,0.0,0.0,0.0,0.2,0.0,0.0,0.0,0.1,0.2,0.4,0.4,0.4,0.2,1.0,1.3,0.5,8.5,0.1,0.1,0.5,0.7,0.0,0.9,0.8,1.4,1.0,20.0,2.0,6.7,1.6,7.0,2.3,1.5,0.6,3.0,6.3,8.2,6.7,5.1,2.8,18.3,15.3,5.6,76.2,1.1,1.8,4.8,5.5,0.0,4.4,5.0,9.3,7.1,1.3,69.4,0.2,2.9,0.7,25.3,0.1,10.3,0.6,25.4,0.2,10.5,0.2,7.9,0.1,3.1,0.3,5.6,0.7,25.5,0.8,34.9,0.6,18.7,0.4,7.3,0.2,3.0,0.8,16.7,0.8,16.0,0.3,10.9,4.1,54.8,0.1,0.5,0.2,1.5,0.5,3.6,0.3,2.8,0.0,0.0,0.2,2.3,0.3,3.3,0.7,6.6,0.8,3.9
166,bio1_whs0_land4_list500_bld500,True,False,4,500,500,211.7,6.4,58.0,17.5,85.7,21.8,19.0,15.3,11.5,50.1,52.3,46.3,47.8,34.7,87.9,67.1,21.1,199.0,4.4,6.8,19.9,25.9,0.1,23.9,26.0,45.7,26.6,98.7,1.3,18.1,4.8,42.9,4.4,8.7,7.5,2.4,16.7,6.9,11.3,27.4,10.7,31.5,17.1,3.8,32.3,2.2,1.4,4.9,4.9,0.0,8.7,2.1,11.8,6.1,0.0,0.0,0.0,0.0,0.0,0.0,0.0,0.0,0.0,0.0,0.0,0.0,0.0,0.0,0.0,0.0,0.0,0.0,0.0,0.0,0.0,0.0,0.0,0.0,0.0,0.0,0.0,22.1,0.0,7.3,0.7,9.5,4.3,0.7,4.0,0.0,0.6,1.0,8.6,7.2,17.8,19.7,16.6,0.1,23.2,0.3,1.6,5.7,11.7,0.0,7.5,14.4,15.8,7.8,0.2,0.0,0.0,0.0,0.2,0.0,0.0,0.0,0.1,0.2,0.4,0.4,0.4,0.2,1.0,1.3,0.5,8.5,0.1,0.1,0.5,0.7,0.0,0.9,0.8,1.4,1.0,48.4,4.7,15.4,4.8,18.7,5.9,4.1,1.6,7.1,19.8,25.5,18.1,11.6,5.6,33.8,29.4,14.6,126.7,1.7,3.5,8.4,8.4,0.0,6.7,8.2,15.6,11.6,0.7,41.6,0.0,0.3,0.5,16.7,0.1,7.0,0.3,14.1,0.1,7.0,0.2,5.3,0.1,2.1,0.1,1.8,0.4,12.3,0.5,18.0,0.3,7.6,0.1,1.1,0.0,0.4,0.2,1.8,0.2,2.5,0.1,2.0,0.6,7.8,0.0,0.0,0.0,0.1,0.1,0.4,0.0,0.2,0.0,0.0,0.0,0.2,0.0,0.4,0.1,0.9,0.1,0.1
167,bio1_whs0_land4_list500_bld750,True,False,4,500,750,211.7,6.4,58.0,17.5,85.7,21.8,19.0,15.3,11.5,50.1,52.3,46.3,47.8,34.7,87.9,67.1,21.1,199.0,4.4,6.8,19.9,25.9,0.1,23.9,26.0,45.7,26.6,98.7,1.3,18.1,4.8,42.9,4.4,8.7,7.5,2.4,16.7,6.9,11.3,27.4,10.7,31.5,17.1,3.8,32.3,2.2,1.4,4.9,4.9,0.0,8.7,2.1,11.8,6.1,0.0,0.0,0.0,0.0,0.0,0.0,0.0,0.0,0.0,0.0,0.0,0.0,0.0,0.0,0.0,0.0,0.0,0.0,0.0,0.0,0.0,0.0,0.0,0.0,0.0,0.0,0.0,22.1,0.0,7.3,0.7,9.5,4.3,0.7,4.0,0.0,0.6,1.0,8.6,7.2,17.8,19.7,16.6,0.1,23.2,0.3,1.6,5.7,11.7,0.0,7.5,14.4,15.8,7.8,0.2,0.0,0.0,0.0,0.2,0.0,0.0,0.0,0.1,0.2,0.4,0.4,0.4,0.2,1.0,1.3,0.5,8.5,0.1,0.1,0.5,0.7,0.0,0.9,0.8,1.4,1.0,64.9,5.1,22.2,7.7,24.4,8.6,6.2,2.3,8.1,26.1,34.4,22.2,12.7,6.0,35.7,31.7,16.5,133.0,1.7,3.6,8.8,8.6,0.0,6.8,8.6,16.5,11.8,0.3,25.4,0.0,0.0,0.3,10.1,0.1,4.2,0.1,8.5,0.1,4.4,0.1,3.3,0.0,1.4,0.0,0.8,0.1,6.3,0.2,9.3,0.1,3.7,0.0,0.1,0.0,0.0,0.0,0.1,0.0,0.3,0.0,0.2,0.1,2.0,0.0,0.0,0.0,0.0,0.0,0.1,0.0,0.0,0.0,0.0,0.0,0.0,0.0,0.0,0.0,0.1,0.0,0.0
168,bio1_whs0_land4_list500_bld1000,True,False,4,500,1000,211.7,6.4,58.0,17.5,85.7,21.8,19.0,15.3,11.5,50.1,52.3,46.3,47.8,34.7,87.9,67.1,21.1,199.0,4.4,6.8,19.9,25.9,0.1,23.9,26.0,45.7,26.6,98.7,1.3,18.1,4.8,42.9,4.4,8.7,7.5,2.4,16.7,6.9,11.3,27.4,10.7,31.5,17.1,3.8,32.3,2.2,1.4,4.9,4.9,0.0,8.7,2.1,11.8,6.1,0.0,0.0,0.0,0.0,0.0,0.0,0.0,0.0,0.0,0.0,0.0,0.0,0.0,0.0,0.0,0.0,0.0,0.0,0.0,0.0,0.0,0.0,0.0,0.0,0.0,0.0,0.0,22.1,0.0,7.3,0.7,9.5,4.3,0.7,4.0,0.0,0.6,1.0,8.6,7.2,17.8,19.7,16.6,0.1,23.2,0.3,1.6,5.7,11.7,0.0,7.5,14.4,15.8,7.8,0.2,0.0,0.0,0.0,0.2,0.0,0.0,0.0,0.1,0.2,0.4,0.4,0.4,0.2,1.0,1.3,0.5,8.5,0.1,0.1,0.5,0.7,0.0,0.9,0.8,1.4,1.0,75.6,5.1,26.9,9.6,28.0,10.5,7.7,2.9,8.5,29.2,38.9,23.9,12.8,6.0,35.8,32.0,16.7,134.2,1.7,3.6,8.8,8.6,0.0,6.8,8.6,16.6,11.8,0.2,14.8,0.0,0.0,0.2,5.5,0.0,2.3,0.1,4.9,0.1,2.6,0.1,1.8,0.0,0.9,0.0,0.4,0.1,3.3,0.1,4.9,0.1,2.0,0.0,0.0,0.0,0.0,0.0,0.0,0.0,0.0,0.0,0.0,0.0,0.8,0.0,0.0,0.0,0.0,0.0,0.0,0.0,0.0,0.0,0.0,0.0,0.0,0.0,0.0,0.0,0.0,0.0,0.0
169,bio1_whs0_land4_list500_bld1250,True,False,4,500,1250,211.7,6.4,58.0,17.5,85.7,21.8,19.0,15.3,11.5,50.1,52.3,46.3,47.8,34.7,87.9,67.1,21.1,199.0,4.4,6.8,19.9,25.9,0.1,23.9,26.0,45.7,26.6,98.7,1.3,18.1,4.8,42.9,4.4,8.7,7.5,2.4,16.7,6.9,11.3,27.4,10.7,31.5,17.1,3.8,32.3,2.2,1.4,4.9,4.9,0.0,8.7,2.1,11.8,6.1,0.0,0.0,0.0,0.0,0.0,0.0,0.0,0.0,0.0,0.0,0.0,0.0,0.0,0.0,0.0,0.0,0.0,0.0,0.0,0.0,0.0,0.0,0.0,0.0,0.0,0.0,0.0,22.1,0.0,7.3,0.7,9.5,4.3,0.7,4.0,0.0,0.6,1.0,8.6,7.2,17.8,19.7,16.6,0.1,23.2,0.3,1.6,5.7,11.7,0.0,7.5,14.4,15.8,7.8,0.2,0.0,0.0,0.0,0.2,0.0,0.0,0.0,0.1,0.2,0.4,0.4,0.4,0.2,1.0,1.3,0.5,8.5,0.1,0.1,0.5,0.7,0.0,0.9,0.8,1.4,1.0,82.3,5.1,29.7,10.9,30.3,11.6,8.7,3.3,8.7,30.8,41.5,24.8,12.8,6.0,35.8,32.0,16.7,134.6,1.7,3.6,8.8,8.6,0.0,6.8,8.6,16.6,11.8,0.1,8.2,0.0,0.0,0.1,2.9,0.0,1.1,0.0,2.7,0.0,1.4,0.0,0.9,0.0,0.4,0.0,0.2,0.0,1.6,0.1,2.4,0.0,1.1,0.0,0.0,0.0,0.0,0.0,0.0,0.0,0.0,0.0,0.0,0.0,0.4,0.0,0.0,0.0,0.0,0.0,0.0,0.0,0.0,0.0,0.0,0.0,0.0,0.0,0.0,0.0,0.0,0.0,0.0
170,bio1_whs0_land4_list1000_bld250,True,False,4,1000,250,211.7,6.4,58.0,17.5,85.7,21.8,19.0,15.3,11.5,50.1,52.3,46.3,47.8,34.7,87.9,67.1,21.1,199.0,4.4,6.8,19.9,25.9,0.1,23.9,26.0,45.7,26.6,98.7,1.3,18.1,4.8,42.9,4.4,8.7,7.5,2.4,16.7,6.9,11.3,27.4,10.7,31.5,17.1,3.8,32.3,2.2,1.4,4.9,4.9,0.0,8.7,2.1,11.8,6.1,0.0,0.0,0.0,0.0,0.0,0.0,0.0,0.0,0.0,0.0,0.0,0.0,0.0,0.0,0.0,0.0,0.0,0.0,0.0,0.0,0.0,0.0,0.0,0.0,0.0,0.0,0.0,22.1,0.0,7.3,0.7,9.5,4.3,0.7,4.0,0.0,0.6,1.0,8.6,7.2,17.8,19.7,16.6,0.1,23.2,0.3,1.6,5.7,11.7,0.0,7.5,14.4,15.8,7.8,1.2,0.1,0.2,0.1,1.4,0.2,0.1,0.1,0.7,1.5,2.4,2.4,2.3,1.3,6.4,7.7,3.1,45.6,0.5,0.4,2.4,3.7,0.0,3.7,3.7,7.0,4.3,19.6,1.9,6.7,1.5,6.5,2.3,1.4,0.5,2.8,6.0,7.6,6.0,4.3,2.3,15.3,11.8,4.3,52.8,0.9,1.7,3.6,3.5,0.0,2.6,3.3,5.8,5.1,1.3,68.8,0.2,2.9,0.7,25.2,0.1,10.2,0.6,24.7,0.2,10.4,0.2,7.8,0.1,3.0,0.3,5.3,0.6,24.6,0.8,33.6,0.6,17.5,0.3,6.3,0.2,2.5,0.7,14.4,0.6,13.2,0.2,9.6,3.2,41.9,0.1,0.4,0.2,1.4,0.4,2.9,0.2,1.9,0.0,0.0,0.1,1.4,0.2,2.2,0.5,4.7,0.6,2.7
171,bio1_whs0_land4_list1000_bld500,True,False,4,1000,500,211.7,6.4,58.0,17.5,85.7,21.8,19.0,15.3,11.5,50.1,52.3,46.3,47.8,34.7,87.9,67.1,21.1,199.0,4.4,6.8,19.9,25.9,0.1,23.9,26.0,45.7,26.6,98.7,1.3,18.1,4.8,42.9,4.4,8.7,7.5,2.4,16.7,6.9,11.3,27.4,10.7,31.5,17.1,3.8,32.3,2.2,1.4,4.9,4.9,0.0,8.7,2.1,11.8,6.1,0.0,0.0,0.0,0.0,0.0,0.0,0.0,0.0,0.0,0.0,0.0,0.0,0.0,0.0,0.0,0.0,0.0,0.0,0.0,0.0,0.0,0.0,0.0,0.0,0.0,0.0,0.0,22.1,0.0,7.3,0.7,9.5,4.3,0.7,4.0,0.0,0.6,1.0,8.6,7.2,17.8,19.7,16.6,0.1,23.2,0.3,1.6,5.7,11.7,0.0,7.5,14.4,15.8,7.8,1.2,0.1,0.2,0.1,1.4,0.2,0.1,0.1,0.7,1.5,2.4,2.4,2.3,1.3,6.4,7.7,3.1,45.6,0.5,0.4,2.4,3.7,0.0,3.7,3.7,7.0,4.3,47.5,4.6,15.3,4.8,17.6,5.8,4.0,1.5,6.5,18.7,23.8,16.3,9.9,4.6,28.5,23.3,12.2,90.2,1.4,3.2,6.5,5.4,0.0,4.0,5.3,10.2,8.3,0.6,41.6,0.0,0.3,0.5,16.7,0.1,7.0,0.3,14.0,0.1,7.0,0.2,5.3,0.1,2.1,0.1,1.7,0.3,12.2,0.5,17.7,0.3,7.4,0.1,1.0,0.0,0.3,0.2,1.7,0.2,2.2,0.1,1.9,0.5,7.2,0.0,0.0,0.0,0.1,0.0,0.4,0.0,0.2,0.0,0.0,0.0,0.1,0.0,0.3,0.1,0.8,0.0,0.1
172,bio1_whs0_land4_list1000_bld750,True,False,4,1000,750,211.7,6.4,58.0,17.5,85.7,21.8,19.0,15.3,11.5,50.1,52.3,46.3,47.8,34.7,87.9,67.1,21.1,199.0,4.4,6.8,19.9,25.9,0.1,23.9,26.0,45.7,26.6,98.7,1.3,18.1,4.8,42.9,4.4,8.7,7.5,2.4,16.7,6.9,11.3,27.4,10.7,31.5,17.1,3.8,32.3,2.2,1.4,4.9,4.9,0.0,8.7,2.1,11.8,6.1,0.0,0.0,0.0,0.0,0.0,0.0,0.0,0.0,0.0,0.0,0.0,0.0,0.0,0.0,0.0,0.0,0.0,0.0,0.0,0.0,0.0,0.0,0.0,0.0,0.0,0.0,0.0,22.1,0.0,7.3,0.7,9.5,4.3,0.7,4.0,0.0,0.6,1.0,8.6,7.2,17.8,19.7,16.6,0.1,23.2,0.3,1.6,5.7,11.7,0.0,7.5,14.4,15.8,7.8,1.2,0.1,0.2,0.1,1.4,0.2,0.1,0.1,0.7,1.5,2.4,2.4,2.3,1.3,6.4,7.7,3.1,45.6,0.5,0.4,2.4,3.7,0.0,3.7,3.7,7.0,4.3,64.0,4.9,22.1,7.6,23.2,8.4,6.1,2.2,7.5,24.8,32.5,20.3,10.9,4.9,30.2,25.4,14.0,95.8,1.4,3.3,6.9,5.6,0.0,4.1,5.6,10.9,8.4,0.3,25.4,0.0,0.0,0.3,10.1,0.1,4.2,0.1,8.5,0.1,4.4,0.1,3.3,0.0,1.4,0.0,0.8,0.1,6.3,0.2,9.2,0.1,3.6,0.0,0.1,0.0,0.0,0.0,0.1,0.0,0.3,0.0,0.2,0.1,2.0,0.0,0.0,0.0,0.0,0.0,0.1,0.0,0.0,0.0,0.0,0.0,0.0,0.0,0.0,0.0,0.1,0.0,0.0
173,bio1_whs0_land4_list1000_bld1000,True,False,4,1000,1000,211.7,6.4,58.0,17.5,85.7,21.8,19.0,15.3,11.5,50.1,52.3,46.3,47.8,34.7,87.9,67.1,21.1,199.0,4.4,6.8,19.9,25.9,0.1,23.9,26.0,45.7,26.6,98.7,1.3,18.1,4.8,42.9,4.4,8.7,7.5,2.4,16.7,6.9,11.3,27.4,10.7,31.5,17.1,3.8,32.3,2.2,1.4,4.9,4.9,0.0,8.7,2.1,11.8,6.1,0.0,0.0,0.0,0.0,0.0,0.0,0.0,0.0,0.0,0.0,0.0,0.0,0.0,0.0,0.0,0.0,0.0,0.0,0.0,0.0,0.0,0.0,0.0,0.0,0.0,0.0,0.0,22.1,0.0,7.3,0.7,9.5,4.3,0.7,4.0,0.0,0.6,1.0,8.6,7.2,17.8,19.7,16.6,0.1,23.2,0.3,1.6,5.7,11.7,0.0,7.5,14.4,15.8,7.8,1.2,0.1,0.2,0.1,1.4,0.2,0.1,0.1,0.7,1.5,2.4,2.4,2.3,1.3,6.4,7.7,3.1,45.6,0.5,0.4,2.4,3.7,0.0,3.7,3.7,7.0,4.3,74.7,5.0,26.8,9.6,26.8,10.3,7.7,2.8,7.9,27.9,37.0,22.0,10.9,4.9,30.3,25.6,14.2,97.0,1.4,3.3,6.9,5.6,0.0,4.1,5.6,11.0,8.5,0.2,14.8,0.0,0.0,0.2,5.5,0.0,2.3,0.1,4.9,0.1,2.6,0.1,1.8,0.0,0.9,0.0,0.4,0.1,3.3,0.1,4.9,0.1,2.0,0.0,0.0,0.0,0.0,0.0,0.0,0.0,0.0,0.0,0.0,0.0,0.8,0.0,0.0,0.0,0.0,0.0,0.0,0.0,0.0,0.0,0.0,0.0,0.0,0.0,0.0,0.0,0.0,0.0,0.0
174,bio1_whs0_land4_list1000_bld1250,True,False,4,1000,1250,211.7,6.4,58.0,17.5,85.7,21.8,19.0,15.3,11.5,50.1,52.3,46.3,47.8,34.7,87.9,67.1,21.1,199.0,4.4,6.8,19.9,25.9,0.1,23.9,26.0,45.7,26.6,98.7,1.3,18.1,4.8,42.9,4.4,8.7,7.5,2.4,16.7,6.9,11.3,27.4,10.7,31.5,17.1,3.8,32.3,2.2,1.4,4.9,4.9,0.0,8.7,2.1,11.8,6.1,0.0,0.0,0.0,0.0,0.0,0.0,0.0,0.0,0.0,0.0,0.0,0.0,0.0,0.0,0.0,0.0,0.0,0.0,0.0,0.0,0.0,0.0,0.0,0.0,0.0,0.0,0.0,22.1,0.0,7.3,0.7,9.5,4.3,0.7,4.0,0.0,0.6,1.0,8.6,7.2,17.8,19.7,16.6,0.1,23.2,0.3,1.6,5.7,11.7,0.0,7.5,14.4,15.8,7.8,1.2,0.1,0.2,0.1,1.4,0.2,0.1,0.1,0.7,1.5,2.4,2.4,2.3,1.3,6.4,7.7,3.1,45.6,0.5,0.4,2.4,3.7,0.0,3.7,3.7,7.0,4.3,81.4,5.0,29.5,10.8,29.1,11.4,8.6,3.2,8.1,29.6,39.5,22.9,11.0,4.9,30.3,25.7,14.2,97.5,1.4,3.3,7.0,5.6,0.0,4.1,5.6,11.0,8.5,0.1,8.2,0.0,0.0,0.1,2.9,0.0,1.1,0.0,2.7,0.0,1.4,0.0,0.9,0.0,0.4,0.0,0.2,0.0,1.6,0.1,2.4,0.0,1.1,0.0,0.0,0.0,0.0,0.0,0.0,0.0,0.0,0.0,0.0,0.0,0.4,0.0,0.0,0.0,0.0,0.0,0.0,0.0,0.0,0.0,0.0,0.0,0.0,0.0,0.0,0.0,0.0,0.0,0.0
175,bio1_whs0_land4_list1500_bld250,True,False,4,1500,250,211.7,6.4,58.0,17.5,85.7,21.8,19.0,15.3,11.5,50.1,52.3,46.3,47.8,34.7,87.9,67.1,21.1,199.0,4.4,6.8,19.9,25.9,0.1,23.9,26.0,45.7,26.6,98.7,1.3,18.1,4.8,42.9,4.4,8.7,7.5,2.4,16.7,6.9,11.3,27.4,10.7,31.5,17.1,3.8,32.3,2.2,1.4,4.9,4.9,0.0,8.7,2.1,11.8,6.1,0.0,0.0,0.0,0.0,0.0,0.0,0.0,0.0,0.0,0.0,0.0,0.0,0.0,0.0,0.0,0.0,0.0,0.0,0.0,0.0,0.0,0.0,0.0,0.0,0.0,0.0,0.0,22.1,0.0,7.3,0.7,9.5,4.3,0.7,4.0,0.0,0.6,1.0,8.6,7.2,17.8,19.7,16.6,0.1,23.2,0.3,1.6,5.7,11.7,0.0,7.5,14.4,15.8,7.8,2.9,0.3,0.5,0.2,3.4,0.5,0.2,0.3,1.7,3.7,5.7,5.4,4.8,2.6,14.7,15.8,6.2,86.2,0.9,1.0,4.4,6.6,0.0,6.0,6.8,12.4,7.8,19.0,1.9,6.6,1.5,5.8,2.2,1.4,0.5,2.4,5.4,6.7,4.9,3.3,1.6,11.1,7.8,3.0,28.2,0.6,1.3,2.5,1.7,0.0,1.1,1.5,2.8,3.0,1.2,67.8,0.1,2.8,0.6,24.9,0.1,10.1,0.5,23.5,0.2,10.2,0.2,7.7,0.1,2.9,0.2,4.7,0.6,23.0,0.7,31.2,0.5,15.6,0.3,4.9,0.1,1.9,0.5,10.4,0.5,9.4,0.2,7.9,2.1,27.0,0.0,0.3,0.2,1.2,0.3,2.2,0.1,0.9,0.0,0.0,0.1,0.6,0.1,0.9,0.3,2.6,0.4,1.6
176,bio1_whs0_land4_list1500_bld500,True,False,4,1500,500,211.7,6.4,58.0,17.5,85.7,21.8,19.0,15.3,11.5,50.1,52.3,46.3,47.8,34.7,87.9,67.1,21.1,199.0,4.4,6.8,19.9,25.9,0.1,23.9,26.0,45.7,26.6,98.7,1.3,18.1,4.8,42.9,4.4,8.7,7.5,2.4,16.7,6.9,11.3,27.4,10.7,31.5,17.1,3.8,32.3,2.2,1.4,4.9,4.9,0.0,8.7,2.1,11.8,6.1,0.0,0.0,0.0,0.0,0.0,0.0,0.0,0.0,0.0,0.0,0.0,0.0,0.0,0.0,0.0,0.0,0.0,0.0,0.0,0.0,0.0,0.0,0.0,0.0,0.0,0.0,0.0,22.1,0.0,7.3,0.7,9.5,4.3,0.7,4.0,0.0,0.6,1.0,8.6,7.2,17.8,19.7,16.6,0.1,23.2,0.3,1.6,5.7,11.7,0.0,7.5,14.4,15.8,7.8,2.9,0.3,0.5,0.2,3.4,0.5,0.2,0.3,1.7,3.7,5.7,5.4,4.8,2.6,14.7,15.8,6.2,86.2,0.9,1.0,4.4,6.6,0.0,6.0,6.8,12.4,7.8,45.9,4.4,15.1,4.7,15.9,5.5,3.9,1.4,5.6,17.0,21.2,13.8,7.5,3.4,20.8,15.7,9.3,50.9,0.9,2.6,4.6,2.6,0.0,1.7,2.4,5.1,4.9,0.6,41.4,0.0,0.3,0.5,16.5,0.1,7.0,0.2,13.7,0.1,6.9,0.2,5.3,0.1,2.0,0.1,1.6,0.3,11.7,0.4,17.0,0.2,7.0,0.1,0.8,0.0,0.3,0.1,1.2,0.1,1.8,0.1,1.7,0.4,6.0,0.0,0.0,0.0,0.1,0.0,0.3,0.0,0.1,0.0,0.0,0.0,0.1,0.0,0.1,0.0,0.5,0.0,0.0
177,bio1_whs0_land4_list1500_bld750,True,False,4,1500,750,211.7,6.4,58.0,17.5,85.7,21.8,19.0,15.3,11.5,50.1,52.3,46.3,47.8,34.7,87.9,67.1,21.1,199.0,4.4,6.8,19.9,25.9,0.1,23.9,26.0,45.7,26.6,98.7,1.3,18.1,4.8,42.9,4.4,8.7,7.5,2.4,16.7,6.9,11.3,27.4,10.7,31.5,17.1,3.8,32.3,2.2,1.4,4.9,4.9,0.0,8.7,2.1,11.8,6.1,0.0,0.0,0.0,0.0,0.0,0.0,0.0,0.0,0.0,0.0,0.0,0.0,0.0,0.0,0.0,0.0,0.0,0.0,0.0,0.0,0.0,0.0,0.0,0.0,0.0,0.0,0.0,22.1,0.0,7.3,0.7,9.5,4.3,0.7,4.0,0.0,0.6,1.0,8.6,7.2,17.8,19.7,16.6,0.1,23.2,0.3,1.6,5.7,11.7,0.0,7.5,14.4,15.8,7.8,2.9,0.3,0.5,0.2,3.4,0.5,0.2,0.3,1.7,3.7,5.7,5.4,4.8,2.6,14.7,15.8,6.2,86.2,0.9,1.0,4.4,6.6,0.0,6.0,6.8,12.4,7.8,62.3,4.7,21.8,7.5,21.3,8.1,6.0,2.0,6.5,22.7,29.4,17.4,8.4,3.6,22.0,17.3,10.9,55.3,0.9,2.7,4.9,2.7,0.0,1.8,2.5,5.6,4.9,0.3,25.4,0.0,0.0,0.3,10.0,0.1,4.2,0.1,8.4,0.1,4.4,0.1,3.3,0.0,1.4,0.0,0.8,0.1,6.1,0.2,9.0,0.1,3.5,0.0,0.1,0.0,0.0,0.0,0.0,0.0,0.3,0.0,0.2,0.1,1.9,0.0,0.0,0.0,0.0,0.0,0.0,0.0,0.0,0.0,0.0,0.0,0.0,0.0,0.0,0.0,0.1,0.0,0.0
178,bio1_whs0_land4_list1500_bld1000,True,False,4,1500,1000,211.7,6.4,58.0,17.5,85.7,21.8,19.0,15.3,11.5,50.1,52.3,46.3,47.8,34.7,87.9,67.1,21.1,199.0,4.4,6.8,19.9,25.9,0.1,23.9,26.0,45.7,26.6,98.7,1.3,18.1,4.8,42.9,4.4,8.7,7.5,2.4,16.7,6.9,11.3,27.4,10.7,31.5,17.1,3.8,32.3,2.2,1.4,4.9,4.9,0.0,8.7,2.1,11.8,6.1,0.0,0.0,0.0,0.0,0.0,0.0,0.0,0.0,0.0,0.0,0.0,0.0,0.0,0.0,0.0,0.0,0.0,0.0,0.0,0.0,0.0,0.0,0.0,0.0,0.0,0.0,0.0,22.1,0.0,7.3,0.7,9.5,4.3,0.7,4.0,0.0,0.6,1.0,8.6,7.2,17.8,19.7,16.6,0.1,23.2,0.3,1.6,5.7,11.7,0.0,7.5,14.4,15.8,7.8,2.9,0.3,0.5,0.2,3.4,0.5,0.2,0.3,1.7,3.7,5.7,5.4,4.8,2.6,14.7,15.8,6.2,86.2,0.9,1.0,4.4,6.6,0.0,6.0,6.8,12.4,7.8,72.9,4.8,26.5,9.5,24.9,10.0,7.6,2.6,6.9,25.7,33.7,19.0,8.5,3.7,22.1,17.6,11.1,56.4,0.9,2.7,4.9,2.7,0.0,1.8,2.6,5.7,4.9,0.2,14.8,0.0,0.0,0.2,5.5,0.0,2.3,0.1,4.9,0.1,2.5,0.0,1.8,0.0,0.9,0.0,0.4,0.1,3.2,0.1,4.8,0.1,1.9,0.0,0.0,0.0,0.0,0.0,0.0,0.0,0.0,0.0,0.0,0.0,0.8,0.0,0.0,0.0,0.0,0.0,0.0,0.0,0.0,0.0,0.0,0.0,0.0,0.0,0.0,0.0,0.0,0.0,0.0
179,bio1_whs0_land4_list1500_bld1250,True,False,4,1500,1250,211.7,6.4,58.0,17.5,85.7,21.8,19.0,15.3,11.5,50.1,52.3,46.3,47.8,34.7,87.9,67.1,21.1,199.0,4.4,6.8,19.9,25.9,0.1,23.9,26.0,45.7,26.6,98.7,1.3,18.1,4.8,42.9,4.4,8.7,7.5,2.4,16.7,6.9,11.3,27.4,10.7,31.5,17.1,3.8,32.3,2.2,1.4,4.9,4.9,0.0,8.7,2.1,11.8,6.1,0.0,0.0,0.0,0.0,0.0,0.0,0.0,0.0,0.0,0.0,0.0,0.0,0.0,0.0,0.0,0.0,0.0,0.0,0.0,0.0,0.0,0.0,0.0,0.0,0.0,0.0,0.0,22.1,0.0,7.3,0.7,9.5,4.3,0.7,4.0,0.0,0.6,1.0,8.6,7.2,17.8,19.7,16.6,0.1,23.2,0.3,1.6,5.7,11.7,0.0,7.5,14.4,15.8,7.8,2.9,0.3,0.5,0.2,3.4,0.5,0.2,0.3,1.7,3.7,5.7,5.4,4.8,2.6,14.7,15.8,6.2,86.2,0.9,1.0,4.4,6.6,0.0,6.0,6.8,12.4,7.8,79.6,4.8,29.2,10.7,27.1,11.1,8.5,3.0,7.1,27.3,36.2,19.9,8.5,3.7,22.1,17.6,11.1,56.9,0.9,2.7,4.9,2.7,0.0,1.8,2.6,5.7,4.9,0.1,8.2,0.0,0.0,0.1,2.9,0.0,1.1,0.0,2.7,0.0,1.4,0.0,0.9,0.0,0.4,0.0,0.2,0.0,1.6,0.1,2.4,0.0,1.1,0.0,0.0,0.0,0.0,0.0,0.0,0.0,0.0,0.0,0.0,0.0,0.4,0.0,0.0,0.0,0.0,0.0,0.0,0.0,0.0,0.0,0.0,0.0,0.0,0.0,0.0,0.0,0.0,0.0,0.0
180,bio1_whs1_land1_list500_bld250,True,True,1,500,250,211.7,6.4,58.0,17.5,85.7,21.8,19.0,15.3,11.5,50.1,52.3,46.3,47.8,34.7,87.9,67.1,21.1,199.0,4.4,6.8,19.9,25.9,0.1,23.9,26.0,45.7,26.6,98.7,1.3,18.1,4.8,42.9,4.4,8.7,7.5,2.4,16.7,6.9,11.3,27.4,10.7,31.5,17.1,3.8,32.3,2.2,1.4,4.9,4.9,0.0,8.7,2.1,11.8,6.1,2.7,0.0,0.0,0.0,0.0,0.0,0.0,0.0,0.0,0.0,0.0,1.8,1.2,9.5,0.0,0.0,0.0,0.0,0.0,0.0,0.1,0.2,0.0,0.0,0.0,0.1,0.2,0.0,0.0,0.0,0.0,0.0,0.0,0.0,0.0,0.0,0.0,0.0,0.0,0.0,0.0,0.0,0.0,0.0,0.0,0.0,0.0,0.0,0.0,0.0,0.0,0.0,0.0,0.0,0.2,0.0,0.0,0.0,0.3,0.0,0.0,0.0,0.1,0.2,0.4,0.5,0.6,0.5,1.5,2.0,0.5,9.9,0.1,0.1,0.7,1.5,0.0,1.7,1.9,2.4,1.4,26.0,2.0,8.2,1.6,7.7,3.0,1.5,1.2,3.0,6.4,8.4,7.3,7.3,5.0,26.9,22.9,5.6,87.5,1.2,2.6,6.1,9.6,0.0,8.6,11.6,14.6,9.5,1.7,82.3,0.2,2.9,1.0,30.6,0.1,10.9,0.7,34.1,0.3,14.0,0.3,8.5,0.3,6.3,0.3,5.6,0.7,26.0,0.9,35.7,0.6,24.8,0.5,10.9,0.4,8.7,1.2,26.8,1.2,23.8,0.3,10.9,4.9,64.3,0.1,0.7,0.3,2.3,0.6,7.5,0.6,9.0,0.0,0.0,0.5,4.4,0.8,9.5,1.2,15.5,1.1,8.3
181,bio1_whs1_land1_list500_bld500,True,True,1,500,500,211.7,6.4,58.0,17.5,85.7,21.8,19.0,15.3,11.5,50.1,52.3,46.3,47.8,34.7,87.9,67.1,21.1,199.0,4.4,6.8,19.9,25.9,0.1,23.9,26.0,45.7,26.6,98.7,1.3,18.1,4.8,42.9,4.4,8.7,7.5,2.4,16.7,6.9,11.3,27.4,10.7,31.5,17.1,3.8,32.3,2.2,1.4,4.9,4.9,0.0,8.7,2.1,11.8,6.1,2.7,0.0,0.0,0.0,0.0,0.0,0.0,0.0,0.0,0.0,0.0,1.8,1.2,9.5,0.0,0.0,0.0,0.0,0.0,0.0,0.1,0.2,0.0,0.0,0.0,0.1,0.2,0.0,0.0,0.0,0.0,0.0,0.0,0.0,0.0,0.0,0.0,0.0,0.0,0.0,0.0,0.0,0.0,0.0,0.0,0.0,0.0,0.0,0.0,0.0,0.0,0.0,0.0,0.0,0.2,0.0,0.0,0.0,0.3,0.0,0.0,0.0,0.1,0.2,0.4,0.5,0.6,0.5,1.5,2.0,0.5,9.9,0.1,0.1,0.7,1.5,0.0,1.7,1.9,2.4,1.4,60.8,4.7,18.9,5.1,21.2,7.6,4.3,2.9,7.1,20.1,26.0,20.5,16.4,10.9,49.6,42.9,14.7,146.2,1.9,5.0,11.6,17.5,0.0,13.2,20.1,28.2,17.0,0.9,48.3,0.0,0.3,0.8,20.2,0.1,7.4,0.3,21.0,0.2,9.6,0.2,5.8,0.2,4.7,0.1,1.8,0.4,12.6,0.5,18.4,0.3,11.9,0.1,2.2,0.1,3.0,0.3,5.1,0.3,4.7,0.1,2.0,0.8,9.8,0.0,0.1,0.0,0.2,0.1,2.6,0.1,1.7,0.0,0.0,0.0,0.3,0.1,1.7,0.2,2.9,0.1,1.8
182,bio1_whs1_land1_list500_bld750,True,True,1,500,750,211.7,6.4,58.0,17.5,85.7,21.8,19.0,15.3,11.5,50.1,52.3,46.3,47.8,34.7,87.9,67.1,21.1,199.0,4.4,6.8,19.9,25.9,0.1,23.9,26.0,45.7,26.6,98.7,1.3,18.1,4.8,42.9,4.4,8.7,7.5,2.4,16.7,6.9,11.3,27.4,10.7,31.5,17.1,3.8,32.3,2.2,1.4,4.9,4.9,0.0,8.7,2.1,11.8,6.1,2.7,0.0,0.0,0.0,0.0,0.0,0.0,0.0,0.0,0.0,0.0,1.8,1.2,9.5,0.0,0.0,0.0,0.0,0.0,0.0,0.1,0.2,0.0,0.0,0.0,0.1,0.2,0.0,0.0,0.0,0.0,0.0,0.0,0.0,0.0,0.0,0.0,0.0,0.0,0.0,0.0,0.0,0.0,0.0,0.0,0.0,0.0,0.0,0.0,0.0,0.0,0.0,0.0,0.0,0.2,0.0,0.0,0.0,0.3,0.0,0.0,0.0,0.1,0.2,0.4,0.5,0.6,0.5,1.5,2.0,0.5,9.9,0.1,0.1,0.7,1.5,0.0,1.7,1.9,2.4,1.4,81.4,5.1,27.4,8.1,29.0,11.1,6.6,4.4,8.1,26.5,35.2,26.4,18.1,12.8,53.8,46.9,16.6,154.0,2.0,5.2,13.0,19.0,0.0,13.5,21.7,30.9,18.1,0.4,28.2,0.0,0.0,0.5,12.0,0.1,4.5,0.2,13.4,0.1,6.2,0.1,3.6,0.1,3.3,0.0,0.8,0.1,6.4,0.2,9.5,0.1,6.2,0.0,0.6,0.0,1.3,0.0,1.1,0.1,0.9,0.0,0.2,0.1,2.7,0.0,0.0,0.0,0.0,0.0,1.2,0.0,0.3,0.0,0.0,0.0,0.0,0.0,0.2,0.0,0.3,0.0,0.8
183,bio1_whs1_land1_list500_bld1000,True,True,1,500,1000,211.7,6.4,58.0,17.5,85.7,21.8,19.0,15.3,11.5,50.1,52.3,46.3,47.8,34.7,87.9,67.1,21.1,199.0,4.4,6.8,19.9,25.9,0.1,23.9,26.0,45.7,26.6,98.7,1.3,18.1,4.8,42.9,4.4,8.7,7.5,2.4,16.7,6.9,11.3,27.4,10.7,31.5,17.1,3.8,32.3,2.2,1.4,4.9,4.9,0.0,8.7,2.1,11.8,6.1,2.7,0.0,0.0,0.0,0.0,0.0,0.0,0.0,0.0,0.0,0.0,1.8,1.2,9.5,0.0,0.0,0.0,0.0,0.0,0.0,0.1,0.2,0.0,0.0,0.0,0.1,0.2,0.0,0.0,0.0,0.0,0.0,0.0,0.0,0.0,0.0,0.0,0.0,0.0,0.0,0.0,0.0,0.0,0.0,0.0,0.0,0.0,0.0,0.0,0.0,0.0,0.0,0.0,0.0,0.2,0.0,0.0,0.0,0.3,0.0,0.0,0.0,0.1,0.2,0.4,0.5,0.6,0.5,1.5,2.0,0.5,9.9,0.1,0.1,0.7,1.5,0.0,1.7,1.9,2.4,1.4,94.2,5.1,33.3,10.2,34.4,13.7,8.3,5.6,8.5,29.7,39.9,29.4,18.5,13.5,54.6,47.7,16.8,155.6,2.0,5.2,13.6,19.3,0.0,13.5,21.9,31.3,18.5,0.2,15.7,0.0,0.0,0.3,6.4,0.0,2.4,0.1,8.0,0.1,3.5,0.1,2.0,0.1,2.2,0.0,0.4,0.1,3.3,0.1,5.0,0.1,3.2,0.0,0.2,0.0,0.5,0.0,0.3,0.0,0.2,0.0,0.0,0.0,1.1,0.0,0.0,0.0,0.0,0.0,0.6,0.0,0.0,0.0,0.0,0.0,0.0,0.0,0.0,0.0,0.0,0.0,0.4
184,bio1_whs1_land1_list500_bld1250,True,True,1,500,1250,211.7,6.4,58.0,17.5,85.7,21.8,19.0,15.3,11.5,50.1,52.3,46.3,47.8,34.7,87.9,67.1,21.1,199.0,4.4,6.8,19.9,25.9,0.1,23.9,26.0,45.7,26.6,98.7,1.3,18.1,4.8,42.9,4.4,8.7,7.5,2.4,16.7,6.9,11.3,27.4,10.7,31.5,17.1,3.8,32.3,2.2,1.4,4.9,4.9,0.0,8.7,2.1,11.8,6.1,2.7,0.0,0.0,0.0,0.0,0.0,0.0,0.0,0.0,0.0,0.0,1.8,1.2,9.5,0.0,0.0,0.0,0.0,0.0,0.0,0.1,0.2,0.0,0.0,0.0,0.1,0.2,0.0,0.0,0.0,0.0,0.0,0.0,0.0,0.0,0.0,0.0,0.0,0.0,0.0,0.0,0.0,0.0,0.0,0.0,0.0,0.0,0.0,0.0,0.0,0.0,0.0,0.0,0.0,0.2,0.0,0.0,0.0,0.3,0.0,0.0,0.0,0.1,0.2,0.4,0.5,0.6,0.5,1.5,2.0,0.5,9.9,0.1,0.1,0.7,1.5,0.0,1.7,1.9,2.4,1.4,101.7,5.1,36.6,11.5,38.0,15.4,9.3,6.6,8.7,31.4,42.4,31.1,18.6,13.9,54.9,47.9,16.8,156.2,2.0,5.2,14.0,19.3,0.0,13.5,21.9,31.3,18.8,0.1,8.2,0.0,0.0,0.1,3.2,0.0,1.1,0.1,4.5,0.0,1.9,0.0,1.0,0.0,1.2,0.0,0.2,0.0,1.6,0.1,2.4,0.0,1.6,0.0,0.1,0.0,0.2,0.0,0.1,0.0,0.1,0.0,0.0,0.0,0.5,0.0,0.0,0.0,0.0,0.0,0.3,0.0,0.0,0.0,0.0,0.0,0.0,0.0,0.0,0.0,0.0,0.0,0.1
185,bio1_whs1_land1_list1000_bld250,True,True,1,1000,250,211.7,6.4,58.0,17.5,85.7,21.8,19.0,15.3,11.5,50.1,52.3,46.3,47.8,34.7,87.9,67.1,21.1,199.0,4.4,6.8,19.9,25.9,0.1,23.9,26.0,45.7,26.6,98.7,1.3,18.1,4.8,42.9,4.4,8.7,7.5,2.4,16.7,6.9,11.3,27.4,10.7,31.5,17.1,3.8,32.3,2.2,1.4,4.9,4.9,0.0,8.7,2.1,11.8,6.1,2.7,0.0,0.0,0.0,0.0,0.0,0.0,0.0,0.0,0.0,0.0,1.8,1.2,9.5,0.0,0.0,0.0,0.0,0.0,0.0,0.1,0.2,0.0,0.0,0.0,0.1,0.2,0.0,0.0,0.0,0.0,0.0,0.0,0.0,0.0,0.0,0.0,0.0,0.0,0.0,0.0,0.0,0.0,0.0,0.0,0.0,0.0,0.0,0.0,0.0,0.0,0.0,0.0,0.0,1.3,0.1,0.2,0.1,1.5,0.2,0.1,0.2,0.7,1.6,2.5,2.5,3.0,2.4,9.3,11.6,3.1,52.9,0.5,0.7,3.1,7.6,0.0,7.1,9.0,12.1,6.1,25.6,1.9,8.2,1.6,7.3,2.9,1.5,1.2,2.8,6.1,7.8,6.6,6.2,4.1,22.6,17.7,4.3,60.7,1.0,2.3,4.7,6.2,0.0,5.2,7.5,9.3,6.9,1.7,81.7,0.2,2.9,1.0,30.5,0.1,10.8,0.7,33.3,0.3,13.9,0.3,8.5,0.3,6.2,0.3,5.3,0.6,25.1,0.8,34.3,0.6,23.5,0.5,9.6,0.3,7.7,1.0,23.6,1.0,19.7,0.2,9.7,3.9,49.2,0.1,0.6,0.3,2.1,0.5,6.6,0.4,6.6,0.0,0.0,0.4,2.6,0.6,6.7,0.9,11.4,0.8,6.5
186,bio1_whs1_land1_list1000_bld500,True,True,1,1000,500,211.7,6.4,58.0,17.5,85.7,21.8,19.0,15.3,11.5,50.1,52.3,46.3,47.8,34.7,87.9,67.1,21.1,199.0,4.4,6.8,19.9,25.9,0.1,23.9,26.0,45.7,26.6,98.7,1.3,18.1,4.8,42.9,4.4,8.7,7.5,2.4,16.7,6.9,11.3,27.4,10.7,31.5,17.1,3.8,32.3,2.2,1.4,4.9,4.9,0.0,8.7,2.1,11.8,6.1,2.7,0.0,0.0,0.0,0.0,0.0,0.0,0.0,0.0,0.0,0.0,1.8,1.2,9.5,0.0,0.0,0.0,0.0,0.0,0.0,0.1,0.2,0.0,0.0,0.0,0.1,0.2,0.0,0.0,0.0,0.0,0.0,0.0,0.0,0.0,0.0,0.0,0.0,0.0,0.0,0.0,0.0,0.0,0.0,0.0,0.0,0.0,0.0,0.0,0.0,0.0,0.0,0.0,0.0,1.3,0.1,0.2,0.1,1.5,0.2,0.1,0.2,0.7,1.6,2.5,2.5,3.0,2.4,9.3,11.6,3.1,52.9,0.5,0.7,3.1,7.6,0.0,7.1,9.0,12.1,6.1,59.8,4.6,18.8,5.0,20.1,7.4,4.3,2.8,6.5,19.0,24.3,18.7,14.1,9.1,42.1,33.9,12.2,104.1,1.6,4.5,9.3,11.7,0.0,7.9,13.3,18.9,12.4,0.9,48.3,0.0,0.3,0.8,20.2,0.1,7.4,0.3,20.9,0.2,9.6,0.2,5.8,0.2,4.6,0.1,1.7,0.3,12.4,0.5,18.1,0.3,11.7,0.1,2.1,0.1,2.9,0.3,4.8,0.3,4.3,0.1,1.9,0.7,9.0,0.0,0.1,0.0,0.1,0.1,2.5,0.1,1.4,0.0,0.0,0.0,0.2,0.1,1.4,0.2,2.5,0.1,1.7
187,bio1_whs1_land1_list1000_bld750,True,True,1,1000,750,211.7,6.4,58.0,17.5,85.7,21.8,19.0,15.3,11.5,50.1,52.3,46.3,47.8,34.7,87.9,67.1,21.1,199.0,4.4,6.8,19.9,25.9,0.1,23.9,26.0,45.7,26.6,98.7,1.3,18.1,4.8,42.9,4.4,8.7,7.5,2.4,16.7,6.9,11.3,27.4,10.7,31.5,17.1,3.8,32.3,2.2,1.4,4.9,4.9,0.0,8.7,2.1,11.8,6.1,2.7,0.0,0.0,0.0,0.0,0.0,0.0,0.0,0.0,0.0,0.0,1.8,1.2,9.5,0.0,0.0,0.0,0.0,0.0,0.0,0.1,0.2,0.0,0.0,0.0,0.1,0.2,0.0,0.0,0.0,0.0,0.0,0.0,0.0,0.0,0.0,0.0,0.0,0.0,0.0,0.0,0.0,0.0,0.0,0.0,0.0,0.0,0.0,0.0,0.0,0.0,0.0,0.0,0.0,1.3,0.1,0.2,0.1,1.5,0.2,0.1,0.2,0.7,1.6,2.5,2.5,3.0,2.4,9.3,11.6,3.1,52.9,0.5,0.7,3.1,7.6,0.0,7.1,9.0,12.1,6.1,80.3,4.9,27.3,8.0,27.8,10.9,6.5,4.2,7.5,25.3,33.2,24.4,15.7,10.8,46.1,37.4,14.0,111.0,1.6,4.7,10.6,12.9,0.0,8.1,14.5,21.3,13.4,0.4,28.2,0.0,0.0,0.5,12.0,0.1,4.4,0.2,13.4,0.1,6.1,0.1,3.6,0.1,3.3,0.0,0.8,0.1,6.4,0.2,9.4,0.1,6.2,0.0,0.6,0.0,1.3,0.0,1.1,0.1,0.9,0.0,0.2,0.1,2.7,0.0,0.0,0.0,0.0,0.0,1.2,0.0,0.3,0.0,0.0,0.0,0.0,0.0,0.2,0.0,0.3,0.0,0.8
188,bio1_whs1_land1_list1000_bld1000,True,True,1,1000,1000,211.7,6.4,58.0,17.5,85.7,21.8,19.0,15.3,11.5,50.1,52.3,46.3,47.8,34.7,87.9,67.1,21.1,199.0,4.4,6.8,19.9,25.9,0.1,23.9,26.0,45.7,26.6,98.7,1.3,18.1,4.8,42.9,4.4,8.7,7.5,2.4,16.7,6.9,11.3,27.4,10.7,31.5,17.1,3.8,32.3,2.2,1.4,4.9,4.9,0.0,8.7,2.1,11.8,6.1,2.7,0.0,0.0,0.0,0.0,0.0,0.0,0.0,0.0,0.0,0.0,1.8,1.2,9.5,0.0,0.0,0.0,0.0,0.0,0.0,0.1,0.2,0.0,0.0,0.0,0.1,0.2,0.0,0.0,0.0,0.0,0.0,0.0,0.0,0.0,0.0,0.0,0.0,0.0,0.0,0.0,0.0,0.0,0.0,0.0,0.0,0.0,0.0,0.0,0.0,0.0,0.0,0.0,0.0,1.3,0.1,0.2,0.1,1.5,0.2,0.1,0.2,0.7,1.6,2.5,2.5,3.0,2.4,9.3,11.6,3.1,52.9,0.5,0.7,3.1,7.6,0.0,7.1,9.0,12.1,6.1,93.0,5.0,33.1,10.1,33.2,13.5,8.2,5.4,7.9,28.4,37.8,27.4,16.1,11.6,46.9,38.2,14.2,112.6,1.6,4.7,11.2,13.2,0.0,8.1,14.7,21.6,13.8,0.2,15.7,0.0,0.0,0.3,6.4,0.0,2.4,0.1,8.0,0.1,3.5,0.1,2.0,0.1,2.2,0.0,0.4,0.1,3.3,0.1,5.0,0.1,3.2,0.0,0.2,0.0,0.5,0.0,0.3,0.0,0.2,0.0,0.0,0.0,1.1,0.0,0.0,0.0,0.0,0.0,0.6,0.0,0.0,0.0,0.0,0.0,0.0,0.0,0.0,0.0,0.0,0.0,0.4
189,bio1_whs1_land1_list1000_bld1250,True,True,1,1000,1250,211.7,6.4,58.0,17.5,85.7,21.8,19.0,15.3,11.5,50.1,52.3,46.3,47.8,34.7,87.9,67.1,21.1,199.0,4.4,6.8,19.9,25.9,0.1,23.9,26.0,45.7,26.6,98.7,1.3,18.1,4.8,42.9,4.4,8.7,7.5,2.4,16.7,6.9,11.3,27.4,10.7,31.5,17.1,3.8,32.3,2.2,1.4,4.9,4.9,0.0,8.7,2.1,11.8,6.1,2.7,0.0,0.0,0.0,0.0,0.0,0.0,0.0,0.0,0.0,0.0,1.8,1.2,9.5,0.0,0.0,0.0,0.0,0.0,0.0,0.1,0.2,0.0,0.0,0.0,0.1,0.2,0.0,0.0,0.0,0.0,0.0,0.0,0.0,0.0,0.0,0.0,0.0,0.0,0.0,0.0,0.0,0.0,0.0,0.0,0.0,0.0,0.0,0.0,0.0,0.0,0.0,0.0,0.0,1.3,0.1,0.2,0.1,1.5,0.2,0.1,0.2,0.7,1.6,2.5,2.5,3.0,2.4,9.3,11.6,3.1,52.9,0.5,0.7,3.1,7.6,0.0,7.1,9.0,12.1,6.1,100.6,5.0,36.4,11.4,36.8,15.2,9.2,6.5,8.1,30.1,40.4,29.1,16.2,11.9,47.1,38.4,14.2,113.2,1.7,4.7,11.6,13.2,0.0,8.1,14.8,21.6,14.1,0.1,8.2,0.0,0.0,0.1,3.2,0.0,1.1,0.1,4.5,0.0,1.9,0.0,1.0,0.0,1.2,0.0,0.2,0.0,1.6,0.1,2.4,0.0,1.6,0.0,0.1,0.0,0.2,0.0,0.1,0.0,0.1,0.0,0.0,0.0,0.5,0.0,0.0,0.0,0.0,0.0,0.3,0.0,0.0,0.0,0.0,0.0,0.0,0.0,0.0,0.0,0.0,0.0,0.1
190,bio1_whs1_land1_list1500_bld250,True,True,1,1500,250,211.7,6.4,58.0,17.5,85.7,21.8,19.0,15.3,11.5,50.1,52.3,46.3,47.8,34.7,87.9,67.1,21.1,199.0,4.4,6.8,19.9,25.9,0.1,23.9,26.0,45.7,26.6,98.7,1.3,18.1,4.8,42.9,4.4,8.7,7.5,2.4,16.7,6.9,11.3,27.4,10.7,31.5,17.1,3.8,32.3,2.2,1.4,4.9,4.9,0.0,8.7,2.1,11.8,6.1,2.7,0.0,0.0,0.0,0.0,0.0,0.0,0.0,0.0,0.0,0.0,1.8,1.2,9.5,0.0,0.0,0.0,0.0,0.0,0.0,0.1,0.2,0.0,0.0,0.0,0.1,0.2,0.0,0.0,0.0,0.0,0.0,0.0,0.0,0.0,0.0,0.0,0.0,0.0,0.0,0.0,0.0,0.0,0.0,0.0,0.0,0.0,0.0,0.0,0.0,0.0,0.0,0.0,0.0,3.3,0.3,0.5,0.2,3.6,0.6,0.2,0.5,1.7,3.8,5.9,5.7,6.3,4.9,20.6,23.6,6.2,99.9,1.0,1.5,5.7,14.0,0.0,11.6,16.6,22.1,11.0,24.9,1.9,8.1,1.6,6.6,2.8,1.5,1.1,2.4,5.5,6.8,5.5,4.8,3.0,16.6,11.5,3.0,32.6,0.7,1.9,3.3,2.9,0.0,2.3,3.5,4.6,4.2,1.6,80.5,0.1,2.8,1.0,30.3,0.1,10.7,0.6,32.0,0.3,13.7,0.3,8.4,0.3,6.0,0.2,4.7,0.6,23.5,0.7,31.9,0.5,21.4,0.4,7.8,0.3,6.4,0.8,18.4,0.7,14.1,0.2,7.9,2.5,31.7,0.1,0.4,0.2,1.8,0.4,5.5,0.2,3.6,0.0,0.0,0.2,1.1,0.3,3.3,0.5,6.6,0.5,4.6
191,bio1_whs1_land1_list1500_bld500,True,True,1,1500,500,211.7,6.4,58.0,17.5,85.7,21.8,19.0,15.3,11.5,50.1,52.3,46.3,47.8,34.7,87.9,67.1,21.1,199.0,4.4,6.8,19.9,25.9,0.1,23.9,26.0,45.7,26.6,98.7,1.3,18.1,4.8,42.9,4.4,8.7,7.5,2.4,16.7,6.9,11.3,27.4,10.7,31.5,17.1,3.8,32.3,2.2,1.4,4.9,4.9,0.0,8.7,2.1,11.8,6.1,2.7,0.0,0.0,0.0,0.0,0.0,0.0,0.0,0.0,0.0,0.0,1.8,1.2,9.5,0.0,0.0,0.0,0.0,0.0,0.0,0.1,0.2,0.0,0.0,0.0,0.1,0.2,0.0,0.0,0.0,0.0,0.0,0.0,0.0,0.0,0.0,0.0,0.0,0.0,0.0,0.0,0.0,0.0,0.0,0.0,0.0,0.0,0.0,0.0,0.0,0.0,0.0,0.0,0.0,3.3,0.3,0.5,0.2,3.6,0.6,0.2,0.5,1.7,3.8,5.9,5.7,6.3,4.9,20.6,23.6,6.2,99.9,1.0,1.5,5.7,14.0,0.0,11.6,16.6,22.1,11.0,58.1,4.4,18.6,5.0,18.3,7.1,4.2,2.7,5.6,17.2,21.6,16.0,10.9,7.0,31.5,22.8,9.3,58.7,1.1,3.7,6.8,5.8,0.0,3.5,6.3,9.9,7.7,0.9,48.0,0.0,0.3,0.8,20.0,0.1,7.4,0.3,20.5,0.2,9.5,0.2,5.7,0.2,4.5,0.1,1.6,0.3,12.0,0.5,17.4,0.3,11.2,0.1,1.9,0.1,2.6,0.2,4.2,0.2,3.3,0.1,1.7,0.5,7.5,0.0,0.1,0.0,0.1,0.1,2.3,0.1,0.9,0.0,0.0,0.0,0.1,0.0,0.8,0.1,1.7,0.1,1.5
192,bio1_whs1_land1_list1500_bld750,True,True,1,1500,750,211.7,6.4,58.0,17.5,85.7,21.8,19.0,15.3,11.5,50.1,52.3,46.3,47.8,34.7,87.9,67.1,21.1,199.0,4.4,6.8,19.9,25.9,0.1,23.9,26.0,45.7,26.6,98.7,1.3,18.1,4.8,42.9,4.4,8.7,7.5,2.4,16.7,6.9,11.3,27.4,10.7,31.5,17.1,3.8,32.3,2.2,1.4,4.9,4.9,0.0,8.7,2.1,11.8,6.1,2.7,0.0,0.0,0.0,0.0,0.0,0.0,0.0,0.0,0.0,0.0,1.8,1.2,9.5,0.0,0.0,0.0,0.0,0.0,0.0,0.1,0.2,0.0,0.0,0.0,0.1,0.2,0.0,0.0,0.0,0.0,0.0,0.0,0.0,0.0,0.0,0.0,0.0,0.0,0.0,0.0,0.0,0.0,0.0,0.0,0.0,0.0,0.0,0.0,0.0,0.0,0.0,0.0,0.0,3.3,0.3,0.5,0.2,3.6,0.6,0.2,0.5,1.7,3.8,5.9,5.7,6.3,4.9,20.6,23.6,6.2,99.9,1.0,1.5,5.7,14.0,0.0,11.6,16.6,22.1,11.0,78.3,4.7,27.0,8.0,25.8,10.5,6.4,4.0,6.5,23.1,30.0,21.3,12.4,8.5,34.8,25.5,10.9,64.0,1.1,3.8,8.0,6.6,0.0,3.6,7.0,11.4,8.5,0.4,28.2,0.0,0.0,0.5,11.9,0.1,4.4,0.2,13.2,0.1,6.1,0.1,3.6,0.1,3.3,0.0,0.8,0.1,6.3,0.2,9.2,0.1,6.0,0.0,0.6,0.0,1.2,0.0,1.0,0.0,0.8,0.0,0.2,0.1,2.6,0.0,0.0,0.0,0.0,0.0,1.2,0.0,0.2,0.0,0.0,0.0,0.0,0.0,0.2,0.0,0.2,0.0,0.8
193,bio1_whs1_land1_list1500_bld1000,True,True,1,1500,1000,211.7,6.4,58.0,17.5,85.7,21.8,19.0,15.3,11.5,50.1,52.3,46.3,47.8,34.7,87.9,67.1,21.1,199.0,4.4,6.8,19.9,25.9,0.1,23.9,26.0,45.7,26.6,98.7,1.3,18.1,4.8,42.9,4.4,8.7,7.5,2.4,16.7,6.9,11.3,27.4,10.7,31.5,17.1,3.8,32.3,2.2,1.4,4.9,4.9,0.0,8.7,2.1,11.8,6.1,2.7,0.0,0.0,0.0,0.0,0.0,0.0,0.0,0.0,0.0,0.0,1.8,1.2,9.5,0.0,0.0,0.0,0.0,0.0,0.0,0.1,0.2,0.0,0.0,0.0,0.1,0.2,0.0,0.0,0.0,0.0,0.0,0.0,0.0,0.0,0.0,0.0,0.0,0.0,0.0,0.0,0.0,0.0,0.0,0.0,0.0,0.0,0.0,0.0,0.0,0.0,0.0,0.0,0.0,3.3,0.3,0.5,0.2,3.6,0.6,0.2,0.5,1.7,3.8,5.9,5.7,6.3,4.9,20.6,23.6,6.2,99.9,1.0,1.5,5.7,14.0,0.0,11.6,16.6,22.1,11.0,91.1,4.8,32.8,10.0,31.1,13.2,8.1,5.2,6.9,26.2,34.4,24.2,12.7,9.2,35.5,26.1,11.1,65.6,1.1,3.8,8.6,6.7,0.0,3.6,7.2,11.7,8.9,0.2,15.7,0.0,0.0,0.3,6.4,0.0,2.4,0.1,7.9,0.1,3.5,0.1,2.0,0.1,2.1,0.0,0.4,0.1,3.3,0.1,4.9,0.1,3.2,0.0,0.2,0.0,0.5,0.0,0.3,0.0,0.2,0.0,0.0,0.0,1.1,0.0,0.0,0.0,0.0,0.0,0.6,0.0,0.0,0.0,0.0,0.0,0.0,0.0,0.0,0.0,0.0,0.0,0.4
194,bio1_whs1_land1_list1500_bld1250,True,True,1,1500,1250,211.7,6.4,58.0,17.5,85.7,21.8,19.0,15.3,11.5,50.1,52.3,46.3,47.8,34.7,87.9,67.1,21.1,199.0,4.4,6.8,19.9,25.9,0.1,23.9,26.0,45.7,26.6,98.7,1.3,18.1,4.8,42.9,4.4,8.7,7.5,2.4,16.7,6.9,11.3,27.4,10.7,31.5,17.1,3.8,32.3,2.2,1.4,4.9,4.9,0.0,8.7,2.1,11.8,6.1,2.7,0.0,0.0,0.0,0.0,0.0,0.0,0.0,0.0,0.0,0.0,1.8,1.2,9.5,0.0,0.0,0.0,0.0,0.0,0.0,0.1,0.2,0.0,0.0,0.0,0.1,0.2,0.0,0.0,0.0,0.0,0.0,0.0,0.0,0.0,0.0,0.0,0.0,0.0,0.0,0.0,0.0,0.0,0.0,0.0,0.0,0.0,0.0,0.0,0.0,0.0,0.0,0.0,0.0,3.3,0.3,0.5,0.2,3.6,0.6,0.2,0.5,1.7,3.8,5.9,5.7,6.3,4.9,20.6,23.6,6.2,99.9,1.0,1.5,5.7,14.0,0.0,11.6,16.6,22.1,11.0,98.6,4.8,36.1,11.3,34.7,14.8,9.1,6.2,7.1,27.8,37.0,25.8,12.8,9.5,35.8,26.3,11.1,66.2,1.1,3.8,8.9,6.8,0.0,3.6,7.2,11.7,9.1,0.1,8.2,0.0,0.0,0.1,3.2,0.0,1.1,0.1,4.4,0.0,1.9,0.0,1.0,0.0,1.2,0.0,0.2,0.0,1.6,0.1,2.4,0.0,1.6,0.0,0.1,0.0,0.2,0.0,0.1,0.0,0.1,0.0,0.0,0.0,0.5,0.0,0.0,0.0,0.0,0.0,0.3,0.0,0.0,0.0,0.0,0.0,0.0,0.0,0.0,0.0,0.0,0.0,0.1
195,bio1_whs1_land2_list500_bld250,True,True,2,500,250,211.7,6.4,58.0,17.5,85.7,21.8,19.0,15.3,11.5,50.1,52.3,46.3,47.8,34.7,87.9,67.1,21.1,199.0,4.4,6.8,19.9,25.9,0.1,23.9,26.0,45.7,26.6,98.7,1.3,18.1,4.8,42.9,4.4,8.7,7.5,2.4,16.7,6.9,11.3,27.4,10.7,31.5,17.1,3.8,32.3,2.2,1.4,4.9,4.9,0.0,8.7,2.1,11.8,6.1,2.7,0.0,0.0,0.0,0.0,0.0,0.0,0.0,0.0,0.0,0.0,1.8,1.2,9.5,0.0,0.0,0.0,0.0,0.0,0.0,0.1,0.2,0.0,0.0,0.0,0.1,0.2,6.2,0.0,0.0,0.0,7.5,2.9,0.0,3.8,0.0,0.0,0.3,7.2,0.3,5.8,9.3,5.9,0.0,3.9,0.2,1.6,5.1,0.0,0.0,0.0,3.8,4.3,3.9,0.2,0.0,0.0,0.0,0.2,0.0,0.0,0.0,0.1,0.2,0.4,0.4,0.6,0.3,1.5,1.9,0.5,9.8,0.1,0.1,0.6,1.5,0.0,1.7,1.7,2.2,1.2,25.1,2.0,8.2,1.6,7.2,2.5,1.5,0.6,3.0,6.4,8.4,6.5,7.2,3.7,24.2,20.6,5.6,86.5,1.2,1.8,5.0,9.6,0.0,8.6,10.3,13.3,8.7,1.6,77.1,0.2,2.9,1.0,30.6,0.1,10.9,0.6,27.2,0.2,11.7,0.3,8.5,0.1,3.3,0.3,5.6,0.7,26.0,0.8,35.4,0.6,18.4,0.5,10.7,0.3,4.4,1.0,20.5,1.1,20.5,0.3,10.9,4.8,61.7,0.1,0.6,0.2,1.5,0.5,3.8,0.6,9.0,0.0,0.0,0.5,4.4,0.7,7.3,1.1,12.9,1.0,5.4
196,bio1_whs1_land2_list500_bld500,True,True,2,500,500,211.7,6.4,58.0,17.5,85.7,21.8,19.0,15.3,11.5,50.1,52.3,46.3,47.8,34.7,87.9,67.1,21.1,199.0,4.4,6.8,19.9,25.9,0.1,23.9,26.0,45.7,26.6,98.7,1.3,18.1,4.8,42.9,4.4,8.7,7.5,2.4,16.7,6.9,11.3,27.4,10.7,31.5,17.1,3.8,32.3,2.2,1.4,4.9,4.9,0.0,8.7,2.1,11.8,6.1,2.7,0.0,0.0,0.0,0.0,0.0,0.0,0.0,0.0,0.0,0.0,1.8,1.2,9.5,0.0,0.0,0.0,0.0,0.0,0.0,0.1,0.2,0.0,0.0,0.0,0.1,0.2,6.2,0.0,0.0,0.0,7.5,2.9,0.0,3.8,0.0,0.0,0.3,7.2,0.3,5.8,9.3,5.9,0.0,3.9,0.2,1.6,5.1,0.0,0.0,0.0,3.8,4.3,3.9,0.2,0.0,0.0,0.0,0.2,0.0,0.0,0.0,0.1,0.2,0.4,0.4,0.6,0.3,1.5,1.9,0.5,9.8,0.1,0.1,0.6,1.5,0.0,1.7,1.7,2.2,1.2,58.3,4.7,18.9,5.1,19.3,6.4,4.3,1.7,7.1,20.1,25.9,17.6,16.2,7.5,42.9,38.6,14.7,143.8,1.8,3.5,8.9,17.5,0.0,13.2,17.2,24.8,14.8,0.8,44.7,0.0,0.3,0.8,20.2,0.1,7.4,0.3,15.4,0.1,7.9,0.2,5.8,0.1,2.3,0.1,1.8,0.4,12.6,0.5,18.3,0.3,7.6,0.1,2.2,0.0,0.8,0.2,2.6,0.2,3.4,0.1,2.0,0.7,8.5,0.0,0.0,0.0,0.1,0.1,0.4,0.1,1.7,0.0,0.0,0.0,0.3,0.1,1.0,0.2,2.3,0.1,0.3
197,bio1_whs1_land2_list500_bld750,True,True,2,500,750,211.7,6.4,58.0,17.5,85.7,21.8,19.0,15.3,11.5,50.1,52.3,46.3,47.8,34.7,87.9,67.1,21.1,199.0,4.4,6.8,19.9,25.9,0.1,23.9,26.0,45.7,26.6,98.7,1.3,18.1,4.8,42.9,4.4,8.7,7.5,2.4,16.7,6.9,11.3,27.4,10.7,31.5,17.1,3.8,32.3,2.2,1.4,4.9,4.9,0.0,8.7,2.1,11.8,6.1,2.7,0.0,0.0,0.0,0.0,0.0,0.0,0.0,0.0,0.0,0.0,1.8,1.2,9.5,0.0,0.0,0.0,0.0,0.0,0.0,0.1,0.2,0.0,0.0,0.0,0.1,0.2,6.2,0.0,0.0,0.0,7.5,2.9,0.0,3.8,0.0,0.0,0.3,7.2,0.3,5.8,9.3,5.9,0.0,3.9,0.2,1.6,5.1,0.0,0.0,0.0,3.8,4.3,3.9,0.2,0.0,0.0,0.0,0.2,0.0,0.0,0.0,0.1,0.2,0.4,0.4,0.6,0.3,1.5,1.9,0.5,9.8,0.1,0.1,0.6,1.5,0.0,1.7,1.7,2.2,1.2,77.5,5.1,27.4,8.1,25.4,9.3,6.6,2.5,8.1,26.5,35.0,21.7,17.9,8.2,45.3,41.7,16.6,150.8,1.8,3.6,9.2,19.0,0.0,13.5,18.2,27.0,15.1,0.4,26.0,0.0,0.0,0.5,12.0,0.1,4.5,0.1,9.5,0.1,5.1,0.1,3.6,0.0,1.6,0.0,0.8,0.1,6.4,0.2,9.4,0.1,3.7,0.0,0.6,0.0,0.2,0.0,0.3,0.0,0.4,0.0,0.2,0.1,2.1,0.0,0.0,0.0,0.0,0.0,0.1,0.0,0.3,0.0,0.0,0.0,0.0,0.0,0.1,0.0,0.3,0.0,0.0
198,bio1_whs1_land2_list500_bld1000,True,True,2,500,1000,211.7,6.4,58.0,17.5,85.7,21.8,19.0,15.3,11.5,50.1,52.3,46.3,47.8,34.7,87.9,67.1,21.1,199.0,4.4,6.8,19.9,25.9,0.1,23.9,26.0,45.7,26.6,98.7,1.3,18.1,4.8,42.9,4.4,8.7,7.5,2.4,16.7,6.9,11.3,27.4,10.7,31.5,17.1,3.8,32.3,2.2,1.4,4.9,4.9,0.0,8.7,2.1,11.8,6.1,2.7,0.0,0.0,0.0,0.0,0.0,0.0,0.0,0.0,0.0,0.0,1.8,1.2,9.5,0.0,0.0,0.0,0.0,0.0,0.0,0.1,0.2,0.0,0.0,0.0,0.1,0.2,6.2,0.0,0.0,0.0,7.5,2.9,0.0,3.8,0.0,0.0,0.3,7.2,0.3,5.8,9.3,5.9,0.0,3.9,0.2,1.6,5.1,0.0,0.0,0.0,3.8,4.3,3.9,0.2,0.0,0.0,0.0,0.2,0.0,0.0,0.0,0.1,0.2,0.4,0.4,0.6,0.3,1.5,1.9,0.5,9.8,0.1,0.1,0.6,1.5,0.0,1.7,1.7,2.2,1.2,89.3,5.1,33.3,10.2,29.4,11.5,8.2,3.1,8.5,29.7,39.6,23.4,18.2,8.3,45.6,42.1,16.8,152.1,1.8,3.6,9.3,19.3,0.0,13.5,18.3,27.3,15.1,0.2,14.4,0.0,0.0,0.3,6.4,0.0,2.4,0.1,5.5,0.1,2.9,0.1,2.0,0.0,1.0,0.0,0.4,0.1,3.3,0.1,4.9,0.1,2.0,0.0,0.2,0.0,0.1,0.0,0.1,0.0,0.1,0.0,0.0,0.0,0.8,0.0,0.0,0.0,0.0,0.0,0.0,0.0,0.0,0.0,0.0,0.0,0.0,0.0,0.0,0.0,0.0,0.0,0.0
199,bio1_whs1_land2_list500_bld1250,True,True,2,500,1250,211.7,6.4,58.0,17.5,85.7,21.8,19.0,15.3,11.5,50.1,52.3,46.3,47.8,34.7,87.9,67.1,21.1,199.0,4.4,6.8,19.9,25.9,0.1,23.9,26.0,45.7,26.6,98.7,1.3,18.1,4.8,42.9,4.4,8.7,7.5,2.4,16.7,6.9,11.3,27.4,10.7,31.5,17.1,3.8,32.3,2.2,1.4,4.9,4.9,0.0,8.7,2.1,11.8,6.1,2.7,0.0,0.0,0.0,0.0,0.0,0.0,0.0,0.0,0.0,0.0,1.8,1.2,9.5,0.0,0.0,0.0,0.0,0.0,0.0,0.1,0.2,0.0,0.0,0.0,0.1,0.2,6.2,0.0,0.0,0.0,7.5,2.9,0.0,3.8,0.0,0.0,0.3,7.2,0.3,5.8,9.3,5.9,0.0,3.9,0.2,1.6,5.1,0.0,0.0,0.0,3.8,4.3,3.9,0.2,0.0,0.0,0.0,0.2,0.0,0.0,0.0,0.1,0.2,0.4,0.4,0.6,0.3,1.5,1.9,0.5,9.8,0.1,0.1,0.6,1.5,0.0,1.7,1.7,2.2,1.2,96.3,5.1,36.6,11.5,31.9,12.8,9.2,3.5,8.7,31.4,42.1,24.4,18.3,8.4,45.7,42.1,16.8,152.5,1.8,3.6,9.3,19.3,0.0,13.5,18.3,27.3,15.1,0.1,7.5,0.0,0.0,0.1,3.2,0.0,1.1,0.0,3.1,0.0,1.6,0.0,1.0,0.0,0.5,0.0,0.2,0.0,1.6,0.1,2.4,0.0,1.1,0.0,0.1,0.0,0.0,0.0,0.0,0.0,0.0,0.0,0.0,0.0,0.4,0.0,0.0,0.0,0.0,0.0,0.0,0.0,0.0,0.0,0.0,0.0,0.0,0.0,0.0,0.0,0.0,0.0,0.0
200,bio1_whs1_land2_list1000_bld250,True,True,2,1000,250,211.7,6.4,58.0,17.5,85.7,21.8,19.0,15.3,11.5,50.1,52.3,46.3,47.8,34.7,87.9,67.1,21.1,199.0,4.4,6.8,19.9,25.9,0.1,23.9,26.0,45.7,26.6,98.7,1.3,18.1,4.8,42.9,4.4,8.7,7.5,2.4,16.7,6.9,11.3,27.4,10.7,31.5,17.1,3.8,32.3,2.2,1.4,4.9,4.9,0.0,8.7,2.1,11.8,6.1,2.7,0.0,0.0,0.0,0.0,0.0,0.0,0.0,0.0,0.0,0.0,1.8,1.2,9.5,0.0,0.0,0.0,0.0,0.0,0.0,0.1,0.2,0.0,0.0,0.0,0.1,0.2,6.2,0.0,0.0,0.0,7.5,2.9,0.0,3.8,0.0,0.0,0.3,7.2,0.3,5.8,9.3,5.9,0.0,3.9,0.2,1.6,5.1,0.0,0.0,0.0,3.8,4.3,3.9,1.2,0.1,0.2,0.1,1.4,0.2,0.1,0.1,0.7,1.6,2.5,2.2,3.0,1.7,8.7,10.7,3.1,52.3,0.5,0.4,2.6,7.6,0.0,7.1,7.9,11.1,5.4,24.7,1.9,8.2,1.6,6.7,2.4,1.5,0.6,2.8,6.1,7.7,5.8,6.2,3.0,20.0,15.7,4.3,59.8,0.9,1.7,3.8,6.2,0.0,5.2,6.6,8.3,6.3,1.6,76.5,0.2,2.9,1.0,30.5,0.1,10.8,0.6,26.5,0.2,11.6,0.3,8.4,0.1,3.3,0.3,5.3,0.6,25.1,0.8,34.1,0.6,17.3,0.4,9.4,0.2,3.8,0.9,17.5,0.9,16.8,0.2,9.7,3.8,46.8,0.1,0.4,0.2,1.4,0.4,3.1,0.4,6.6,0.0,0.0,0.4,2.6,0.5,5.0,0.7,9.3,0.8,3.9
201,bio1_whs1_land2_list1000_bld500,True,True,2,1000,500,211.7,6.4,58.0,17.5,85.7,21.8,19.0,15.3,11.5,50.1,52.3,46.3,47.8,34.7,87.9,67.1,21.1,199.0,4.4,6.8,19.9,25.9,0.1,23.9,26.0,45.7,26.6,98.7,1.3,18.1,4.8,42.9,4.4,8.7,7.5,2.4,16.7,6.9,11.3,27.4,10.7,31.5,17.1,3.8,32.3,2.2,1.4,4.9,4.9,0.0,8.7,2.1,11.8,6.1,2.7,0.0,0.0,0.0,0.0,0.0,0.0,0.0,0.0,0.0,0.0,1.8,1.2,9.5,0.0,0.0,0.0,0.0,0.0,0.0,0.1,0.2,0.0,0.0,0.0,0.1,0.2,6.2,0.0,0.0,0.0,7.5,2.9,0.0,3.8,0.0,0.0,0.3,7.2,0.3,5.8,9.3,5.9,0.0,3.9,0.2,1.6,5.1,0.0,0.0,0.0,3.8,4.3,3.9,1.2,0.1,0.2,0.1,1.4,0.2,0.1,0.1,0.7,1.6,2.5,2.2,3.0,1.7,8.7,10.7,3.1,52.3,0.5,0.4,2.6,7.6,0.0,7.1,7.9,11.1,5.4,57.4,4.6,18.8,5.0,18.2,6.2,4.3,1.6,6.5,19.0,24.1,16.0,13.9,6.2,35.9,30.2,12.2,102.1,1.4,3.2,6.9,11.7,0.0,7.9,11.2,16.2,10.7,0.8,44.7,0.0,0.3,0.8,20.2,0.1,7.4,0.3,15.3,0.1,7.9,0.2,5.8,0.1,2.3,0.1,1.7,0.3,12.4,0.5,18.0,0.3,7.4,0.1,2.0,0.0,0.8,0.2,2.3,0.2,3.0,0.1,1.9,0.6,7.8,0.0,0.0,0.0,0.1,0.0,0.4,0.1,1.4,0.0,0.0,0.0,0.2,0.1,0.9,0.2,2.0,0.1,0.2
202,bio1_whs1_land2_list1000_bld750,True,True,2,1000,750,211.7,6.4,58.0,17.5,85.7,21.8,19.0,15.3,11.5,50.1,52.3,46.3,47.8,34.7,87.9,67.1,21.1,199.0,4.4,6.8,19.9,25.9,0.1,23.9,26.0,45.7,26.6,98.7,1.3,18.1,4.8,42.9,4.4,8.7,7.5,2.4,16.7,6.9,11.3,27.4,10.7,31.5,17.1,3.8,32.3,2.2,1.4,4.9,4.9,0.0,8.7,2.1,11.8,6.1,2.7,0.0,0.0,0.0,0.0,0.0,0.0,0.0,0.0,0.0,0.0,1.8,1.2,9.5,0.0,0.0,0.0,0.0,0.0,0.0,0.1,0.2,0.0,0.0,0.0,0.1,0.2,6.2,0.0,0.0,0.0,7.5,2.9,0.0,3.8,0.0,0.0,0.3,7.2,0.3,5.8,9.3,5.9,0.0,3.9,0.2,1.6,5.1,0.0,0.0,0.0,3.8,4.3,3.9,1.2,0.1,0.2,0.1,1.4,0.2,0.1,0.1,0.7,1.6,2.5,2.2,3.0,1.7,8.7,10.7,3.1,52.3,0.5,0.4,2.6,7.6,0.0,7.1,7.9,11.1,5.4,76.4,4.9,27.3,8.0,24.3,9.1,6.5,2.3,7.5,25.2,33.0,19.9,15.5,6.8,38.1,32.9,14.0,108.3,1.4,3.3,7.2,12.9,0.0,8.1,12.0,18.1,10.9,0.4,26.0,0.0,0.0,0.5,12.0,0.1,4.4,0.1,9.4,0.1,5.0,0.1,3.6,0.0,1.6,0.0,0.8,0.1,6.4,0.2,9.4,0.1,3.7,0.0,0.6,0.0,0.2,0.0,0.3,0.0,0.4,0.0,0.2,0.1,2.1,0.0,0.0,0.0,0.0,0.0,0.1,0.0,0.3,0.0,0.0,0.0,0.0,0.0,0.1,0.0,0.3,0.0,0.0
203,bio1_whs1_land2_list1000_bld1000,True,True,2,1000,1000,211.7,6.4,58.0,17.5,85.7,21.8,19.0,15.3,11.5,50.1,52.3,46.3,47.8,34.7,87.9,67.1,21.1,199.0,4.4,6.8,19.9,25.9,0.1,23.9,26.0,45.7,26.6,98.7,1.3,18.1,4.8,42.9,4.4,8.7,7.5,2.4,16.7,6.9,11.3,27.4,10.7,31.5,17.1,3.8,32.3,2.2,1.4,4.9,4.9,0.0,8.7,2.1,11.8,6.1,2.7,0.0,0.0,0.0,0.0,0.0,0.0,0.0,0.0,0.0,0.0,1.8,1.2,9.5,0.0,0.0,0.0,0.0,0.0,0.0,0.1,0.2,0.0,0.0,0.0,0.1,0.2,6.2,0.0,0.0,0.0,7.5,2.9,0.0,3.8,0.0,0.0,0.3,7.2,0.3,5.8,9.3,5.9,0.0,3.9,0.2,1.6,5.1,0.0,0.0,0.0,3.8,4.3,3.9,1.2,0.1,0.2,0.1,1.4,0.2,0.1,0.1,0.7,1.6,2.5,2.2,3.0,1.7,8.7,10.7,3.1,52.3,0.5,0.4,2.6,7.6,0.0,7.1,7.9,11.1,5.4,88.3,5.0,33.1,10.1,28.3,11.3,8.2,3.0,7.9,28.4,37.6,21.6,15.8,7.0,38.3,33.3,14.2,109.6,1.4,3.3,7.3,13.2,0.0,8.1,12.1,18.4,11.0,0.2,14.4,0.0,0.0,0.3,6.4,0.0,2.4,0.1,5.5,0.1,2.9,0.1,2.0,0.0,1.0,0.0,0.4,0.1,3.3,0.1,4.9,0.1,2.0,0.0,0.2,0.0,0.1,0.0,0.1,0.0,0.1,0.0,0.0,0.0,0.8,0.0,0.0,0.0,0.0,0.0,0.0,0.0,0.0,0.0,0.0,0.0,0.0,0.0,0.0,0.0,0.0,0.0,0.0
204,bio1_whs1_land2_list1000_bld1250,True,True,2,1000,1250,211.7,6.4,58.0,17.5,85.7,21.8,19.0,15.3,11.5,50.1,52.3,46.3,47.8,34.7,87.9,67.1,21.1,199.0,4.4,6.8,19.9,25.9,0.1,23.9,26.0,45.7,26.6,98.7,1.3,18.1,4.8,42.9,4.4,8.7,7.5,2.4,16.7,6.9,11.3,27.4,10.7,31.5,17.1,3.8,32.3,2.2,1.4,4.9,4.9,0.0,8.7,2.1,11.8,6.1,2.7,0.0,0.0,0.0,0.0,0.0,0.0,0.0,0.0,0.0,0.0,1.8,1.2,9.5,0.0,0.0,0.0,0.0,0.0,0.0,0.1,0.2,0.0,0.0,0.0,0.1,0.2,6.2,0.0,0.0,0.0,7.5,2.9,0.0,3.8,0.0,0.0,0.3,7.2,0.3,5.8,9.3,5.9,0.0,3.9,0.2,1.6,5.1,0.0,0.0,0.0,3.8,4.3,3.9,1.2,0.1,0.2,0.1,1.4,0.2,0.1,0.1,0.7,1.6,2.5,2.2,3.0,1.7,8.7,10.7,3.1,52.3,0.5,0.4,2.6,7.6,0.0,7.1,7.9,11.1,5.4,95.2,5.0,36.4,11.4,30.8,12.6,9.2,3.4,8.1,30.1,40.1,22.5,15.9,7.0,38.4,33.4,14.2,110.0,1.4,3.3,7.3,13.2,0.0,8.1,12.1,18.4,11.0,0.1,7.5,0.0,0.0,0.1,3.2,0.0,1.1,0.0,3.1,0.0,1.6,0.0,1.0,0.0,0.5,0.0,0.2,0.0,1.6,0.1,2.4,0.0,1.1,0.0,0.1,0.0,0.0,0.0,0.0,0.0,0.0,0.0,0.0,0.0,0.4,0.0,0.0,0.0,0.0,0.0,0.0,0.0,0.0,0.0,0.0,0.0,0.0,0.0,0.0,0.0,0.0,0.0,0.0
205,bio1_whs1_land2_list1500_bld250,True,True,2,1500,250,211.7,6.4,58.0,17.5,85.7,21.8,19.0,15.3,11.5,50.1,52.3,46.3,47.8,34.7,87.9,67.1,21.1,199.0,4.4,6.8,19.9,25.9,0.1,23.9,26.0,45.7,26.6,98.7,1.3,18.1,4.8,42.9,4.4,8.7,7.5,2.4,16.7,6.9,11.3,27.4,10.7,31.5,17.1,3.8,32.3,2.2,1.4,4.9,4.9,0.0,8.7,2.1,11.8,6.1,2.7,0.0,0.0,0.0,0.0,0.0,0.0,0.0,0.0,0.0,0.0,1.8,1.2,9.5,0.0,0.0,0.0,0.0,0.0,0.0,0.1,0.2,0.0,0.0,0.0,0.1,0.2,6.2,0.0,0.0,0.0,7.5,2.9,0.0,3.8,0.0,0.0,0.3,7.2,0.3,5.8,9.3,5.9,0.0,3.9,0.2,1.6,5.1,0.0,0.0,0.0,3.8,4.3,3.9,3.0,0.3,0.5,0.2,3.4,0.6,0.2,0.3,1.7,3.8,5.9,5.1,6.3,3.3,19.3,21.6,6.2,98.7,1.0,1.0,4.7,14.0,0.0,11.6,14.3,20.1,9.7,24.1,1.9,8.1,1.6,6.0,2.3,1.5,0.5,2.4,5.5,6.8,4.8,4.7,2.2,14.3,10.1,3.0,32.0,0.6,1.3,2.6,2.9,0.0,2.3,3.1,3.9,3.7,1.5,75.5,0.1,2.8,1.0,30.3,0.1,10.7,0.6,25.3,0.2,11.4,0.3,8.3,0.1,3.1,0.2,4.7,0.6,23.5,0.7,31.7,0.5,15.5,0.4,7.6,0.2,3.1,0.7,12.8,0.6,11.7,0.2,7.9,2.4,29.7,0.0,0.3,0.2,1.2,0.3,2.3,0.2,3.6,0.0,0.0,0.2,1.1,0.3,2.4,0.4,5.1,0.5,2.4
206,bio1_whs1_land2_list1500_bld500,True,True,2,1500,500,211.7,6.4,58.0,17.5,85.7,21.8,19.0,15.3,11.5,50.1,52.3,46.3,47.8,34.7,87.9,67.1,21.1,199.0,4.4,6.8,19.9,25.9,0.1,23.9,26.0,45.7,26.6,98.7,1.3,18.1,4.8,42.9,4.4,8.7,7.5,2.4,16.7,6.9,11.3,27.4,10.7,31.5,17.1,3.8,32.3,2.2,1.4,4.9,4.9,0.0,8.7,2.1,11.8,6.1,2.7,0.0,0.0,0.0,0.0,0.0,0.0,0.0,0.0,0.0,0.0,1.8,1.2,9.5,0.0,0.0,0.0,0.0,0.0,0.0,0.1,0.2,0.0,0.0,0.0,0.1,0.2,6.2,0.0,0.0,0.0,7.5,2.9,0.0,3.8,0.0,0.0,0.3,7.2,0.3,5.8,9.3,5.9,0.0,3.9,0.2,1.6,5.1,0.0,0.0,0.0,3.8,4.3,3.9,3.0,0.3,0.5,0.2,3.4,0.6,0.2,0.3,1.7,3.8,5.9,5.1,6.3,3.3,19.3,21.6,6.2,98.7,1.0,1.0,4.7,14.0,0.0,11.6,14.3,20.1,9.7,55.7,4.4,18.6,5.0,16.5,5.9,4.2,1.5,5.6,17.2,21.4,13.6,10.8,4.7,25.8,20.0,9.3,57.3,0.9,2.6,4.8,5.8,0.0,3.5,5.2,8.0,6.4,0.8,44.5,0.0,0.3,0.8,20.0,0.1,7.4,0.3,15.1,0.1,7.8,0.2,5.7,0.1,2.2,0.1,1.6,0.3,12.0,0.5,17.3,0.2,7.1,0.1,1.8,0.0,0.7,0.2,1.8,0.2,2.3,0.1,1.7,0.4,6.4,0.0,0.0,0.0,0.1,0.0,0.3,0.1,0.9,0.0,0.0,0.0,0.1,0.0,0.5,0.1,1.3,0.0,0.2
207,bio1_whs1_land2_list1500_bld750,True,True,2,1500,750,211.7,6.4,58.0,17.5,85.7,21.8,19.0,15.3,11.5,50.1,52.3,46.3,47.8,34.7,87.9,67.1,21.1,199.0,4.4,6.8,19.9,25.9,0.1,23.9,26.0,45.7,26.6,98.7,1.3,18.1,4.8,42.9,4.4,8.7,7.5,2.4,16.7,6.9,11.3,27.4,10.7,31.5,17.1,3.8,32.3,2.2,1.4,4.9,4.9,0.0,8.7,2.1,11.8,6.1,2.7,0.0,0.0,0.0,0.0,0.0,0.0,0.0,0.0,0.0,0.0,1.8,1.2,9.5,0.0,0.0,0.0,0.0,0.0,0.0,0.1,0.2,0.0,0.0,0.0,0.1,0.2,6.2,0.0,0.0,0.0,7.5,2.9,0.0,3.8,0.0,0.0,0.3,7.2,0.3,5.8,9.3,5.9,0.0,3.9,0.2,1.6,5.1,0.0,0.0,0.0,3.8,4.3,3.9,3.0,0.3,0.5,0.2,3.4,0.6,0.2,0.3,1.7,3.8,5.9,5.1,6.3,3.3,19.3,21.6,6.2,98.7,1.0,1.0,4.7,14.0,0.0,11.6,14.3,20.1,9.7,74.7,4.7,27.0,8.0,22.4,8.8,6.4,2.2,6.5,23.1,29.8,17.2,12.1,5.2,27.5,22.1,10.9,62.0,1.0,2.7,5.1,6.6,0.0,3.6,5.7,9.2,6.6,0.4,25.9,0.0,0.0,0.5,11.9,0.1,4.4,0.1,9.4,0.1,5.0,0.1,3.6,0.0,1.5,0.0,0.8,0.1,6.2,0.2,9.2,0.1,3.6,0.0,0.5,0.0,0.2,0.0,0.3,0.0,0.3,0.0,0.2,0.1,2.0,0.0,0.0,0.0,0.0,0.0,0.0,0.0,0.2,0.0,0.0,0.0,0.0,0.0,0.1,0.0,0.2,0.0,0.0
208,bio1_whs1_land2_list1500_bld1000,True,True,2,1500,1000,211.7,6.4,58.0,17.5,85.7,21.8,19.0,15.3,11.5,50.1,52.3,46.3,47.8,34.7,87.9,67.1,21.1,199.0,4.4,6.8,19.9,25.9,0.1,23.9,26.0,45.7,26.6,98.7,1.3,18.1,4.8,42.9,4.4,8.7,7.5,2.4,16.7,6.9,11.3,27.4,10.7,31.5,17.1,3.8,32.3,2.2,1.4,4.9,4.9,0.0,8.7,2.1,11.8,6.1,2.7,0.0,0.0,0.0,0.0,0.0,0.0,0.0,0.0,0.0,0.0,1.8,1.2,9.5,0.0,0.0,0.0,0.0,0.0,0.0,0.1,0.2,0.0,0.0,0.0,0.1,0.2,6.2,0.0,0.0,0.0,7.5,2.9,0.0,3.8,0.0,0.0,0.3,7.2,0.3,5.8,9.3,5.9,0.0,3.9,0.2,1.6,5.1,0.0,0.0,0.0,3.8,4.3,3.9,3.0,0.3,0.5,0.2,3.4,0.6,0.2,0.3,1.7,3.8,5.9,5.1,6.3,3.3,19.3,21.6,6.2,98.7,1.0,1.0,4.7,14.0,0.0,11.6,14.3,20.1,9.7,86.4,4.8,32.8,10.0,26.3,10.9,8.1,2.8,6.9,26.2,34.2,18.8,12.4,5.4,27.7,22.4,11.1,63.2,1.0,2.7,5.2,6.7,0.0,3.6,5.7,9.4,6.6,0.2,14.4,0.0,0.0,0.3,6.4,0.0,2.4,0.1,5.5,0.1,2.9,0.1,2.0,0.0,1.0,0.0,0.4,0.1,3.3,0.1,4.9,0.1,2.0,0.0,0.2,0.0,0.1,0.0,0.1,0.0,0.1,0.0,0.0,0.0,0.8,0.0,0.0,0.0,0.0,0.0,0.0,0.0,0.0,0.0,0.0,0.0,0.0,0.0,0.0,0.0,0.0,0.0,0.0
209,bio1_whs1_land2_list1500_bld1250,True,True,2,1500,1250,211.7,6.4,58.0,17.5,85.7,21.8,19.0,15.3,11.5,50.1,52.3,46.3,47.8,34.7,87.9,67.1,21.1,199.0,4.4,6.8,19.9,25.9,0.1,23.9,26.0,45.7,26.6,98.7,1.3,18.1,4.8,42.9,4.4,8.7,7.5,2.4,16.7,6.9,11.3,27.4,10.7,31.5,17.1,3.8,32.3,2.2,1.4,4.9,4.9,0.0,8.7,2.1,11.8,6.1,2.7,0.0,0.0,0.0,0.0,0.0,0.0,0.0,0.0,0.0,0.0,1.8,1.2,9.5,0.0,0.0,0.0,0.0,0.0,0.0,0.1,0.2,0.0,0.0,0.0,0.1,0.2,6.2,0.0,0.0,0.0,7.5,2.9,0.0,3.8,0.0,0.0,0.3,7.2,0.3,5.8,9.3,5.9,0.0,3.9,0.2,1.6,5.1,0.0,0.0,0.0,3.8,4.3,3.9,3.0,0.3,0.5,0.2,3.4,0.6,0.2,0.3,1.7,3.8,5.9,5.1,6.3,3.3,19.3,21.6,6.2,98.7,1.0,1.0,4.7,14.0,0.0,11.6,14.3,20.1,9.7,93.4,4.8,36.1,11.3,28.8,12.3,9.1,3.2,7.1,27.8,36.7,19.7,12.6,5.4,27.8,22.4,11.1,63.6,1.0,2.7,5.2,6.8,0.0,3.6,5.7,9.4,6.6,0.1,7.5,0.0,0.0,0.1,3.2,0.0,1.1,0.0,3.1,0.0,1.6,0.0,1.0,0.0,0.5,0.0,0.2,0.0,1.6,0.1,2.4,0.0,1.1,0.0,0.1,0.0,0.0,0.0,0.0,0.0,0.0,0.0,0.0,0.0,0.4,0.0,0.0,0.0,0.0,0.0,0.0,0.0,0.0,0.0,0.0,0.0,0.0,0.0,0.0,0.0,0.0,0.0,0.0
210,bio1_whs1_land3_list500_bld250,True,True,3,500,250,211.7,6.4,58.0,17.5,85.7,21.8,19.0,15.3,11.5,50.1,52.3,46.3,47.8,34.7,87.9,67.1,21.1,199.0,4.4,6.8,19.9,25.9,0.1,23.9,26.0,45.7,26.6,98.7,1.3,18.1,4.8,42.9,4.4,8.7,7.5,2.4,16.7,6.9,11.3,27.4,10.7,31.5,17.1,3.8,32.3,2.2,1.4,4.9,4.9,0.0,8.7,2.1,11.8,6.1,2.7,0.0,0.0,0.0,0.0,0.0,0.0,0.0,0.0,0.0,0.0,1.8,1.2,9.5,0.0,0.0,0.0,0.0,0.0,0.0,0.1,0.2,0.0,0.0,0.0,0.1,0.2,22.0,0.0,7.3,0.7,9.5,4.3,0.7,4.0,0.0,0.6,1.0,7.4,2.9,8.3,11.9,10.8,0.1,11.6,0.3,1.6,5.7,10.3,0.0,3.6,10.8,15.7,7.7,0.2,0.0,0.0,0.0,0.2,0.0,0.0,0.0,0.1,0.2,0.4,0.4,0.5,0.2,1.3,1.7,0.5,9.2,0.1,0.1,0.5,0.8,0.0,1.3,1.2,1.4,0.9,19.9,2.0,6.7,1.6,7.0,2.3,1.5,0.6,3.0,6.3,8.2,6.4,6.5,2.8,23.2,19.1,5.6,83.6,1.1,1.8,4.7,6.2,0.0,6.7,7.1,9.4,7.0,1.3,66.9,0.2,2.9,0.7,25.3,0.1,10.3,0.6,25.4,0.2,10.5,0.2,7.9,0.1,3.1,0.3,5.6,0.7,25.5,0.8,34.9,0.6,18.4,0.5,8.8,0.2,3.0,1.0,19.0,1.0,17.3,0.3,10.9,4.5,57.8,0.1,0.5,0.2,1.5,0.5,3.6,0.3,3.1,0.0,0.0,0.4,3.3,0.4,4.3,0.7,6.5,0.8,3.9
211,bio1_whs1_land3_list500_bld500,True,True,3,500,500,211.7,6.4,58.0,17.5,85.7,21.8,19.0,15.3,11.5,50.1,52.3,46.3,47.8,34.7,87.9,67.1,21.1,199.0,4.4,6.8,19.9,25.9,0.1,23.9,26.0,45.7,26.6,98.7,1.3,18.1,4.8,42.9,4.4,8.7,7.5,2.4,16.7,6.9,11.3,27.4,10.7,31.5,17.1,3.8,32.3,2.2,1.4,4.9,4.9,0.0,8.7,2.1,11.8,6.1,2.7,0.0,0.0,0.0,0.0,0.0,0.0,0.0,0.0,0.0,0.0,1.8,1.2,9.5,0.0,0.0,0.0,0.0,0.0,0.0,0.1,0.2,0.0,0.0,0.0,0.1,0.2,22.0,0.0,7.3,0.7,9.5,4.3,0.7,4.0,0.0,0.6,1.0,7.4,2.9,8.3,11.9,10.8,0.1,11.6,0.3,1.6,5.7,10.3,0.0,3.6,10.8,15.7,7.7,0.2,0.0,0.0,0.0,0.2,0.0,0.0,0.0,0.1,0.2,0.4,0.4,0.5,0.2,1.3,1.7,0.5,9.2,0.1,0.1,0.5,0.8,0.0,1.3,1.2,1.4,0.9,48.1,4.7,15.4,4.8,18.7,5.9,4.1,1.6,7.1,19.8,25.5,17.6,14.6,5.6,41.0,34.7,14.6,137.3,1.7,3.5,8.3,9.4,0.0,10.1,11.3,15.7,11.5,0.7,39.3,0.0,0.3,0.5,16.7,0.1,7.0,0.3,14.1,0.1,7.0,0.2,5.3,0.1,2.1,0.1,1.8,0.4,12.3,0.5,18.0,0.3,7.6,0.1,1.2,0.0,0.4,0.2,2.0,0.2,2.5,0.1,2.0,0.6,7.9,0.0,0.0,0.0,0.1,0.1,0.4,0.0,0.2,0.0,0.0,0.0,0.2,0.0,0.5,0.1,0.9,0.1,0.1
212,bio1_whs1_land3_list500_bld750,True,True,3,500,750,211.7,6.4,58.0,17.5,85.7,21.8,19.0,15.3,11.5,50.1,52.3,46.3,47.8,34.7,87.9,67.1,21.1,199.0,4.4,6.8,19.9,25.9,0.1,23.9,26.0,45.7,26.6,98.7,1.3,18.1,4.8,42.9,4.4,8.7,7.5,2.4,16.7,6.9,11.3,27.4,10.7,31.5,17.1,3.8,32.3,2.2,1.4,4.9,4.9,0.0,8.7,2.1,11.8,6.1,2.7,0.0,0.0,0.0,0.0,0.0,0.0,0.0,0.0,0.0,0.0,1.8,1.2,9.5,0.0,0.0,0.0,0.0,0.0,0.0,0.1,0.2,0.0,0.0,0.0,0.1,0.2,22.0,0.0,7.3,0.7,9.5,4.3,0.7,4.0,0.0,0.6,1.0,7.4,2.9,8.3,11.9,10.8,0.1,11.6,0.3,1.6,5.7,10.3,0.0,3.6,10.8,15.7,7.7,0.2,0.0,0.0,0.0,0.2,0.0,0.0,0.0,0.1,0.2,0.4,0.4,0.5,0.2,1.3,1.7,0.5,9.2,0.1,0.1,0.5,0.8,0.0,1.3,1.2,1.4,0.9,64.3,5.1,22.2,7.7,24.4,8.6,6.2,2.3,8.1,26.1,34.4,21.6,15.8,6.0,43.1,37.1,16.5,143.8,1.7,3.6,8.7,9.6,0.0,10.3,11.8,16.6,11.6,0.3,23.5,0.0,0.0,0.3,10.1,0.1,4.2,0.1,8.5,0.1,4.4,0.1,3.3,0.0,1.4,0.0,0.8,0.1,6.3,0.2,9.3,0.1,3.7,0.0,0.1,0.0,0.0,0.0,0.1,0.0,0.3,0.0,0.2,0.1,2.0,0.0,0.0,0.0,0.0,0.0,0.1,0.0,0.0,0.0,0.0,0.0,0.0,0.0,0.0,0.0,0.1,0.0,0.0
213,bio1_whs1_land3_list500_bld1000,True,True,3,500,1000,211.7,6.4,58.0,17.5,85.7,21.8,19.0,15.3,11.5,50.1,52.3,46.3,47.8,34.7,87.9,67.1,21.1,199.0,4.4,6.8,19.9,25.9,0.1,23.9,26.0,45.7,26.6,98.7,1.3,18.1,4.8,42.9,4.4,8.7,7.5,2.4,16.7,6.9,11.3,27.4,10.7,31.5,17.1,3.8,32.3,2.2,1.4,4.9,4.9,0.0,8.7,2.1,11.8,6.1,2.7,0.0,0.0,0.0,0.0,0.0,0.0,0.0,0.0,0.0,0.0,1.8,1.2,9.5,0.0,0.0,0.0,0.0,0.0,0.0,0.1,0.2,0.0,0.0,0.0,0.1,0.2,22.0,0.0,7.3,0.7,9.5,4.3,0.7,4.0,0.0,0.6,1.0,7.4,2.9,8.3,11.9,10.8,0.1,11.6,0.3,1.6,5.7,10.3,0.0,3.6,10.8,15.7,7.7,0.2,0.0,0.0,0.0,0.2,0.0,0.0,0.0,0.1,0.2,0.4,0.4,0.5,0.2,1.3,1.7,0.5,9.2,0.1,0.1,0.5,0.8,0.0,1.3,1.2,1.4,0.9,74.7,5.1,26.9,9.6,28.0,10.5,7.7,2.9,8.5,29.2,38.9,23.4,15.9,6.0,43.2,37.4,16.7,145.0,1.7,3.6,8.7,9.6,0.0,10.3,11.8,16.6,11.6,0.2,13.2,0.0,0.0,0.2,5.5,0.0,2.3,0.1,4.9,0.1,2.6,0.1,1.8,0.0,0.9,0.0,0.4,0.1,3.3,0.1,4.9,0.1,2.0,0.0,0.0,0.0,0.0,0.0,0.0,0.0,0.0,0.0,0.0,0.0,0.8,0.0,0.0,0.0,0.0,0.0,0.0,0.0,0.0,0.0,0.0,0.0,0.0,0.0,0.0,0.0,0.0,0.0,0.0
214,bio1_whs1_land3_list500_bld1250,True,True,3,500,1250,211.7,6.4,58.0,17.5,85.7,21.8,19.0,15.3,11.5,50.1,52.3,46.3,47.8,34.7,87.9,67.1,21.1,199.0,4.4,6.8,19.9,25.9,0.1,23.9,26.0,45.7,26.6,98.7,1.3,18.1,4.8,42.9,4.4,8.7,7.5,2.4,16.7,6.9,11.3,27.4,10.7,31.5,17.1,3.8,32.3,2.2,1.4,4.9,4.9,0.0,8.7,2.1,11.8,6.1,2.7,0.0,0.0,0.0,0.0,0.0,0.0,0.0,0.0,0.0,0.0,1.8,1.2,9.5,0.0,0.0,0.0,0.0,0.0,0.0,0.1,0.2,0.0,0.0,0.0,0.1,0.2,22.0,0.0,7.3,0.7,9.5,4.3,0.7,4.0,0.0,0.6,1.0,7.4,2.9,8.3,11.9,10.8,0.1,11.6,0.3,1.6,5.7,10.3,0.0,3.6,10.8,15.7,7.7,0.2,0.0,0.0,0.0,0.2,0.0,0.0,0.0,0.1,0.2,0.4,0.4,0.5,0.2,1.3,1.7,0.5,9.2,0.1,0.1,0.5,0.8,0.0,1.3,1.2,1.4,0.9,81.0,5.1,29.7,10.9,30.3,11.6,8.7,3.3,8.7,30.8,41.5,24.3,15.9,6.0,43.2,37.4,16.7,145.4,1.7,3.6,8.7,9.6,0.0,10.3,11.8,16.6,11.7,0.1,6.9,0.0,0.0,0.1,2.9,0.0,1.1,0.0,2.7,0.0,1.4,0.0,0.9,0.0,0.4,0.0,0.2,0.0,1.6,0.1,2.4,0.0,1.1,0.0,0.0,0.0,0.0,0.0,0.0,0.0,0.0,0.0,0.0,0.0,0.4,0.0,0.0,0.0,0.0,0.0,0.0,0.0,0.0,0.0,0.0,0.0,0.0,0.0,0.0,0.0,0.0,0.0,0.0
215,bio1_whs1_land3_list1000_bld250,True,True,3,1000,250,211.7,6.4,58.0,17.5,85.7,21.8,19.0,15.3,11.5,50.1,52.3,46.3,47.8,34.7,87.9,67.1,21.1,199.0,4.4,6.8,19.9,25.9,0.1,23.9,26.0,45.7,26.6,98.7,1.3,18.1,4.8,42.9,4.4,8.7,7.5,2.4,16.7,6.9,11.3,27.4,10.7,31.5,17.1,3.8,32.3,2.2,1.4,4.9,4.9,0.0,8.7,2.1,11.8,6.1,2.7,0.0,0.0,0.0,0.0,0.0,0.0,0.0,0.0,0.0,0.0,1.8,1.2,9.5,0.0,0.0,0.0,0.0,0.0,0.0,0.1,0.2,0.0,0.0,0.0,0.1,0.2,22.0,0.0,7.3,0.7,9.5,4.3,0.7,4.0,0.0,0.6,1.0,7.4,2.9,8.3,11.9,10.8,0.1,11.6,0.3,1.6,5.7,10.3,0.0,3.6,10.8,15.7,7.7,1.2,0.1,0.2,0.1,1.4,0.2,0.1,0.1,0.7,1.5,2.4,2.2,2.9,1.3,8.2,9.6,3.1,49.6,0.5,0.4,2.3,4.2,0.0,5.4,5.5,7.1,4.2,19.5,1.9,6.7,1.5,6.5,2.3,1.4,0.5,2.8,6.0,7.6,5.8,5.5,2.3,19.2,14.6,4.3,57.9,0.9,1.7,3.6,3.9,0.0,4.0,4.5,5.9,5.0,1.3,66.3,0.2,2.9,0.7,25.2,0.1,10.2,0.6,24.7,0.2,10.4,0.2,7.8,0.1,3.0,0.3,5.3,0.6,24.6,0.8,33.6,0.5,17.2,0.4,7.6,0.2,2.5,0.9,16.3,0.8,14.2,0.2,9.6,3.6,44.0,0.1,0.4,0.2,1.4,0.4,2.9,0.2,2.1,0.0,0.0,0.2,2.0,0.3,2.7,0.5,4.6,0.6,2.7
216,bio1_whs1_land3_list1000_bld500,True,True,3,1000,500,211.7,6.4,58.0,17.5,85.7,21.8,19.0,15.3,11.5,50.1,52.3,46.3,47.8,34.7,87.9,67.1,21.1,199.0,4.4,6.8,19.9,25.9,0.1,23.9,26.0,45.7,26.6,98.7,1.3,18.1,4.8,42.9,4.4,8.7,7.5,2.4,16.7,6.9,11.3,27.4,10.7,31.5,17.1,3.8,32.3,2.2,1.4,4.9,4.9,0.0,8.7,2.1,11.8,6.1,2.7,0.0,0.0,0.0,0.0,0.0,0.0,0.0,0.0,0.0,0.0,1.8,1.2,9.5,0.0,0.0,0.0,0.0,0.0,0.0,0.1,0.2,0.0,0.0,0.0,0.1,0.2,22.0,0.0,7.3,0.7,9.5,4.3,0.7,4.0,0.0,0.6,1.0,7.4,2.9,8.3,11.9,10.8,0.1,11.6,0.3,1.6,5.7,10.3,0.0,3.6,10.8,15.7,7.7,1.2,0.1,0.2,0.1,1.4,0.2,0.1,0.1,0.7,1.5,2.4,2.2,2.9,1.3,8.2,9.6,3.1,49.6,0.5,0.4,2.3,4.2,0.0,5.4,5.5,7.1,4.2,47.2,4.6,15.3,4.8,17.6,5.8,4.0,1.5,6.5,18.7,23.8,15.9,12.4,4.6,34.3,27.1,12.2,97.6,1.4,3.2,6.5,6.0,0.0,6.1,7.1,10.2,8.2,0.6,39.3,0.0,0.3,0.5,16.7,0.1,7.0,0.3,14.0,0.1,7.0,0.2,5.3,0.1,2.1,0.1,1.7,0.3,12.2,0.5,17.7,0.2,7.4,0.1,1.1,0.0,0.3,0.2,1.8,0.2,2.3,0.1,1.9,0.5,7.3,0.0,0.0,0.0,0.1,0.0,0.4,0.0,0.2,0.0,0.0,0.0,0.1,0.0,0.4,0.1,0.8,0.0,0.1
217,bio1_whs1_land3_list1000_bld750,True,True,3,1000,750,211.7,6.4,58.0,17.5,85.7,21.8,19.0,15.3,11.5,50.1,52.3,46.3,47.8,34.7,87.9,67.1,21.1,199.0,4.4,6.8,19.9,25.9,0.1,23.9,26.0,45.7,26.6,98.7,1.3,18.1,4.8,42.9,4.4,8.7,7.5,2.4,16.7,6.9,11.3,27.4,10.7,31.5,17.1,3.8,32.3,2.2,1.4,4.9,4.9,0.0,8.7,2.1,11.8,6.1,2.7,0.0,0.0,0.0,0.0,0.0,0.0,0.0,0.0,0.0,0.0,1.8,1.2,9.5,0.0,0.0,0.0,0.0,0.0,0.0,0.1,0.2,0.0,0.0,0.0,0.1,0.2,22.0,0.0,7.3,0.7,9.5,4.3,0.7,4.0,0.0,0.6,1.0,7.4,2.9,8.3,11.9,10.8,0.1,11.6,0.3,1.6,5.7,10.3,0.0,3.6,10.8,15.7,7.7,1.2,0.1,0.2,0.1,1.4,0.2,0.1,0.1,0.7,1.5,2.4,2.2,2.9,1.3,8.2,9.6,3.1,49.6,0.5,0.4,2.3,4.2,0.0,5.4,5.5,7.1,4.2,63.3,4.9,22.1,7.6,23.2,8.4,6.1,2.2,7.5,24.8,32.5,19.8,13.5,4.9,36.3,29.3,14.0,103.4,1.4,3.3,6.8,6.2,0.0,6.2,7.5,10.9,8.4,0.3,23.5,0.0,0.0,0.3,10.1,0.1,4.2,0.1,8.5,0.1,4.4,0.1,3.3,0.0,1.4,0.0,0.8,0.1,6.3,0.2,9.2,0.1,3.6,0.0,0.1,0.0,0.0,0.0,0.1,0.0,0.3,0.0,0.2,0.1,2.0,0.0,0.0,0.0,0.0,0.0,0.1,0.0,0.0,0.0,0.0,0.0,0.0,0.0,0.0,0.0,0.1,0.0,0.0
218,bio1_whs1_land3_list1000_bld1000,True,True,3,1000,1000,211.7,6.4,58.0,17.5,85.7,21.8,19.0,15.3,11.5,50.1,52.3,46.3,47.8,34.7,87.9,67.1,21.1,199.0,4.4,6.8,19.9,25.9,0.1,23.9,26.0,45.7,26.6,98.7,1.3,18.1,4.8,42.9,4.4,8.7,7.5,2.4,16.7,6.9,11.3,27.4,10.7,31.5,17.1,3.8,32.3,2.2,1.4,4.9,4.9,0.0,8.7,2.1,11.8,6.1,2.7,0.0,0.0,0.0,0.0,0.0,0.0,0.0,0.0,0.0,0.0,1.8,1.2,9.5,0.0,0.0,0.0,0.0,0.0,0.0,0.1,0.2,0.0,0.0,0.0,0.1,0.2,22.0,0.0,7.3,0.7,9.5,4.3,0.7,4.0,0.0,0.6,1.0,7.4,2.9,8.3,11.9,10.8,0.1,11.6,0.3,1.6,5.7,10.3,0.0,3.6,10.8,15.7,7.7,1.2,0.1,0.2,0.1,1.4,0.2,0.1,0.1,0.7,1.5,2.4,2.2,2.9,1.3,8.2,9.6,3.1,49.6,0.5,0.4,2.3,4.2,0.0,5.4,5.5,7.1,4.2,73.7,5.0,26.8,9.6,26.8,10.3,7.7,2.8,7.9,27.9,37.0,21.6,13.5,4.9,36.3,29.5,14.2,104.6,1.4,3.3,6.9,6.2,0.0,6.2,7.5,11.0,8.4,0.2,13.2,0.0,0.0,0.2,5.5,0.0,2.3,0.1,4.9,0.1,2.6,0.1,1.8,0.0,0.9,0.0,0.4,0.1,3.3,0.1,4.9,0.1,2.0,0.0,0.0,0.0,0.0,0.0,0.0,0.0,0.0,0.0,0.0,0.0,0.8,0.0,0.0,0.0,0.0,0.0,0.0,0.0,0.0,0.0,0.0,0.0,0.0,0.0,0.0,0.0,0.0,0.0,0.0
219,bio1_whs1_land3_list1000_bld1250,True,True,3,1000,1250,211.7,6.4,58.0,17.5,85.7,21.8,19.0,15.3,11.5,50.1,52.3,46.3,47.8,34.7,87.9,67.1,21.1,199.0,4.4,6.8,19.9,25.9,0.1,23.9,26.0,45.7,26.6,98.7,1.3,18.1,4.8,42.9,4.4,8.7,7.5,2.4,16.7,6.9,11.3,27.4,10.7,31.5,17.1,3.8,32.3,2.2,1.4,4.9,4.9,0.0,8.7,2.1,11.8,6.1,2.7,0.0,0.0,0.0,0.0,0.0,0.0,0.0,0.0,0.0,0.0,1.8,1.2,9.5,0.0,0.0,0.0,0.0,0.0,0.0,0.1,0.2,0.0,0.0,0.0,0.1,0.2,22.0,0.0,7.3,0.7,9.5,4.3,0.7,4.0,0.0,0.6,1.0,7.4,2.9,8.3,11.9,10.8,0.1,11.6,0.3,1.6,5.7,10.3,0.0,3.6,10.8,15.7,7.7,1.2,0.1,0.2,0.1,1.4,0.2,0.1,0.1,0.7,1.5,2.4,2.2,2.9,1.3,8.2,9.6,3.1,49.6,0.5,0.4,2.3,4.2,0.0,5.4,5.5,7.1,4.2,80.0,5.0,29.5,10.8,29.1,11.4,8.6,3.2,8.1,29.6,39.5,22.5,13.5,4.9,36.3,29.6,14.2,105.1,1.4,3.3,6.9,6.2,0.0,6.2,7.5,11.0,8.4,0.1,6.9,0.0,0.0,0.1,2.9,0.0,1.1,0.0,2.7,0.0,1.4,0.0,0.9,0.0,0.4,0.0,0.2,0.0,1.6,0.1,2.4,0.0,1.1,0.0,0.0,0.0,0.0,0.0,0.0,0.0,0.0,0.0,0.0,0.0,0.4,0.0,0.0,0.0,0.0,0.0,0.0,0.0,0.0,0.0,0.0,0.0,0.0,0.0,0.0,0.0,0.0,0.0,0.0
220,bio1_whs1_land3_list1500_bld250,True,True,3,1500,250,211.7,6.4,58.0,17.5,85.7,21.8,19.0,15.3,11.5,50.1,52.3,46.3,47.8,34.7,87.9,67.1,21.1,199.0,4.4,6.8,19.9,25.9,0.1,23.9,26.0,45.7,26.6,98.7,1.3,18.1,4.8,42.9,4.4,8.7,7.5,2.4,16.7,6.9,11.3,27.4,10.7,31.5,17.1,3.8,32.3,2.2,1.4,4.9,4.9,0.0,8.7,2.1,11.8,6.1,2.7,0.0,0.0,0.0,0.0,0.0,0.0,0.0,0.0,0.0,0.0,1.8,1.2,9.5,0.0,0.0,0.0,0.0,0.0,0.0,0.1,0.2,0.0,0.0,0.0,0.1,0.2,22.0,0.0,7.3,0.7,9.5,4.3,0.7,4.0,0.0,0.6,1.0,7.4,2.9,8.3,11.9,10.8,0.1,11.6,0.3,1.6,5.7,10.3,0.0,3.6,10.8,15.7,7.7,2.9,0.3,0.5,0.2,3.4,0.5,0.2,0.3,1.7,3.7,5.7,5.1,6.0,2.6,18.3,19.3,6.2,93.8,0.9,1.0,4.3,7.6,0.0,8.8,9.8,12.4,7.7,18.9,1.9,6.6,1.5,5.8,2.2,1.4,0.5,2.4,5.4,6.7,4.8,4.2,1.6,13.8,9.4,3.0,31.0,0.6,1.3,2.5,1.8,0.0,1.8,1.9,2.8,2.9,1.2,65.3,0.1,2.8,0.6,24.9,0.1,10.1,0.5,23.5,0.2,10.2,0.2,7.7,0.1,2.9,0.2,4.7,0.6,23.0,0.7,31.2,0.5,15.4,0.3,5.9,0.1,1.9,0.6,11.8,0.6,10.0,0.2,7.9,2.2,28.0,0.0,0.3,0.2,1.2,0.3,2.2,0.1,1.0,0.0,0.0,0.1,0.9,0.2,1.1,0.3,2.6,0.4,1.6
221,bio1_whs1_land3_list1500_bld500,True,True,3,1500,500,211.7,6.4,58.0,17.5,85.7,21.8,19.0,15.3,11.5,50.1,52.3,46.3,47.8,34.7,87.9,67.1,21.1,199.0,4.4,6.8,19.9,25.9,0.1,23.9,26.0,45.7,26.6,98.7,1.3,18.1,4.8,42.9,4.4,8.7,7.5,2.4,16.7,6.9,11.3,27.4,10.7,31.5,17.1,3.8,32.3,2.2,1.4,4.9,4.9,0.0,8.7,2.1,11.8,6.1,2.7,0.0,0.0,0.0,0.0,0.0,0.0,0.0,0.0,0.0,0.0,1.8,1.2,9.5,0.0,0.0,0.0,0.0,0.0,0.0,0.1,0.2,0.0,0.0,0.0,0.1,0.2,22.0,0.0,7.3,0.7,9.5,4.3,0.7,4.0,0.0,0.6,1.0,7.4,2.9,8.3,11.9,10.8,0.1,11.6,0.3,1.6,5.7,10.3,0.0,3.6,10.8,15.7,7.7,2.9,0.3,0.5,0.2,3.4,0.5,0.2,0.3,1.7,3.7,5.7,5.1,6.0,2.6,18.3,19.3,6.2,93.8,0.9,1.0,4.3,7.6,0.0,8.8,9.8,12.4,7.7,45.6,4.4,15.1,4.7,15.9,5.5,3.9,1.4,5.6,17.0,21.2,13.5,9.4,3.4,24.7,18.0,9.3,54.8,0.9,2.6,4.6,2.7,0.0,2.8,3.1,5.1,4.8,0.6,39.1,0.0,0.3,0.5,16.5,0.1,7.0,0.2,13.7,0.1,6.9,0.2,5.3,0.1,2.0,0.1,1.6,0.3,11.7,0.4,17.0,0.2,7.0,0.1,0.9,0.0,0.3,0.2,1.3,0.1,1.8,0.1,1.7,0.4,6.1,0.0,0.0,0.0,0.1,0.0,0.3,0.0,0.1,0.0,0.0,0.0,0.1,0.0,0.2,0.0,0.5,0.0,0.0
222,bio1_whs1_land3_list1500_bld750,True,True,3,1500,750,211.7,6.4,58.0,17.5,85.7,21.8,19.0,15.3,11.5,50.1,52.3,46.3,47.8,34.7,87.9,67.1,21.1,199.0,4.4,6.8,19.9,25.9,0.1,23.9,26.0,45.7,26.6,98.7,1.3,18.1,4.8,42.9,4.4,8.7,7.5,2.4,16.7,6.9,11.3,27.4,10.7,31.5,17.1,3.8,32.3,2.2,1.4,4.9,4.9,0.0,8.7,2.1,11.8,6.1,2.7,0.0,0.0,0.0,0.0,0.0,0.0,0.0,0.0,0.0,0.0,1.8,1.2,9.5,0.0,0.0,0.0,0.0,0.0,0.0,0.1,0.2,0.0,0.0,0.0,0.1,0.2,22.0,0.0,7.3,0.7,9.5,4.3,0.7,4.0,0.0,0.6,1.0,7.4,2.9,8.3,11.9,10.8,0.1,11.6,0.3,1.6,5.7,10.3,0.0,3.6,10.8,15.7,7.7,2.9,0.3,0.5,0.2,3.4,0.5,0.2,0.3,1.7,3.7,5.7,5.1,6.0,2.6,18.3,19.3,6.2,93.8,0.9,1.0,4.3,7.6,0.0,8.8,9.8,12.4,7.7,61.6,4.7,21.8,7.5,21.3,8.1,6.0,2.0,6.5,22.7,29.4,17.1,10.3,3.7,26.2,19.6,10.9,59.2,0.9,2.7,4.9,2.8,0.0,2.8,3.2,5.6,4.9,0.3,23.4,0.0,0.0,0.3,10.0,0.1,4.2,0.1,8.4,0.1,4.4,0.1,3.3,0.0,1.4,0.0,0.8,0.1,6.1,0.2,9.0,0.1,3.5,0.0,0.0,0.0,0.0,0.0,0.1,0.0,0.3,0.0,0.2,0.1,1.9,0.0,0.0,0.0,0.0,0.0,0.0,0.0,0.0,0.0,0.0,0.0,0.0,0.0,0.0,0.0,0.1,0.0,0.0
223,bio1_whs1_land3_list1500_bld1000,True,True,3,1500,1000,211.7,6.4,58.0,17.5,85.7,21.8,19.0,15.3,11.5,50.1,52.3,46.3,47.8,34.7,87.9,67.1,21.1,199.0,4.4,6.8,19.9,25.9,0.1,23.9,26.0,45.7,26.6,98.7,1.3,18.1,4.8,42.9,4.4,8.7,7.5,2.4,16.7,6.9,11.3,27.4,10.7,31.5,17.1,3.8,32.3,2.2,1.4,4.9,4.9,0.0,8.7,2.1,11.8,6.1,2.7,0.0,0.0,0.0,0.0,0.0,0.0,0.0,0.0,0.0,0.0,1.8,1.2,9.5,0.0,0.0,0.0,0.0,0.0,0.0,0.1,0.2,0.0,0.0,0.0,0.1,0.2,22.0,0.0,7.3,0.7,9.5,4.3,0.7,4.0,0.0,0.6,1.0,7.4,2.9,8.3,11.9,10.8,0.1,11.6,0.3,1.6,5.7,10.3,0.0,3.6,10.8,15.7,7.7,2.9,0.3,0.5,0.2,3.4,0.5,0.2,0.3,1.7,3.7,5.7,5.1,6.0,2.6,18.3,19.3,6.2,93.8,0.9,1.0,4.3,7.6,0.0,8.8,9.8,12.4,7.7,71.9,4.8,26.5,9.5,24.9,10.0,7.6,2.6,6.9,25.7,33.7,18.8,10.4,3.7,26.2,19.8,11.1,60.4,0.9,2.7,4.9,2.8,0.0,2.8,3.2,5.7,4.9,0.2,13.2,0.0,0.0,0.2,5.5,0.0,2.3,0.1,4.9,0.1,2.5,0.0,1.8,0.0,0.9,0.0,0.4,0.1,3.2,0.1,4.8,0.1,1.9,0.0,0.0,0.0,0.0,0.0,0.0,0.0,0.0,0.0,0.0,0.0,0.8,0.0,0.0,0.0,0.0,0.0,0.0,0.0,0.0,0.0,0.0,0.0,0.0,0.0,0.0,0.0,0.0,0.0,0.0
224,bio1_whs1_land3_list1500_bld1250,True,True,3,1500,1250,211.7,6.4,58.0,17.5,85.7,21.8,19.0,15.3,11.5,50.1,52.3,46.3,47.8,34.7,87.9,67.1,21.1,199.0,4.4,6.8,19.9,25.9,0.1,23.9,26.0,45.7,26.6,98.7,1.3,18.1,4.8,42.9,4.4,8.7,7.5,2.4,16.7,6.9,11.3,27.4,10.7,31.5,17.1,3.8,32.3,2.2,1.4,4.9,4.9,0.0,8.7,2.1,11.8,6.1,2.7,0.0,0.0,0.0,0.0,0.0,0.0,0.0,0.0,0.0,0.0,1.8,1.2,9.5,0.0,0.0,0.0,0.0,0.0,0.0,0.1,0.2,0.0,0.0,0.0,0.1,0.2,22.0,0.0,7.3,0.7,9.5,4.3,0.7,4.0,0.0,0.6,1.0,7.4,2.9,8.3,11.9,10.8,0.1,11.6,0.3,1.6,5.7,10.3,0.0,3.6,10.8,15.7,7.7,2.9,0.3,0.5,0.2,3.4,0.5,0.2,0.3,1.7,3.7,5.7,5.1,6.0,2.6,18.3,19.3,6.2,93.8,0.9,1.0,4.3,7.6,0.0,8.8,9.8,12.4,7.7,78.3,4.8,29.2,10.7,27.1,11.1,8.5,3.0,7.1,27.3,36.2,19.6,10.4,3.7,26.2,19.9,11.1,60.8,0.9,2.7,4.9,2.8,0.0,2.9,3.2,5.7,4.9,0.1,6.9,0.0,0.0,0.1,2.9,0.0,1.1,0.0,2.7,0.0,1.4,0.0,0.9,0.0,0.4,0.0,0.2,0.0,1.6,0.1,2.4,0.0,1.1,0.0,0.0,0.0,0.0,0.0,0.0,0.0,0.0,0.0,0.0,0.0,0.4,0.0,0.0,0.0,0.0,0.0,0.0,0.0,0.0,0.0,0.0,0.0,0.0,0.0,0.0,0.0,0.0,0.0,0.0
225,bio1_whs1_land4_list500_bld250,True,True,4,500,250,211.7,6.4,58.0,17.5,85.7,21.8,19.0,15.3,11.5,50.1,52.3,46.3,47.8,34.7,87.9,67.1,21.1,199.0,4.4,6.8,19.9,25.9,0.1,23.9,26.0,45.7,26.6,98.7,1.3,18.1,4.8,42.9,4.4,8.7,7.5,2.4,16.7,6.9,11.3,27.4,10.7,31.5,17.1,3.8,32.3,2.2,1.4,4.9,4.9,0.0,8.7,2.1,11.8,6.1,2.7,0.0,0.0,0.0,0.0,0.0,0.0,0.0,0.0,0.0,0.0,1.8,1.2,9.5,0.0,0.0,0.0,0.0,0.0,0.0,0.1,0.2,0.0,0.0,0.0,0.1,0.2,22.0,0.0,7.3,0.7,9.5,4.3,0.7,4.0,0.0,0.6,1.0,7.4,6.5,8.3,19.7,16.6,0.1,23.2,0.3,1.6,5.7,11.5,0.0,7.5,14.4,15.8,7.7,0.2,0.0,0.0,0.0,0.2,0.0,0.0,0.0,0.1,0.2,0.4,0.4,0.4,0.2,1.0,1.3,0.5,8.5,0.1,0.1,0.5,0.7,0.0,0.9,0.8,1.4,0.9,19.9,2.0,6.7,1.6,7.0,2.3,1.5,0.6,3.0,6.3,8.2,6.4,5.0,2.8,18.3,15.3,5.6,76.2,1.1,1.8,4.7,5.5,0.0,4.4,5.0,9.3,7.0,1.3,66.9,0.2,2.9,0.7,25.3,0.1,10.3,0.6,25.4,0.2,10.5,0.2,7.9,0.1,3.1,0.3,5.6,0.7,25.5,0.8,34.9,0.6,18.4,0.4,7.0,0.2,3.0,0.8,16.7,0.8,16.0,0.3,10.9,4.1,54.8,0.1,0.5,0.2,1.5,0.5,3.6,0.3,2.8,0.0,0.0,0.2,2.3,0.3,3.3,0.7,6.5,0.8,3.9
226,bio1_whs1_land4_list500_bld500,True,True,4,500,500,211.7,6.4,58.0,17.5,85.7,21.8,19.0,15.3,11.5,50.1,52.3,46.3,47.8,34.7,87.9,67.1,21.1,199.0,4.4,6.8,19.9,25.9,0.1,23.9,26.0,45.7,26.6,98.7,1.3,18.1,4.8,42.9,4.4,8.7,7.5,2.4,16.7,6.9,11.3,27.4,10.7,31.5,17.1,3.8,32.3,2.2,1.4,4.9,4.9,0.0,8.7,2.1,11.8,6.1,2.7,0.0,0.0,0.0,0.0,0.0,0.0,0.0,0.0,0.0,0.0,1.8,1.2,9.5,0.0,0.0,0.0,0.0,0.0,0.0,0.1,0.2,0.0,0.0,0.0,0.1,0.2,22.0,0.0,7.3,0.7,9.5,4.3,0.7,4.0,0.0,0.6,1.0,7.4,6.5,8.3,19.7,16.6,0.1,23.2,0.3,1.6,5.7,11.5,0.0,7.5,14.4,15.8,7.7,0.2,0.0,0.0,0.0,0.2,0.0,0.0,0.0,0.1,0.2,0.4,0.4,0.4,0.2,1.0,1.3,0.5,8.5,0.1,0.1,0.5,0.7,0.0,0.9,0.8,1.4,0.9,48.1,4.7,15.4,4.8,18.7,5.9,4.1,1.6,7.1,19.8,25.5,17.6,11.3,5.6,33.8,29.4,14.6,126.7,1.7,3.5,8.3,8.4,0.0,6.7,8.1,15.6,11.5,0.7,39.3,0.0,0.3,0.5,16.7,0.1,7.0,0.3,14.1,0.1,7.0,0.2,5.3,0.1,2.1,0.1,1.8,0.4,12.3,0.5,18.0,0.3,7.6,0.1,1.0,0.0,0.4,0.2,1.8,0.2,2.5,0.1,2.0,0.6,7.8,0.0,0.0,0.0,0.1,0.1,0.4,0.0,0.2,0.0,0.0,0.0,0.2,0.0,0.4,0.1,0.9,0.1,0.1
227,bio1_whs1_land4_list500_bld750,True,True,4,500,750,211.7,6.4,58.0,17.5,85.7,21.8,19.0,15.3,11.5,50.1,52.3,46.3,47.8,34.7,87.9,67.1,21.1,199.0,4.4,6.8,19.9,25.9,0.1,23.9,26.0,45.7,26.6,98.7,1.3,18.1,4.8,42.9,4.4,8.7,7.5,2.4,16.7,6.9,11.3,27.4,10.7,31.5,17.1,3.8,32.3,2.2,1.4,4.9,4.9,0.0,8.7,2.1,11.8,6.1,2.7,0.0,0.0,0.0,0.0,0.0,0.0,0.0,0.0,0.0,0.0,1.8,1.2,9.5,0.0,0.0,0.0,0.0,0.0,0.0,0.1,0.2,0.0,0.0,0.0,0.1,0.2,22.0,0.0,7.3,0.7,9.5,4.3,0.7,4.0,0.0,0.6,1.0,7.4,6.5,8.3,19.7,16.6,0.1,23.2,0.3,1.6,5.7,11.5,0.0,7.5,14.4,15.8,7.7,0.2,0.0,0.0,0.0,0.2,0.0,0.0,0.0,0.1,0.2,0.4,0.4,0.4,0.2,1.0,1.3,0.5,8.5,0.1,0.1,0.5,0.7,0.0,0.9,0.8,1.4,0.9,64.3,5.1,22.2,7.7,24.4,8.6,6.2,2.3,8.1,26.1,34.4,21.6,12.3,6.0,35.7,31.7,16.5,133.0,1.7,3.6,8.7,8.6,0.0,6.8,8.6,16.4,11.6,0.3,23.5,0.0,0.0,0.3,10.1,0.1,4.2,0.1,8.5,0.1,4.4,0.1,3.3,0.0,1.4,0.0,0.8,0.1,6.3,0.2,9.3,0.1,3.7,0.0,0.1,0.0,0.0,0.0,0.1,0.0,0.3,0.0,0.2,0.1,2.0,0.0,0.0,0.0,0.0,0.0,0.1,0.0,0.0,0.0,0.0,0.0,0.0,0.0,0.0,0.0,0.1,0.0,0.0
228,bio1_whs1_land4_list500_bld1000,True,True,4,500,1000,211.7,6.4,58.0,17.5,85.7,21.8,19.0,15.3,11.5,50.1,52.3,46.3,47.8,34.7,87.9,67.1,21.1,199.0,4.4,6.8,19.9,25.9,0.1,23.9,26.0,45.7,26.6,98.7,1.3,18.1,4.8,42.9,4.4,8.7,7.5,2.4,16.7,6.9,11.3,27.4,10.7,31.5,17.1,3.8,32.3,2.2,1.4,4.9,4.9,0.0,8.7,2.1,11.8,6.1,2.7,0.0,0.0,0.0,0.0,0.0,0.0,0.0,0.0,0.0,0.0,1.8,1.2,9.5,0.0,0.0,0.0,0.0,0.0,0.0,0.1,0.2,0.0,0.0,0.0,0.1,0.2,22.0,0.0,7.3,0.7,9.5,4.3,0.7,4.0,0.0,0.6,1.0,7.4,6.5,8.3,19.7,16.6,0.1,23.2,0.3,1.6,5.7,11.5,0.0,7.5,14.4,15.8,7.7,0.2,0.0,0.0,0.0,0.2,0.0,0.0,0.0,0.1,0.2,0.4,0.4,0.4,0.2,1.0,1.3,0.5,8.5,0.1,0.1,0.5,0.7,0.0,0.9,0.8,1.4,0.9,74.7,5.1,26.9,9.6,28.0,10.5,7.7,2.9,8.5,29.2,38.9,23.4,12.3,6.0,35.8,32.0,16.7,134.2,1.7,3.6,8.7,8.6,0.0,6.8,8.6,16.5,11.6,0.2,13.2,0.0,0.0,0.2,5.5,0.0,2.3,0.1,4.9,0.1,2.6,0.1,1.8,0.0,0.9,0.0,0.4,0.1,3.3,0.1,4.9,0.1,2.0,0.0,0.0,0.0,0.0,0.0,0.0,0.0,0.0,0.0,0.0,0.0,0.8,0.0,0.0,0.0,0.0,0.0,0.0,0.0,0.0,0.0,0.0,0.0,0.0,0.0,0.0,0.0,0.0,0.0,0.0
229,bio1_whs1_land4_list500_bld1250,True,True,4,500,1250,211.7,6.4,58.0,17.5,85.7,21.8,19.0,15.3,11.5,50.1,52.3,46.3,47.8,34.7,87.9,67.1,21.1,199.0,4.4,6.8,19.9,25.9,0.1,23.9,26.0,45.7,26.6,98.7,1.3,18.1,4.8,42.9,4.4,8.7,7.5,2.4,16.7,6.9,11.3,27.4,10.7,31.5,17.1,3.8,32.3,2.2,1.4,4.9,4.9,0.0,8.7,2.1,11.8,6.1,2.7,0.0,0.0,0.0,0.0,0.0,0.0,0.0,0.0,0.0,0.0,1.8,1.2,9.5,0.0,0.0,0.0,0.0,0.0,0.0,0.1,0.2,0.0,0.0,0.0,0.1,0.2,22.0,0.0,7.3,0.7,9.5,4.3,0.7,4.0,0.0,0.6,1.0,7.4,6.5,8.3,19.7,16.6,0.1,23.2,0.3,1.6,5.7,11.5,0.0,7.5,14.4,15.8,7.7,0.2,0.0,0.0,0.0,0.2,0.0,0.0,0.0,0.1,0.2,0.4,0.4,0.4,0.2,1.0,1.3,0.5,8.5,0.1,0.1,0.5,0.7,0.0,0.9,0.8,1.4,0.9,81.0,5.1,29.7,10.9,30.3,11.6,8.7,3.3,8.7,30.8,41.5,24.3,12.3,6.0,35.8,32.0,16.7,134.6,1.7,3.6,8.7,8.6,0.0,6.8,8.6,16.5,11.7,0.1,6.9,0.0,0.0,0.1,2.9,0.0,1.1,0.0,2.7,0.0,1.4,0.0,0.9,0.0,0.4,0.0,0.2,0.0,1.6,0.1,2.4,0.0,1.1,0.0,0.0,0.0,0.0,0.0,0.0,0.0,0.0,0.0,0.0,0.0,0.4,0.0,0.0,0.0,0.0,0.0,0.0,0.0,0.0,0.0,0.0,0.0,0.0,0.0,0.0,0.0,0.0,0.0,0.0
230,bio1_whs1_land4_list1000_bld250,True,True,4,1000,250,211.7,6.4,58.0,17.5,85.7,21.8,19.0,15.3,11.5,50.1,52.3,46.3,47.8,34.7,87.9,67.1,21.1,199.0,4.4,6.8,19.9,25.9,0.1,23.9,26.0,45.7,26.6,98.7,1.3,18.1,4.8,42.9,4.4,8.7,7.5,2.4,16.7,6.9,11.3,27.4,10.7,31.5,17.1,3.8,32.3,2.2,1.4,4.9,4.9,0.0,8.7,2.1,11.8,6.1,2.7,0.0,0.0,0.0,0.0,0.0,0.0,0.0,0.0,0.0,0.0,1.8,1.2,9.5,0.0,0.0,0.0,0.0,0.0,0.0,0.1,0.2,0.0,0.0,0.0,0.1,0.2,22.0,0.0,7.3,0.7,9.5,4.3,0.7,4.0,0.0,0.6,1.0,7.4,6.5,8.3,19.7,16.6,0.1,23.2,0.3,1.6,5.7,11.5,0.0,7.5,14.4,15.8,7.7,1.2,0.1,0.2,0.1,1.4,0.2,0.1,0.1,0.7,1.5,2.4,2.2,2.2,1.3,6.4,7.7,3.1,45.6,0.5,0.4,2.3,3.7,0.0,3.7,3.7,7.0,4.2,19.5,1.9,6.7,1.5,6.5,2.3,1.4,0.5,2.8,6.0,7.6,5.8,4.2,2.3,15.3,11.8,4.3,52.8,0.9,1.7,3.6,3.5,0.0,2.6,3.3,5.8,5.0,1.3,66.3,0.2,2.9,0.7,25.2,0.1,10.2,0.6,24.7,0.2,10.4,0.2,7.8,0.1,3.0,0.3,5.3,0.6,24.6,0.8,33.6,0.5,17.2,0.3,6.0,0.2,2.5,0.7,14.4,0.6,13.2,0.2,9.6,3.2,41.9,0.1,0.4,0.2,1.4,0.4,2.9,0.2,1.9,0.0,0.0,0.1,1.4,0.2,2.1,0.5,4.6,0.6,2.7
231,bio1_whs1_land4_list1000_bld500,True,True,4,1000,500,211.7,6.4,58.0,17.5,85.7,21.8,19.0,15.3,11.5,50.1,52.3,46.3,47.8,34.7,87.9,67.1,21.1,199.0,4.4,6.8,19.9,25.9,0.1,23.9,26.0,45.7,26.6,98.7,1.3,18.1,4.8,42.9,4.4,8.7,7.5,2.4,16.7,6.9,11.3,27.4,10.7,31.5,17.1,3.8,32.3,2.2,1.4,4.9,4.9,0.0,8.7,2.1,11.8,6.1,2.7,0.0,0.0,0.0,0.0,0.0,0.0,0.0,0.0,0.0,0.0,1.8,1.2,9.5,0.0,0.0,0.0,0.0,0.0,0.0,0.1,0.2,0.0,0.0,0.0,0.1,0.2,22.0,0.0,7.3,0.7,9.5,4.3,0.7,4.0,0.0,0.6,1.0,7.4,6.5,8.3,19.7,16.6,0.1,23.2,0.3,1.6,5.7,11.5,0.0,7.5,14.4,15.8,7.7,1.2,0.1,0.2,0.1,1.4,0.2,0.1,0.1,0.7,1.5,2.4,2.2,2.2,1.3,6.4,7.7,3.1,45.6,0.5,0.4,2.3,3.7,0.0,3.7,3.7,7.0,4.2,47.2,4.6,15.3,4.8,17.6,5.8,4.0,1.5,6.5,18.7,23.8,15.9,9.6,4.6,28.5,23.3,12.2,90.2,1.4,3.2,6.5,5.4,0.0,4.0,5.3,10.1,8.2,0.6,39.3,0.0,0.3,0.5,16.7,0.1,7.0,0.3,14.0,0.1,7.0,0.2,5.3,0.1,2.1,0.1,1.7,0.3,12.2,0.5,17.7,0.2,7.4,0.1,0.9,0.0,0.3,0.2,1.7,0.2,2.2,0.1,1.9,0.5,7.2,0.0,0.0,0.0,0.1,0.0,0.4,0.0,0.2,0.0,0.0,0.0,0.1,0.0,0.3,0.1,0.8,0.0,0.1
232,bio1_whs1_land4_list1000_bld750,True,True,4,1000,750,211.7,6.4,58.0,17.5,85.7,21.8,19.0,15.3,11.5,50.1,52.3,46.3,47.8,34.7,87.9,67.1,21.1,199.0,4.4,6.8,19.9,25.9,0.1,23.9,26.0,45.7,26.6,98.7,1.3,18.1,4.8,42.9,4.4,8.7,7.5,2.4,16.7,6.9,11.3,27.4,10.7,31.5,17.1,3.8,32.3,2.2,1.4,4.9,4.9,0.0,8.7,2.1,11.8,6.1,2.7,0.0,0.0,0.0,0.0,0.0,0.0,0.0,0.0,0.0,0.0,1.8,1.2,9.5,0.0,0.0,0.0,0.0,0.0,0.0,0.1,0.2,0.0,0.0,0.0,0.1,0.2,22.0,0.0,7.3,0.7,9.5,4.3,0.7,4.0,0.0,0.6,1.0,7.4,6.5,8.3,19.7,16.6,0.1,23.2,0.3,1.6,5.7,11.5,0.0,7.5,14.4,15.8,7.7,1.2,0.1,0.2,0.1,1.4,0.2,0.1,0.1,0.7,1.5,2.4,2.2,2.2,1.3,6.4,7.7,3.1,45.6,0.5,0.4,2.3,3.7,0.0,3.7,3.7,7.0,4.2,63.3,4.9,22.1,7.6,23.2,8.4,6.1,2.2,7.5,24.8,32.5,19.8,10.5,4.9,30.2,25.3,14.0,95.8,1.4,3.3,6.8,5.6,0.0,4.1,5.6,10.9,8.4,0.3,23.5,0.0,0.0,0.3,10.1,0.1,4.2,0.1,8.5,0.1,4.4,0.1,3.3,0.0,1.4,0.0,0.8,0.1,6.3,0.2,9.2,0.1,3.6,0.0,0.1,0.0,0.0,0.0,0.1,0.0,0.3,0.0,0.2,0.1,2.0,0.0,0.0,0.0,0.0,0.0,0.1,0.0,0.0,0.0,0.0,0.0,0.0,0.0,0.0,0.0,0.1,0.0,0.0
233,bio1_whs1_land4_list1000_bld1000,True,True,4,1000,1000,211.7,6.4,58.0,17.5,85.7,21.8,19.0,15.3,11.5,50.1,52.3,46.3,47.8,34.7,87.9,67.1,21.1,199.0,4.4,6.8,19.9,25.9,0.1,23.9,26.0,45.7,26.6,98.7,1.3,18.1,4.8,42.9,4.4,8.7,7.5,2.4,16.7,6.9,11.3,27.4,10.7,31.5,17.1,3.8,32.3,2.2,1.4,4.9,4.9,0.0,8.7,2.1,11.8,6.1,2.7,0.0,0.0,0.0,0.0,0.0,0.0,0.0,0.0,0.0,0.0,1.8,1.2,9.5,0.0,0.0,0.0,0.0,0.0,0.0,0.1,0.2,0.0,0.0,0.0,0.1,0.2,22.0,0.0,7.3,0.7,9.5,4.3,0.7,4.0,0.0,0.6,1.0,7.4,6.5,8.3,19.7,16.6,0.1,23.2,0.3,1.6,5.7,11.5,0.0,7.5,14.4,15.8,7.7,1.2,0.1,0.2,0.1,1.4,0.2,0.1,0.1,0.7,1.5,2.4,2.2,2.2,1.3,6.4,7.7,3.1,45.6,0.5,0.4,2.3,3.7,0.0,3.7,3.7,7.0,4.2,73.7,5.0,26.8,9.6,26.8,10.3,7.7,2.8,7.9,27.9,37.0,21.6,10.5,4.9,30.3,25.6,14.2,97.0,1.4,3.3,6.9,5.6,0.0,4.1,5.6,11.0,8.4,0.2,13.2,0.0,0.0,0.2,5.5,0.0,2.3,0.1,4.9,0.1,2.6,0.1,1.8,0.0,0.9,0.0,0.4,0.1,3.3,0.1,4.9,0.1,2.0,0.0,0.0,0.0,0.0,0.0,0.0,0.0,0.0,0.0,0.0,0.0,0.8,0.0,0.0,0.0,0.0,0.0,0.0,0.0,0.0,0.0,0.0,0.0,0.0,0.0,0.0,0.0,0.0,0.0,0.0
234,bio1_whs1_land4_list1000_bld1250,True,True,4,1000,1250,211.7,6.4,58.0,17.5,85.7,21.8,19.0,15.3,11.5,50.1,52.3,46.3,47.8,34.7,87.9,67.1,21.1,199.0,4.4,6.8,19.9,25.9,0.1,23.9,26.0,45.7,26.6,98.7,1.3,18.1,4.8,42.9,4.4,8.7,7.5,2.4,16.7,6.9,11.3,27.4,10.7,31.5,17.1,3.8,32.3,2.2,1.4,4.9,4.9,0.0,8.7,2.1,11.8,6.1,2.7,0.0,0.0,0.0,0.0,0.0,0.0,0.0,0.0,0.0,0.0,1.8,1.2,9.5,0.0,0.0,0.0,0.0,0.0,0.0,0.1,0.2,0.0,0.0,0.0,0.1,0.2,22.0,0.0,7.3,0.7,9.5,4.3,0.7,4.0,0.0,0.6,1.0,7.4,6.5,8.3,19.7,16.6,0.1,23.2,0.3,1.6,5.7,11.5,0.0,7.5,14.4,15.8,7.7,1.2,0.1,0.2,0.1,1.4,0.2,0.1,0.1,0.7,1.5,2.4,2.2,2.2,1.3,6.4,7.7,3.1,45.6,0.5,0.4,2.3,3.7,0.0,3.7,3.7,7.0,4.2,80.0,5.0,29.5,10.8,29.1,11.4,8.6,3.2,8.1,29.6,39.5,22.5,10.5,4.9,30.3,25.7,14.2,97.5,1.4,3.3,6.9,5.6,0.0,4.1,5.6,11.0,8.4,0.1,6.9,0.0,0.0,0.1,2.9,0.0,1.1,0.0,2.7,0.0,1.4,0.0,0.9,0.0,0.4,0.0,0.2,0.0,1.6,0.1,2.4,0.0,1.1,0.0,0.0,0.0,0.0,0.0,0.0,0.0,0.0,0.0,0.0,0.0,0.4,0.0,0.0,0.0,0.0,0.0,0.0,0.0,0.0,0.0,0.0,0.0,0.0,0.0,0.0,0.0,0.0,0.0,0.0
235,bio1_whs1_land4_list1500_bld250,True,True,4,1500,250,211.7,6.4,58.0,17.5,85.7,21.8,19.0,15.3,11.5,50.1,52.3,46.3,47.8,34.7,87.9,67.1,21.1,199.0,4.4,6.8,19.9,25.9,0.1,23.9,26.0,45.7,26.6,98.7,1.3,18.1,4.8,42.9,4.4,8.7,7.5,2.4,16.7,6.9,11.3,27.4,10.7,31.5,17.1,3.8,32.3,2.2,1.4,4.9,4.9,0.0,8.7,2.1,11.8,6.1,2.7,0.0,0.0,0.0,0.0,0.0,0.0,0.0,0.0,0.0,0.0,1.8,1.2,9.5,0.0,0.0,0.0,0.0,0.0,0.0,0.1,0.2,0.0,0.0,0.0,0.1,0.2,22.0,0.0,7.3,0.7,9.5,4.3,0.7,4.0,0.0,0.6,1.0,7.4,6.5,8.3,19.7,16.6,0.1,23.2,0.3,1.6,5.7,11.5,0.0,7.5,14.4,15.8,7.7,2.9,0.3,0.5,0.2,3.4,0.5,0.2,0.3,1.7,3.7,5.7,5.1,4.6,2.6,14.7,15.8,6.2,86.2,0.9,1.0,4.3,6.6,0.0,6.0,6.8,12.3,7.7,18.9,1.9,6.6,1.5,5.8,2.2,1.4,0.5,2.4,5.4,6.7,4.8,3.2,1.6,11.1,7.8,3.0,28.2,0.6,1.3,2.5,1.7,0.0,1.1,1.5,2.8,2.9,1.2,65.3,0.1,2.8,0.6,24.9,0.1,10.1,0.5,23.5,0.2,10.2,0.2,7.7,0.1,2.9,0.2,4.7,0.6,23.0,0.7,31.2,0.5,15.4,0.3,4.7,0.1,1.9,0.5,10.4,0.5,9.4,0.2,7.9,2.1,27.0,0.0,0.3,0.2,1.2,0.3,2.2,0.1,0.9,0.0,0.0,0.1,0.6,0.1,0.9,0.3,2.6,0.4,1.6
236,bio1_whs1_land4_list1500_bld500,True,True,4,1500,500,211.7,6.4,58.0,17.5,85.7,21.8,19.0,15.3,11.5,50.1,52.3,46.3,47.8,34.7,87.9,67.1,21.1,199.0,4.4,6.8,19.9,25.9,0.1,23.9,26.0,45.7,26.6,98.7,1.3,18.1,4.8,42.9,4.4,8.7,7.5,2.4,16.7,6.9,11.3,27.4,10.7,31.5,17.1,3.8,32.3,2.2,1.4,4.9,4.9,0.0,8.7,2.1,11.8,6.1,2.7,0.0,0.0,0.0,0.0,0.0,0.0,0.0,0.0,0.0,0.0,1.8,1.2,9.5,0.0,0.0,0.0,0.0,0.0,0.0,0.1,0.2,0.0,0.0,0.0,0.1,0.2,22.0,0.0,7.3,0.7,9.5,4.3,0.7,4.0,0.0,0.6,1.0,7.4,6.5,8.3,19.7,16.6,0.1,23.2,0.3,1.6,5.7,11.5,0.0,7.5,14.4,15.8,7.7,2.9,0.3,0.5,0.2,3.4,0.5,0.2,0.3,1.7,3.7,5.7,5.1,4.6,2.6,14.7,15.8,6.2,86.2,0.9,1.0,4.3,6.6,0.0,6.0,6.8,12.3,7.7,45.6,4.4,15.1,4.7,15.9,5.5,3.9,1.4,5.6,17.0,21.2,13.5,7.3,3.4,20.8,15.7,9.3,50.9,0.9,2.6,4.6,2.6,0.0,1.7,2.4,5.1,4.8,0.6,39.1,0.0,0.3,0.5,16.5,0.1,7.0,0.2,13.7,0.1,6.9,0.2,5.3,0.1,2.0,0.1,1.6,0.3,11.7,0.4,17.0,0.2,7.0,0.1,0.8,0.0,0.3,0.1,1.2,0.1,1.8,0.1,1.7,0.4,6.0,0.0,0.0,0.0,0.1,0.0,0.3,0.0,0.1,0.0,0.0,0.0,0.1,0.0,0.1,0.0,0.5,0.0,0.0
237,bio1_whs1_land4_list1500_bld750,True,True,4,1500,750,211.7,6.4,58.0,17.5,85.7,21.8,19.0,15.3,11.5,50.1,52.3,46.3,47.8,34.7,87.9,67.1,21.1,199.0,4.4,6.8,19.9,25.9,0.1,23.9,26.0,45.7,26.6,98.7,1.3,18.1,4.8,42.9,4.4,8.7,7.5,2.4,16.7,6.9,11.3,27.4,10.7,31.5,17.1,3.8,32.3,2.2,1.4,4.9,4.9,0.0,8.7,2.1,11.8,6.1,2.7,0.0,0.0,0.0,0.0,0.0,0.0,0.0,0.0,0.0,0.0,1.8,1.2,9.5,0.0,0.0,0.0,0.0,0.0,0.0,0.1,0.2,0.0,0.0,0.0,0.1,0.2,22.0,0.0,7.3,0.7,9.5,4.3,0.7,4.0,0.0,0.6,1.0,7.4,6.5,8.3,19.7,16.6,0.1,23.2,0.3,1.6,5.7,11.5,0.0,7.5,14.4,15.8,7.7,2.9,0.3,0.5,0.2,3.4,0.5,0.2,0.3,1.7,3.7,5.7,5.1,4.6,2.6,14.7,15.8,6.2,86.2,0.9,1.0,4.3,6.6,0.0,6.0,6.8,12.3,7.7,61.6,4.7,21.8,7.5,21.3,8.1,6.0,2.0,6.5,22.7,29.4,17.1,8.1,3.6,22.0,17.3,10.9,55.3,0.9,2.7,4.9,2.7,0.0,1.8,2.5,5.6,4.9,0.3,23.4,0.0,0.0,0.3,10.0,0.1,4.2,0.1,8.4,0.1,4.4,0.1,3.3,0.0,1.4,0.0,0.8,0.1,6.1,0.2,9.0,0.1,3.5,0.0,0.0,0.0,0.0,0.0,0.0,0.0,0.3,0.0,0.2,0.1,1.9,0.0,0.0,0.0,0.0,0.0,0.0,0.0,0.0,0.0,0.0,0.0,0.0,0.0,0.0,0.0,0.1,0.0,0.0
238,bio1_whs1_land4_list1500_bld1000,True,True,4,1500,1000,211.7,6.4,58.0,17.5,85.7,21.8,19.0,15.3,11.5,50.1,52.3,46.3,47.8,34.7,87.9,67.1,21.1,199.0,4.4,6.8,19.9,25.9,0.1,23.9,26.0,45.7,26.6,98.7,1.3,18.1,4.8,42.9,4.4,8.7,7.5,2.4,16.7,6.9,11.3,27.4,10.7,31.5,17.1,3.8,32.3,2.2,1.4,4.9,4.9,0.0,8.7,2.1,11.8,6.1,2.7,0.0,0.0,0.0,0.0,0.0,0.0,0.0,0.0,0.0,0.0,1.8,1.2,9.5,0.0,0.0,0.0,0.0,0.0,0.0,0.1,0.2,0.0,0.0,0.0,0.1,0.2,22.0,0.0,7.3,0.7,9.5,4.3,0.7,4.0,0.0,0.6,1.0,7.4,6.5,8.3,19.7,16.6,0.1,23.2,0.3,1.6,5.7,11.5,0.0,7.5,14.4,15.8,7.7,2.9,0.3,0.5,0.2,3.4,0.5,0.2,0.3,1.7,3.7,5.7,5.1,4.6,2.6,14.7,15.8,6.2,86.2,0.9,1.0,4.3,6.6,0.0,6.0,6.8,12.3,7.7,71.9,4.8,26.5,9.5,24.9,10.0,7.6,2.6,6.9,25.7,33.7,18.8,8.1,3.7,22.1,17.6,11.1,56.4,0.9,2.7,4.9,2.7,0.0,1.8,2.6,5.6,4.9,0.2,13.2,0.0,0.0,0.2,5.5,0.0,2.3,0.1,4.9,0.1,2.5,0.0,1.8,0.0,0.9,0.0,0.4,0.1,3.2,0.1,4.8,0.1,1.9,0.0,0.0,0.0,0.0,0.0,0.0,0.0,0.0,0.0,0.0,0.0,0.8,0.0,0.0,0.0,0.0,0.0,0.0,0.0,0.0,0.0,0.0,0.0,0.0,0.0,0.0,0.0,0.0,0.0,0.0
239,bio1_whs1_land4_list1500_bld1250,True,True,4,1500,1250,211.7,6.4,58.0,17.5,85.7,21.8,19.0,15.3,11.5,50.1,52.3,46.3,47.8,34.7,87.9,67.1,21.1,199.0,4.4,6.8,19.9,25.9,0.1,23.9,26.0,45.7,26.6,98.7,1.3,18.1,4.8,42.9,4.4,8.7,7.5,2.4,16.7,6.9,11.3,27.4,10.7,31.5,17.1,3.8,32.3,2.2,1.4,4.9,4.9,0.0,8.7,2.1,11.8,6.1,2.7,0.0,0.0,0.0,0.0,0.0,0.0,0.0,0.0,0.0,0.0,1.8,1.2,9.5,0.0,0.0,0.0,0.0,0.0,0.0,0.1,0.2,0.0,0.0,0.0,0.1,0.2,22.0,0.0,7.3,0.7,9.5,4.3,0.7,4.0,0.0,0.6,1.0,7.4,6.5,8.3,19.7,16.6,0.1,23.2,0.3,1.6,5.7,11.5,0.0,7.5,14.4,15.8,7.7,2.9,0.3,0.5,0.2,3.4,0.5,0.2,0.3,1.7,3.7,5.7,5.1,4.6,2.6,14.7,15.8,6.2,86.2,0.9,1.0,4.3,6.6,0.0,6.0,6.8,12.3,7.7,78.3,4.8,29.2,10.7,27.1,11.1,8.5,3.0,7.1,27.3,36.2,19.6,8.1,3.7,22.1,17.6,11.1,56.9,0.9,2.7,4.9,2.7,0.0,1.8,2.6,5.6,4.9,0.1,6.9,0.0,0.0,0.1,2.9,0.0,1.1,0.0,2.7,0.0,1.4,0.0,0.9,0.0,0.4,0.0,0.2,0.0,1.6,0.1,2.4,0.0,1.1,0.0,0.0,0.0,0.0,0.0,0.0,0.0,0.0,0.0,0.0,0.0,0.4,0.0,0.0,0.0,0.0,0.0,0.0,0.0,0.0,0.0,0.0,0.0,0.0,0.0,0.0,0.0,0.0,0.0,0.0
