combination_id,filename,biodiversity,world_heritage,landscape_level,listed_buffer_m,building_buffer_m,zone_1_baseline_gw,zone_2_baseline_gw,zone_3_baseline_gw,zone_4_baseline_gw,zone_5_baseline_gw,zone_6_baseline_gw,zone_7_baseline_gw,zone_8_baseline_gw,zone_9_baseline_gw,zone_10_baseline_gw,zone_11_baseline_gw,zone_12_baseline_gw,zone_13_baseline_gw,zone_14_baseline_gw,zone_15_baseline_gw,zone_16_baseline_gw,zone_17_baseline_gw,zone_18_baseline_gw,zone_19_baseline_gw,zone_20_baseline_gw,zone_21_baseline_gw,zone_22_baseline_gw,zone_23_baseline_gw,zone_24_baseline_gw,zone_25_baseline_gw,zone_26_baseline_gw,zone_27_baseline_gw,zone_1_reduction_biodiversity_gw,zone_2_reduction_biodiversity_gw,zone_3_reduction_biodiversity_gw,zone_4_reduction_biodiversity_gw,zone_5_reduction_biodiversity_gw,zone_6_reduction_biodiversity_gw,zone_7_reduction_biodiversity_gw,zone_8_reduction_biodiversity_gw,zone_9_reduction_biodiversity_gw,zone_10_reduction_biodiversity_gw,zone_11_reduction_biodiversity_gw,zone_12_reduction_biodiversity_gw,zone_13_reduction_biodiversity_gw,zone_14_reduction_biodiversity_gw,zone_15_reduction_biodiversity_gw,zone_16_reduction_biodiversity_gw,zone_17_reduction_biodiversity_gw,zone_18_reduction_biodiversity_gw,zone_19_reduction_biodiversity_gw,zone_20_reduction_biodiversity_gw,zone_21_reduction_biodiversity_gw,zone_22_reduction_biodiversity_gw,zone_23_reduction_biodiversity_gw,zone_24_reduction_biodiversity_gw,zone_25_reduction_biodiversity_gw,zone_26_reduction_biodiversity_gw,zone_27_reduction_biodiversity_gw,zone_1_reduction_world_heritage_gw,zone_2_reduction_world_heritage_gw,zone_3_reduction_world_heritage_gw,zone_4_reduction_world_heritage_gw,zone_5_reduction_world_heritage_gw,zone_6_reduction_world_heritage_gw,zone_7_reduction_world_heritage_gw,zone_8_reduction_world_heritage_gw,zone_9_reduction_world_heritage_gw,zone_10_reduction_world_heritage_gw,zone_11_reduction_world_heritage_gw,zone_12_reduction_world_heritage_gw,zone_13_reduction_world_heritage_gw,zone_14_reduction_world_heritage_gw,zone_15_reduction_world_heritage_gw,zone_16_reduction_world_heritage_gw,zone_17_reduction_world_heritage_gw,zone_18_reduction_world_heritage_gw,zone_19_reduction_world_heritage_gw,zone_20_reduction_world_heritage_gw,zone_21_reduction_world_heritage_gw,zone_22_reduction_world_heritage_gw,zone_23_reduction_world_heritage_gw,zone_24_reduction_world_heritage_gw,zone_25_reduction_world_heritage_gw,zone_26_reduction_world_heritage_gw,zone_27_reduction_world_heritage_gw,zone_1_reduction_landscape_gw,zone_2_reduction_landscape_gw,zone_3_reduction_landscape_gw,zone_4_reduction_landscape_gw,zone_5_reduction_landscape_gw,zone_6_reduction_landscape_gw,zone_7_reduction_landscape_gw,zone_8_reduction_landscape_gw,zone_9_reduction_landscape_gw,zone_10_reduction_landscape_gw,zone_11_reduction_landscape_gw,zone_12_reduction_landscape_gw,zone_13_reduction_landscape_gw,zone_14_reduction_landscape_gw,zone_15_reduction_landscape_gw,zone_16_reduction_landscape_gw,zone_17_reduction_landscape_gw,zone_18_reduction_landscape_gw,zone_19_reduction_landscape_gw,zone_20_reduction_landscape_gw,zone_21_reduction_landscape_gw,zone_22_reduction_landscape_gw,zone_23_reduction_landscape_gw,zone_24_reduction_landscape_gw,zone_25_reduction_landscape_gw,zone_26_reduction_landscape_gw,zone_27_reduction_landscape_gw,zone_1_reduction_listed_gw,zone_2_reduction_listed_gw,zone_3_reduction_listed_gw,zone_4_reduction_listed_gw,zone_5_reduction_listed_gw,zone_6_reduction_listed_gw,zone_7_reduction_listed_gw,zone_8_reduction_listed_gw,zone_9_reduction_listed_gw,zone_10_reduction_listed_gw,zone_11_reduction_listed_gw,zone_12_reduction_listed_gw,zone_13_reduction_listed_gw,zone_14_reduction_listed_gw,zone_15_reduction_listed_gw,zone_16_reduction_listed_gw,zone_17_reduction_listed_gw,zone_18_reduction_listed_gw,zone_19_reduction_listed_gw,zone_20_reduction_listed_gw,zone_21_reduction_listed_gw,zone_22_reduction_listed_gw,zone_23_reduction_listed_gw,zone_24_reduction_listed_gw,zone_25_reduction_listed_gw,zone_26_reduction_listed_gw,zone_27_reduction_listed_gw,zone_1_reduction_building_gw,zone_2_reduction_building_gw,zone_3_reduction_building_gw,zone_4_reduction_building_gw,zone_5_reduction_building_gw,zone_6_reduction_building_gw,zone_7_reduction_building_gw,zone_8_reduction_building_gw,zone_9_reduction_building_gw,zone_10_reduction_building_gw,zone_11_reduction_building_gw,zone_12_reduction_building_gw,zone_13_reduction_building_gw,zone_14_reduction_building_gw,zone_15_reduction_building_gw,zone_16_reduction_building_gw,zone_17_reduction_building_gw,zone_18_reduction_building_gw,zone_19_reduction_building_gw,zone_20_reduction_building_gw,zone_21_reduction_building_gw,zone_22_reduction_building_gw,zone_23_reduction_building_gw,zone_24_reduction_building_gw,zone_25_reduction_building_gw,zone_26_reduction_building_gw,zone_27_reduction_building_gw,zone_1_reduction_parcel_filter_gw,zone_2_reduction_parcel_filter_gw,zone_3_reduction_parcel_filter_gw,zone_4_reduction_parcel_filter_gw,zone_5_reduction_parcel_filter_gw,zone_6_reduction_parcel_filter_gw,zone_7_reduction_parcel_filter_gw,zone_8_reduction_parcel_filter_gw,zone_9_reduction_parcel_filter_gw,zone_10_reduction_parcel_filter_gw,zone_11_reduction_parcel_filter_gw,zone_12_reduction_parcel_filter_gw,zone_13_reduction_parcel_filter_gw,zone_14_reduction_parcel_filter_gw,zone_15_reduction_parcel_filter_gw,zone_16_reduction_parcel_filter_gw,zone_17_reduction_parcel_filter_gw,zone_18_reduction_parcel_filter_gw,zone_19_reduction_parcel_filter_gw,zone_20_reduction_parcel_filter_gw,zone_21_reduction_parcel_filter_gw,zone_22_reduction_parcel_filter_gw,zone_23_reduction_parcel_filter_gw,zone_24_reduction_parcel_filter_gw,zone_25_reduction_parcel_filter_gw,zone_26_reduction_parcel_filter_gw,zone_27_reduction_parcel_filter_gw,zone_1_final_gw,zone_2_final_gw,zone_3_final_gw,zone_4_final_gw,zone_5_final_gw,zone_6_final_gw,zone_7_final_gw,zone_8_final_gw,zone_9_final_gw,zone_10_final_gw,zone_11_final_gw,zone_12_final_gw,zone_13_final_gw,zone_14_final_gw,zone_15_final_gw,zone_16_final_gw,zone_17_final_gw,zone_18_final_gw,zone_19_final_gw,zone_20_final_gw,zone_21_final_gw,zone_22_final_gw,zone_23_final_gw,zone_24_final_gw,zone_25_final_gw,zone_26_final_gw,zone_27_final_gw
0,bio0_whs0_land1_list500_bld250,False,False,1,500,250,109.6,3.6,28.8,8.8,45.0,11.3,10.0,7.4,6.6,26.8,28.1,25.2,26.8,18.7,50.9,40.3,12.9,118.2,2.6,4.3,11.9,15.9,0.0,15.1,15.5,28.4,16.5,0.0,0.0,0.0,0.0,0.0,0.0,0.0,0.0,0.0,0.0,0.0,0.0,0.0,0.0,0.0,0.0,0.0,0.0,0.0,0.0,0.0,0.0,0.0,0.0,0.0,0.0,0.0,0.0,0.0,0.0,0.0,0.0,0.0,0.0,0.0,0.0,0.0,0.0,0.0,0.0,0.0,0.0,0.0,0.0,0.0,0.0,0.0,0.0,0.0,0.0,0.0,0.0,0.0,0.0,0.0,0.0,0.0,0.0,0.0,0.0,0.0,0.0,0.0,0.0,0.0,0.0,0.0,0.0,0.0,0.0,0.0,0.0,0.0,0.0,0.0,0.0,0.0,0.0,0.0,0.0,0.0,0.2,0.0,0.0,0.0,0.2,0.0,0.0,0.0,0.1,0.1,0.3,0.3,0.4,0.3,1.1,1.2,0.3,5.7,0.1,0.1,0.4,0.8,0.0,1.1,1.0,1.5,0.8,16.8,0.8,4.3,0.8,4.7,1.6,1.4,1.2,1.5,3.0,3.1,3.7,5.7,3.7,16.8,12.7,2.7,44.9,1.0,1.4,3.5,5.3,0.0,6.2,6.1,9.5,5.3,1.1,0.1,0.4,0.1,0.5,0.1,0.2,0.2,0.2,0.5,0.5,0.4,0.4,0.4,1.0,1.0,0.2,3.6,0.1,0.2,0.4,0.5,0.0,0.5,0.7,1.0,0.8,91.5,2.6,24.1,7.9,39.6,9.6,8.4,6.0,4.9,23.3,24.2,20.8,20.2,14.2,32.1,25.4,9.7,64.0,1.4,2.6,7.5,9.2,0.0,7.3,7.7,16.3,9.5
1,bio0_whs0_land1_list500_bld500,False,False,1,500,500,109.6,3.6,28.8,8.8,45.0,11.3,10.0,7.4,6.6,26.8,28.1,25.2,26.8,18.7,50.9,40.3,12.9,118.2,2.6,4.3,11.9,15.9,0.0,15.1,15.5,28.4,16.5,0.0,0.0,0.0,0.0,0.0,0.0,0.0,0.0,0.0,0.0,0.0,0.0,0.0,0.0,0.0,0.0,0.0,0.0,0.0,0.0,0.0,0.0,0.0,0.0,0.0,0.0,0.0,0.0,0.0,0.0,0.0,0.0,0.0,0.0,0.0,0.0,0.0,0.0,0.0,0.0,0.0,0.0,0.0,0.0,0.0,0.0,0.0,0.0,0.0,0.0,0.0,0.0,0.0,0.0,0.0,0.0,0.0,0.0,0.0,0.0,0.0,0.0,0.0,0.0,0.0,0.0,0.0,0.0,0.0,0.0,0.0,0.0,0.0,0.0,0.0,0.0,0.0,0.0,0.0,0.0,0.0,0.2,0.0,0.0,0.0,0.2,0.0,0.0,0.0,0.1,0.1,0.3,0.3,0.4,0.3,1.1,1.2,0.3,5.7,0.1,0.1,0.4,0.8,0.0,1.1,1.0,1.5,0.8,53.5,3.2,12.8,3.5,18.5,5.1,4.7,3.2,5.3,14.0,14.9,15.0,18.7,11.9,41.8,32.2,10.3,100.0,2.2,3.9,9.0,12.5,0.0,13.0,13.2,23.3,12.9,0.6,0.0,0.3,0.1,0.2,0.1,0.1,0.1,0.1,0.3,0.2,0.2,0.1,0.1,0.2,0.2,0.1,0.6,0.0,0.0,0.1,0.1,0.0,0.1,0.1,0.2,0.1,55.2,0.3,15.6,5.2,26.0,6.1,5.2,4.0,1.2,12.4,12.7,9.7,7.5,6.4,7.9,6.7,2.3,11.9,0.3,0.3,2.4,2.4,0.0,0.9,1.2,3.4,2.7
2,bio0_whs0_land1_list500_bld750,False,False,1,500,750,109.6,3.6,28.8,8.8,45.0,11.3,10.0,7.4,6.6,26.8,28.1,25.2,26.8,18.7,50.9,40.3,12.9,118.2,2.6,4.3,11.9,15.9,0.0,15.1,15.5,28.4,16.5,0.0,0.0,0.0,0.0,0.0,0.0,0.0,0.0,0.0,0.0,0.0,0.0,0.0,0.0,0.0,0.0,0.0,0.0,0.0,0.0,0.0,0.0,0.0,0.0,0.0,0.0,0.0,0.0,0.0,0.0,0.0,0.0,0.0,0.0,0.0,0.0,0.0,0.0,0.0,0.0,0.0,0.0,0.0,0.0,0.0,0.0,0.0,0.0,0.0,0.0,0.0,0.0,0.0,0.0,0.0,0.0,0.0,0.0,0.0,0.0,0.0,0.0,0.0,0.0,0.0,0.0,0.0,0.0,0.0,0.0,0.0,0.0,0.0,0.0,0.0,0.0,0.0,0.0,0.0,0.0,0.0,0.2,0.0,0.0,0.0,0.2,0.0,0.0,0.0,0.1,0.1,0.3,0.3,0.4,0.3,1.1,1.2,0.3,5.7,0.1,0.1,0.4,0.8,0.0,1.1,1.0,1.5,0.8,75.4,3.5,19.2,5.6,27.3,7.3,7.0,4.6,6.0,19.8,21.0,19.7,23.3,15.3,47.6,36.8,12.1,108.2,2.4,4.1,10.3,14.1,0.0,13.8,14.3,26.1,14.0,0.3,0.0,0.2,0.0,0.1,0.0,0.1,0.1,0.0,0.1,0.1,0.1,0.0,0.0,0.0,0.0,0.0,0.1,0.0,0.0,0.0,0.0,0.0,0.0,0.0,0.0,0.0,33.7,0.1,9.3,3.1,17.4,3.9,3.0,2.8,0.5,6.8,6.7,5.2,3.0,3.0,2.2,2.2,0.5,4.2,0.1,0.1,1.1,1.0,0.0,0.2,0.2,0.8,1.6
3,bio0_whs0_land1_list500_bld1000,False,False,1,500,1000,109.6,3.6,28.8,8.8,45.0,11.3,10.0,7.4,6.6,26.8,28.1,25.2,26.8,18.7,50.9,40.3,12.9,118.2,2.6,4.3,11.9,15.9,0.0,15.1,15.5,28.4,16.5,0.0,0.0,0.0,0.0,0.0,0.0,0.0,0.0,0.0,0.0,0.0,0.0,0.0,0.0,0.0,0.0,0.0,0.0,0.0,0.0,0.0,0.0,0.0,0.0,0.0,0.0,0.0,0.0,0.0,0.0,0.0,0.0,0.0,0.0,0.0,0.0,0.0,0.0,0.0,0.0,0.0,0.0,0.0,0.0,0.0,0.0,0.0,0.0,0.0,0.0,0.0,0.0,0.0,0.0,0.0,0.0,0.0,0.0,0.0,0.0,0.0,0.0,0.0,0.0,0.0,0.0,0.0,0.0,0.0,0.0,0.0,0.0,0.0,0.0,0.0,0.0,0.0,0.0,0.0,0.0,0.0,0.2,0.0,0.0,0.0,0.2,0.0,0.0,0.0,0.1,0.1,0.3,0.3,0.4,0.3,1.1,1.2,0.3,5.7,0.1,0.1,0.4,0.8,0.0,1.1,1.0,1.5,0.8,87.5,3.5,23.1,7.0,33.0,8.8,8.3,5.5,6.2,22.6,23.7,21.7,24.9,16.8,49.1,38.2,12.4,110.3,2.4,4.2,10.8,14.5,0.0,13.9,14.5,26.6,14.6,0.2,0.0,0.1,0.0,0.1,0.0,0.1,0.0,0.0,0.1,0.1,0.0,0.0,0.0,0.0,0.0,0.0,0.0,0.0,0.0,0.0,0.0,0.0,0.0,0.0,0.0,0.0,21.6,0.0,5.5,1.8,11.7,2.4,1.7,1.8,0.3,4.1,4.1,3.1,1.4,1.5,0.8,0.9,0.2,2.1,0.1,0.0,0.6,0.6,0.0,0.0,0.0,0.3,1.0
4,bio0_whs0_land1_list500_bld1250,False,False,1,500,1250,109.6,3.6,28.8,8.8,45.0,11.3,10.0,7.4,6.6,26.8,28.1,25.2,26.8,18.7,50.9,40.3,12.9,118.2,2.6,4.3,11.9,15.9,0.0,15.1,15.5,28.4,16.5,0.0,0.0,0.0,0.0,0.0,0.0,0.0,0.0,0.0,0.0,0.0,0.0,0.0,0.0,0.0,0.0,0.0,0.0,0.0,0.0,0.0,0.0,0.0,0.0,0.0,0.0,0.0,0.0,0.0,0.0,0.0,0.0,0.0,0.0,0.0,0.0,0.0,0.0,0.0,0.0,0.0,0.0,0.0,0.0,0.0,0.0,0.0,0.0,0.0,0.0,0.0,0.0,0.0,0.0,0.0,0.0,0.0,0.0,0.0,0.0,0.0,0.0,0.0,0.0,0.0,0.0,0.0,0.0,0.0,0.0,0.0,0.0,0.0,0.0,0.0,0.0,0.0,0.0,0.0,0.0,0.0,0.2,0.0,0.0,0.0,0.2,0.0,0.0,0.0,0.1,0.1,0.3,0.3,0.4,0.3,1.1,1.2,0.3,5.7,0.1,0.1,0.4,0.8,0.0,1.1,1.0,1.5,0.8,95.1,3.5,25.5,7.7,36.9,9.8,9.0,6.2,6.4,24.2,25.2,23.0,25.7,17.6,49.6,38.7,12.5,111.4,2.4,4.2,11.1,14.7,0.0,13.9,14.5,26.8,15.0,0.1,0.0,0.1,0.0,0.1,0.0,0.0,0.0,0.0,0.0,0.0,0.0,0.0,0.0,0.0,0.0,0.0,0.0,0.0,0.0,0.0,0.0,0.0,0.0,0.0,0.0,0.0,14.1,0.0,3.1,1.0,7.8,1.5,1.0,1.1,0.2,2.5,2.5,1.9,0.7,0.7,0.2,0.4,0.1,1.1,0.1,0.0,0.3,0.4,0.0,0.0,0.0,0.1,0.6
5,bio0_whs0_land1_list1000_bld250,False,False,1,1000,250,109.6,3.6,28.8,8.8,45.0,11.3,10.0,7.4,6.6,26.8,28.1,25.2,26.8,18.7,50.9,40.3,12.9,118.2,2.6,4.3,11.9,15.9,0.0,15.1,15.5,28.4,16.5,0.0,0.0,0.0,0.0,0.0,0.0,0.0,0.0,0.0,0.0,0.0,0.0,0.0,0.0,0.0,0.0,0.0,0.0,0.0,0.0,0.0,0.0,0.0,0.0,0.0,0.0,0.0,0.0,0.0,0.0,0.0,0.0,0.0,0.0,0.0,0.0,0.0,0.0,0.0,0.0,0.0,0.0,0.0,0.0,0.0,0.0,0.0,0.0,0.0,0.0,0.0,0.0,0.0,0.0,0.0,0.0,0.0,0.0,0.0,0.0,0.0,0.0,0.0,0.0,0.0,0.0,0.0,0.0,0.0,0.0,0.0,0.0,0.0,0.0,0.0,0.0,0.0,0.0,0.0,0.0,0.0,1.2,0.1,0.2,0.0,1.0,0.1,0.1,0.1,0.7,0.9,1.4,1.9,2.2,1.8,6.4,7.0,1.8,31.3,0.5,0.6,2.0,4.7,0.0,5.1,5.2,8.2,3.9,16.5,0.8,4.2,0.8,4.5,1.6,1.4,1.2,1.3,2.8,2.9,3.4,5.2,3.3,14.5,10.2,2.2,32.5,0.9,1.2,2.8,3.6,0.0,4.2,4.1,6.6,4.0,1.0,0.1,0.4,0.1,0.5,0.1,0.2,0.2,0.2,0.5,0.4,0.4,0.4,0.4,0.8,0.9,0.2,2.9,0.1,0.2,0.4,0.4,0.0,0.4,0.6,0.8,0.6,90.8,2.6,24.0,7.8,38.9,9.5,8.4,5.9,4.5,22.7,23.3,19.6,19.0,13.3,29.2,22.3,8.7,51.4,1.2,2.3,6.7,7.2,0.0,5.4,5.7,12.7,7.9
6,bio0_whs0_land1_list1000_bld500,False,False,1,1000,500,109.6,3.6,28.8,8.8,45.0,11.3,10.0,7.4,6.6,26.8,28.1,25.2,26.8,18.7,50.9,40.3,12.9,118.2,2.6,4.3,11.9,15.9,0.0,15.1,15.5,28.4,16.5,0.0,0.0,0.0,0.0,0.0,0.0,0.0,0.0,0.0,0.0,0.0,0.0,0.0,0.0,0.0,0.0,0.0,0.0,0.0,0.0,0.0,0.0,0.0,0.0,0.0,0.0,0.0,0.0,0.0,0.0,0.0,0.0,0.0,0.0,0.0,0.0,0.0,0.0,0.0,0.0,0.0,0.0,0.0,0.0,0.0,0.0,0.0,0.0,0.0,0.0,0.0,0.0,0.0,0.0,0.0,0.0,0.0,0.0,0.0,0.0,0.0,0.0,0.0,0.0,0.0,0.0,0.0,0.0,0.0,0.0,0.0,0.0,0.0,0.0,0.0,0.0,0.0,0.0,0.0,0.0,0.0,1.2,0.1,0.2,0.0,1.0,0.1,0.1,0.1,0.7,0.9,1.4,1.9,2.2,1.8,6.4,7.0,1.8,31.3,0.5,0.6,2.0,4.7,0.0,5.1,5.2,8.2,3.9,52.7,3.1,12.7,3.4,17.8,5.0,4.6,3.2,4.8,13.3,13.9,13.7,17.0,10.5,36.7,26.7,8.8,75.0,1.8,3.5,7.4,8.9,0.0,9.1,9.3,16.9,9.9,0.6,0.0,0.3,0.1,0.2,0.1,0.1,0.1,0.1,0.3,0.2,0.2,0.1,0.1,0.2,0.2,0.1,0.5,0.0,0.0,0.1,0.1,0.0,0.0,0.1,0.2,0.1,55.1,0.3,15.6,5.2,25.9,6.1,5.2,4.0,1.2,12.3,12.5,9.6,7.4,6.2,7.6,6.4,2.2,11.2,0.3,0.3,2.4,2.2,0.0,0.8,1.0,3.1,2.6
7,bio0_whs0_land1_list1000_bld750,False,False,1,1000,750,109.6,3.6,28.8,8.8,45.0,11.3,10.0,7.4,6.6,26.8,28.1,25.2,26.8,18.7,50.9,40.3,12.9,118.2,2.6,4.3,11.9,15.9,0.0,15.1,15.5,28.4,16.5,0.0,0.0,0.0,0.0,0.0,0.0,0.0,0.0,0.0,0.0,0.0,0.0,0.0,0.0,0.0,0.0,0.0,0.0,0.0,0.0,0.0,0.0,0.0,0.0,0.0,0.0,0.0,0.0,0.0,0.0,0.0,0.0,0.0,0.0,0.0,0.0,0.0,0.0,0.0,0.0,0.0,0.0,0.0,0.0,0.0,0.0,0.0,0.0,0.0,0.0,0.0,0.0,0.0,0.0,0.0,0.0,0.0,0.0,0.0,0.0,0.0,0.0,0.0,0.0,0.0,0.0,0.0,0.0,0.0,0.0,0.0,0.0,0.0,0.0,0.0,0.0,0.0,0.0,0.0,0.0,0.0,1.2,0.1,0.2,0.0,1.0,0.1,0.1,0.1,0.7,0.9,1.4,1.9,2.2,1.8,6.4,7.0,1.8,31.3,0.5,0.6,2.0,4.7,0.0,5.1,5.2,8.2,3.9,74.4,3.4,19.1,5.6,26.4,7.2,6.9,4.5,5.5,19.0,19.8,18.1,21.5,13.8,42.3,31.1,10.6,82.5,2.0,3.7,8.7,10.3,0.0,9.8,10.2,19.4,10.9,0.3,0.0,0.2,0.0,0.1,0.0,0.1,0.1,0.0,0.1,0.1,0.1,0.0,0.0,0.0,0.0,0.0,0.1,0.0,0.0,0.0,0.0,0.0,0.0,0.0,0.0,0.0,33.7,0.1,9.3,3.1,17.4,3.9,3.0,2.8,0.5,6.8,6.7,5.2,3.0,3.0,2.2,2.2,0.5,4.2,0.1,0.1,1.1,1.0,0.0,0.2,0.2,0.8,1.6
8,bio0_whs0_land1_list1000_bld1000,False,False,1,1000,1000,109.6,3.6,28.8,8.8,45.0,11.3,10.0,7.4,6.6,26.8,28.1,25.2,26.8,18.7,50.9,40.3,12.9,118.2,2.6,4.3,11.9,15.9,0.0,15.1,15.5,28.4,16.5,0.0,0.0,0.0,0.0,0.0,0.0,0.0,0.0,0.0,0.0,0.0,0.0,0.0,0.0,0.0,0.0,0.0,0.0,0.0,0.0,0.0,0.0,0.0,0.0,0.0,0.0,0.0,0.0,0.0,0.0,0.0,0.0,0.0,0.0,0.0,0.0,0.0,0.0,0.0,0.0,0.0,0.0,0.0,0.0,0.0,0.0,0.0,0.0,0.0,0.0,0.0,0.0,0.0,0.0,0.0,0.0,0.0,0.0,0.0,0.0,0.0,0.0,0.0,0.0,0.0,0.0,0.0,0.0,0.0,0.0,0.0,0.0,0.0,0.0,0.0,0.0,0.0,0.0,0.0,0.0,0.0,1.2,0.1,0.2,0.0,1.0,0.1,0.1,0.1,0.7,0.9,1.4,1.9,2.2,1.8,6.4,7.0,1.8,31.3,0.5,0.6,2.0,4.7,0.0,5.1,5.2,8.2,3.9,86.6,3.4,23.0,6.9,32.1,8.7,8.2,5.4,5.7,21.8,22.5,20.2,23.1,15.4,43.8,32.4,10.9,84.7,2.0,3.7,9.2,10.7,0.0,9.9,10.3,19.9,11.5,0.2,0.0,0.1,0.0,0.1,0.0,0.1,0.0,0.0,0.1,0.1,0.0,0.0,0.0,0.0,0.0,0.0,0.0,0.0,0.0,0.0,0.0,0.0,0.0,0.0,0.0,0.0,21.6,0.0,5.5,1.8,11.7,2.4,1.7,1.8,0.3,4.1,4.1,3.1,1.4,1.5,0.8,0.9,0.2,2.1,0.1,0.0,0.6,0.6,0.0,0.0,0.0,0.3,1.0
9,bio0_whs0_land1_list1000_bld1250,False,False,1,1000,1250,109.6,3.6,28.8,8.8,45.0,11.3,10.0,7.4,6.6,26.8,28.1,25.2,26.8,18.7,50.9,40.3,12.9,118.2,2.6,4.3,11.9,15.9,0.0,15.1,15.5,28.4,16.5,0.0,0.0,0.0,0.0,0.0,0.0,0.0,0.0,0.0,0.0,0.0,0.0,0.0,0.0,0.0,0.0,0.0,0.0,0.0,0.0,0.0,0.0,0.0,0.0,0.0,0.0,0.0,0.0,0.0,0.0,0.0,0.0,0.0,0.0,0.0,0.0,0.0,0.0,0.0,0.0,0.0,0.0,0.0,0.0,0.0,0.0,0.0,0.0,0.0,0.0,0.0,0.0,0.0,0.0,0.0,0.0,0.0,0.0,0.0,0.0,0.0,0.0,0.0,0.0,0.0,0.0,0.0,0.0,0.0,0.0,0.0,0.0,0.0,0.0,0.0,0.0,0.0,0.0,0.0,0.0,0.0,1.2,0.1,0.2,0.0,1.0,0.1,0.1,0.1,0.7,0.9,1.4,1.9,2.2,1.8,6.4,7.0,1.8,31.3,0.5,0.6,2.0,4.7,0.0,5.1,5.2,8.2,3.9,94.2,3.4,25.4,7.7,36.0,9.7,8.9,6.1,5.8,23.4,24.0,21.4,23.8,16.1,44.3,32.9,11.0,85.7,2.0,3.8,9.5,10.9,0.0,9.9,10.4,20.1,11.9,0.1,0.0,0.1,0.0,0.1,0.0,0.0,0.0,0.0,0.0,0.0,0.0,0.0,0.0,0.0,0.0,0.0,0.0,0.0,0.0,0.0,0.0,0.0,0.0,0.0,0.0,0.0,14.1,0.0,3.1,1.0,7.8,1.5,1.0,1.1,0.2,2.5,2.5,1.9,0.7,0.7,0.2,0.4,0.1,1.1,0.1,0.0,0.3,0.4,0.0,0.0,0.0,0.1,0.6
10,bio0_whs0_land1_list1500_bld250,False,False,1,1500,250,109.6,3.6,28.8,8.8,45.0,11.3,10.0,7.4,6.6,26.8,28.1,25.2,26.8,18.7,50.9,40.3,12.9,118.2,2.6,4.3,11.9,15.9,0.0,15.1,15.5,28.4,16.5,0.0,0.0,0.0,0.0,0.0,0.0,0.0,0.0,0.0,0.0,0.0,0.0,0.0,0.0,0.0,0.0,0.0,0.0,0.0,0.0,0.0,0.0,0.0,0.0,0.0,0.0,0.0,0.0,0.0,0.0,0.0,0.0,0.0,0.0,0.0,0.0,0.0,0.0,0.0,0.0,0.0,0.0,0.0,0.0,0.0,0.0,0.0,0.0,0.0,0.0,0.0,0.0,0.0,0.0,0.0,0.0,0.0,0.0,0.0,0.0,0.0,0.0,0.0,0.0,0.0,0.0,0.0,0.0,0.0,0.0,0.0,0.0,0.0,0.0,0.0,0.0,0.0,0.0,0.0,0.0,0.0,2.8,0.3,0.4,0.1,2.5,0.3,0.2,0.3,1.5,2.3,3.4,4.3,4.9,3.9,14.5,15.1,3.8,61.9,1.1,1.2,3.9,9.3,0.0,9.1,9.8,15.6,7.3,16.2,0.7,4.2,0.8,4.2,1.5,1.4,1.2,1.1,2.5,2.5,2.8,4.4,2.7,11.3,7.1,1.6,18.9,0.6,1.0,2.0,1.9,0.0,2.4,2.2,3.8,2.7,0.9,0.1,0.4,0.1,0.4,0.1,0.2,0.1,0.2,0.4,0.4,0.3,0.3,0.3,0.7,0.6,0.1,2.0,0.1,0.2,0.3,0.2,0.0,0.2,0.3,0.5,0.4,89.6,2.4,23.7,7.8,37.9,9.3,8.3,5.8,3.9,21.6,21.7,17.8,17.1,11.8,24.4,17.6,7.4,35.4,0.9,2.0,5.6,4.5,0.0,3.4,3.2,8.5,6.1
11,bio0_whs0_land1_list1500_bld500,False,False,1,1500,500,109.6,3.6,28.8,8.8,45.0,11.3,10.0,7.4,6.6,26.8,28.1,25.2,26.8,18.7,50.9,40.3,12.9,118.2,2.6,4.3,11.9,15.9,0.0,15.1,15.5,28.4,16.5,0.0,0.0,0.0,0.0,0.0,0.0,0.0,0.0,0.0,0.0,0.0,0.0,0.0,0.0,0.0,0.0,0.0,0.0,0.0,0.0,0.0,0.0,0.0,0.0,0.0,0.0,0.0,0.0,0.0,0.0,0.0,0.0,0.0,0.0,0.0,0.0,0.0,0.0,0.0,0.0,0.0,0.0,0.0,0.0,0.0,0.0,0.0,0.0,0.0,0.0,0.0,0.0,0.0,0.0,0.0,0.0,0.0,0.0,0.0,0.0,0.0,0.0,0.0,0.0,0.0,0.0,0.0,0.0,0.0,0.0,0.0,0.0,0.0,0.0,0.0,0.0,0.0,0.0,0.0,0.0,0.0,2.8,0.3,0.4,0.1,2.5,0.3,0.2,0.3,1.5,2.3,3.4,4.3,4.9,3.9,14.5,15.1,3.8,61.9,1.1,1.2,3.9,9.3,0.0,9.1,9.8,15.6,7.3,51.3,2.9,12.6,3.4,16.6,4.8,4.6,3.0,4.0,12.2,12.4,11.6,14.6,8.7,29.2,19.4,7.0,46.0,1.3,2.9,5.7,4.8,0.0,5.3,5.0,10.2,6.7,0.6,0.0,0.3,0.1,0.2,0.1,0.1,0.1,0.0,0.2,0.2,0.2,0.1,0.1,0.2,0.2,0.1,0.4,0.0,0.0,0.1,0.1,0.0,0.0,0.0,0.1,0.0,54.8,0.3,15.5,5.2,25.7,6.1,5.1,4.0,1.1,12.0,12.1,9.2,7.1,5.9,7.1,5.7,2.0,9.9,0.3,0.3,2.2,1.7,0.0,0.7,0.7,2.5,2.5
12,bio0_whs0_land1_list1500_bld750,False,False,1,1500,750,109.6,3.6,28.8,8.8,45.0,11.3,10.0,7.4,6.6,26.8,28.1,25.2,26.8,18.7,50.9,40.3,12.9,118.2,2.6,4.3,11.9,15.9,0.0,15.1,15.5,28.4,16.5,0.0,0.0,0.0,0.0,0.0,0.0,0.0,0.0,0.0,0.0,0.0,0.0,0.0,0.0,0.0,0.0,0.0,0.0,0.0,0.0,0.0,0.0,0.0,0.0,0.0,0.0,0.0,0.0,0.0,0.0,0.0,0.0,0.0,0.0,0.0,0.0,0.0,0.0,0.0,0.0,0.0,0.0,0.0,0.0,0.0,0.0,0.0,0.0,0.0,0.0,0.0,0.0,0.0,0.0,0.0,0.0,0.0,0.0,0.0,0.0,0.0,0.0,0.0,0.0,0.0,0.0,0.0,0.0,0.0,0.0,0.0,0.0,0.0,0.0,0.0,0.0,0.0,0.0,0.0,0.0,0.0,2.8,0.3,0.4,0.1,2.5,0.3,0.2,0.3,1.5,2.3,3.4,4.3,4.9,3.9,14.5,15.1,3.8,61.9,1.1,1.2,3.9,9.3,0.0,9.1,9.8,15.6,7.3,72.9,3.2,18.9,5.6,25.1,7.0,6.8,4.3,4.7,17.7,18.0,15.8,18.8,11.8,34.2,23.1,8.6,52.1,1.4,3.1,6.8,5.7,0.0,5.8,5.5,12.1,7.6,0.3,0.0,0.2,0.0,0.1,0.0,0.1,0.1,0.0,0.1,0.1,0.1,0.0,0.0,0.0,0.0,0.0,0.1,0.0,0.0,0.0,0.0,0.0,0.0,0.0,0.0,0.0,33.6,0.1,9.2,3.1,17.3,3.9,2.9,2.7,0.5,6.7,6.6,5.1,3.0,2.9,2.2,2.1,0.5,4.1,0.1,0.1,1.1,0.9,0.0,0.2,0.1,0.7,1.5
13,bio0_whs0_land1_list1500_bld1000,False,False,1,1500,1000,109.6,3.6,28.8,8.8,45.0,11.3,10.0,7.4,6.6,26.8,28.1,25.2,26.8,18.7,50.9,40.3,12.9,118.2,2.6,4.3,11.9,15.9,0.0,15.1,15.5,28.4,16.5,0.0,0.0,0.0,0.0,0.0,0.0,0.0,0.0,0.0,0.0,0.0,0.0,0.0,0.0,0.0,0.0,0.0,0.0,0.0,0.0,0.0,0.0,0.0,0.0,0.0,0.0,0.0,0.0,0.0,0.0,0.0,0.0,0.0,0.0,0.0,0.0,0.0,0.0,0.0,0.0,0.0,0.0,0.0,0.0,0.0,0.0,0.0,0.0,0.0,0.0,0.0,0.0,0.0,0.0,0.0,0.0,0.0,0.0,0.0,0.0,0.0,0.0,0.0,0.0,0.0,0.0,0.0,0.0,0.0,0.0,0.0,0.0,0.0,0.0,0.0,0.0,0.0,0.0,0.0,0.0,0.0,2.8,0.3,0.4,0.1,2.5,0.3,0.2,0.3,1.5,2.3,3.4,4.3,4.9,3.9,14.5,15.1,3.8,61.9,1.1,1.2,3.9,9.3,0.0,9.1,9.8,15.6,7.3,85.0,3.2,22.7,6.9,30.7,8.5,8.1,5.2,4.9,20.4,20.6,17.8,20.4,13.3,35.6,24.4,8.9,54.2,1.5,3.2,7.3,6.1,0.0,5.9,5.7,12.5,8.2,0.2,0.0,0.1,0.0,0.1,0.0,0.1,0.0,0.0,0.1,0.1,0.0,0.0,0.0,0.0,0.0,0.0,0.0,0.0,0.0,0.0,0.0,0.0,0.0,0.0,0.0,0.0,21.6,0.0,5.4,1.8,11.7,2.4,1.7,1.8,0.3,4.1,4.0,3.1,1.4,1.4,0.8,0.9,0.2,2.1,0.1,0.0,0.6,0.5,0.0,0.0,0.0,0.2,1.0
14,bio0_whs0_land1_list1500_bld1250,False,False,1,1500,1250,109.6,3.6,28.8,8.8,45.0,11.3,10.0,7.4,6.6,26.8,28.1,25.2,26.8,18.7,50.9,40.3,12.9,118.2,2.6,4.3,11.9,15.9,0.0,15.1,15.5,28.4,16.5,0.0,0.0,0.0,0.0,0.0,0.0,0.0,0.0,0.0,0.0,0.0,0.0,0.0,0.0,0.0,0.0,0.0,0.0,0.0,0.0,0.0,0.0,0.0,0.0,0.0,0.0,0.0,0.0,0.0,0.0,0.0,0.0,0.0,0.0,0.0,0.0,0.0,0.0,0.0,0.0,0.0,0.0,0.0,0.0,0.0,0.0,0.0,0.0,0.0,0.0,0.0,0.0,0.0,0.0,0.0,0.0,0.0,0.0,0.0,0.0,0.0,0.0,0.0,0.0,0.0,0.0,0.0,0.0,0.0,0.0,0.0,0.0,0.0,0.0,0.0,0.0,0.0,0.0,0.0,0.0,0.0,2.8,0.3,0.4,0.1,2.5,0.3,0.2,0.3,1.5,2.3,3.4,4.3,4.9,3.9,14.5,15.1,3.8,61.9,1.1,1.2,3.9,9.3,0.0,9.1,9.8,15.6,7.3,92.6,3.3,25.1,7.6,34.6,9.5,8.8,5.9,5.0,22.0,22.1,19.0,21.1,14.1,36.2,24.9,9.0,55.2,1.5,3.2,7.6,6.3,0.0,5.9,5.7,12.7,8.5,0.1,0.0,0.1,0.0,0.1,0.0,0.0,0.0,0.0,0.0,0.0,0.0,0.0,0.0,0.0,0.0,0.0,0.0,0.0,0.0,0.0,0.0,0.0,0.0,0.0,0.0,0.0,14.1,0.0,3.1,1.0,7.8,1.5,1.0,1.1,0.2,2.5,2.5,1.9,0.7,0.7,0.2,0.4,0.1,1.1,0.1,0.0,0.3,0.4,0.0,0.0,0.0,0.1,0.6
15,bio0_whs0_land2_list500_bld250,False,False,2,500,250,109.6,3.6,28.8,8.8,45.0,11.3,10.0,7.4,6.6,26.8,28.1,25.2,26.8,18.7,50.9,40.3,12.9,118.2,2.6,4.3,11.9,15.9,0.0,15.1,15.5,28.4,16.5,0.0,0.0,0.0,0.0,0.0,0.0,0.0,0.0,0.0,0.0,0.0,0.0,0.0,0.0,0.0,0.0,0.0,0.0,0.0,0.0,0.0,0.0,0.0,0.0,0.0,0.0,0.0,0.0,0.0,0.0,0.0,0.0,0.0,0.0,0.0,0.0,0.0,0.0,0.0,0.0,0.0,0.0,0.0,0.0,0.0,0.0,0.0,0.0,0.0,0.0,0.0,0.0,0.0,0.0,6.0,0.0,0.0,0.0,18.6,1.6,0.0,2.6,0.0,0.0,0.2,5.4,2.1,10.7,13.1,9.7,0.0,4.6,0.4,1.7,4.1,0.0,0.0,0.0,2.4,4.5,4.2,0.2,0.0,0.0,0.0,0.2,0.0,0.0,0.0,0.1,0.1,0.3,0.3,0.4,0.2,0.9,1.1,0.3,5.6,0.1,0.1,0.4,0.8,0.0,1.1,0.9,1.4,0.7,16.1,0.8,4.3,0.8,3.2,1.4,1.4,0.8,1.5,3.0,3.1,3.2,5.4,2.1,14.0,10.7,2.7,43.9,1.0,0.9,2.9,5.3,0.0,6.2,5.4,8.6,4.9,1.0,0.1,0.4,0.1,0.4,0.1,0.2,0.1,0.2,0.5,0.5,0.4,0.4,0.2,0.8,0.9,0.2,3.5,0.1,0.2,0.4,0.5,0.0,0.5,0.6,0.9,0.8,86.2,2.6,24.1,7.9,22.6,8.2,8.4,3.9,4.9,23.3,24.1,16.0,18.4,5.5,22.0,17.8,9.7,60.7,1.0,1.5,4.1,9.2,0.0,7.3,6.2,13.0,5.9
16,bio0_whs0_land2_list500_bld500,False,False,2,500,500,109.6,3.6,28.8,8.8,45.0,11.3,10.0,7.4,6.6,26.8,28.1,25.2,26.8,18.7,50.9,40.3,12.9,118.2,2.6,4.3,11.9,15.9,0.0,15.1,15.5,28.4,16.5,0.0,0.0,0.0,0.0,0.0,0.0,0.0,0.0,0.0,0.0,0.0,0.0,0.0,0.0,0.0,0.0,0.0,0.0,0.0,0.0,0.0,0.0,0.0,0.0,0.0,0.0,0.0,0.0,0.0,0.0,0.0,0.0,0.0,0.0,0.0,0.0,0.0,0.0,0.0,0.0,0.0,0.0,0.0,0.0,0.0,0.0,0.0,0.0,0.0,0.0,0.0,0.0,0.0,0.0,6.0,0.0,0.0,0.0,18.6,1.6,0.0,2.6,0.0,0.0,0.2,5.4,2.1,10.7,13.1,9.7,0.0,4.6,0.4,1.7,4.1,0.0,0.0,0.0,2.4,4.5,4.2,0.2,0.0,0.0,0.0,0.2,0.0,0.0,0.0,0.1,0.1,0.3,0.3,0.4,0.2,0.9,1.1,0.3,5.6,0.1,0.1,0.4,0.8,0.0,1.1,0.9,1.4,0.7,51.1,3.2,12.8,3.5,13.2,4.5,4.7,2.2,5.3,14.0,14.8,12.8,17.7,6.1,33.0,26.2,10.3,97.1,2.0,2.4,6.8,12.5,0.0,13.0,11.4,20.2,11.1,0.6,0.0,0.3,0.1,0.2,0.1,0.1,0.1,0.1,0.3,0.2,0.2,0.1,0.0,0.2,0.2,0.1,0.6,0.0,0.0,0.0,0.1,0.0,0.1,0.1,0.2,0.1,51.6,0.3,15.6,5.2,12.9,5.1,5.2,2.5,1.2,12.4,12.6,6.6,6.5,1.7,3.7,3.1,2.3,10.4,0.1,0.1,0.5,2.4,0.0,0.9,0.8,2.2,0.3
17,bio0_whs0_land2_list500_bld750,False,False,2,500,750,109.6,3.6,28.8,8.8,45.0,11.3,10.0,7.4,6.6,26.8,28.1,25.2,26.8,18.7,50.9,40.3,12.9,118.2,2.6,4.3,11.9,15.9,0.0,15.1,15.5,28.4,16.5,0.0,0.0,0.0,0.0,0.0,0.0,0.0,0.0,0.0,0.0,0.0,0.0,0.0,0.0,0.0,0.0,0.0,0.0,0.0,0.0,0.0,0.0,0.0,0.0,0.0,0.0,0.0,0.0,0.0,0.0,0.0,0.0,0.0,0.0,0.0,0.0,0.0,0.0,0.0,0.0,0.0,0.0,0.0,0.0,0.0,0.0,0.0,0.0,0.0,0.0,0.0,0.0,0.0,0.0,6.0,0.0,0.0,0.0,18.6,1.6,0.0,2.6,0.0,0.0,0.2,5.4,2.1,10.7,13.1,9.7,0.0,4.6,0.4,1.7,4.1,0.0,0.0,0.0,2.4,4.5,4.2,0.2,0.0,0.0,0.0,0.2,0.0,0.0,0.0,0.1,0.1,0.3,0.3,0.4,0.2,0.9,1.1,0.3,5.6,0.1,0.1,0.4,0.8,0.0,1.1,0.9,1.4,0.7,71.6,3.5,19.2,5.6,18.1,6.4,7.0,3.1,6.0,19.8,20.8,16.2,21.8,7.2,36.0,28.8,12.1,104.5,2.1,2.5,7.3,14.1,0.0,13.8,12.2,22.2,11.5,0.3,0.0,0.2,0.0,0.1,0.0,0.1,0.0,0.0,0.1,0.1,0.1,0.0,0.0,0.0,0.0,0.0,0.1,0.0,0.0,0.0,0.0,0.0,0.0,0.0,0.0,0.0,31.4,0.1,9.3,3.1,8.0,3.2,2.9,1.6,0.5,6.8,6.7,3.3,2.5,0.7,0.8,0.6,0.5,3.5,0.0,0.0,0.1,1.0,0.0,0.2,0.1,0.3,0.0
18,bio0_whs0_land2_list500_bld1000,False,False,2,500,1000,109.6,3.6,28.8,8.8,45.0,11.3,10.0,7.4,6.6,26.8,28.1,25.2,26.8,18.7,50.9,40.3,12.9,118.2,2.6,4.3,11.9,15.9,0.0,15.1,15.5,28.4,16.5,0.0,0.0,0.0,0.0,0.0,0.0,0.0,0.0,0.0,0.0,0.0,0.0,0.0,0.0,0.0,0.0,0.0,0.0,0.0,0.0,0.0,0.0,0.0,0.0,0.0,0.0,0.0,0.0,0.0,0.0,0.0,0.0,0.0,0.0,0.0,0.0,0.0,0.0,0.0,0.0,0.0,0.0,0.0,0.0,0.0,0.0,0.0,0.0,0.0,0.0,0.0,0.0,0.0,0.0,6.0,0.0,0.0,0.0,18.6,1.6,0.0,2.6,0.0,0.0,0.2,5.4,2.1,10.7,13.1,9.7,0.0,4.6,0.4,1.7,4.1,0.0,0.0,0.0,2.4,4.5,4.2,0.2,0.0,0.0,0.0,0.2,0.0,0.0,0.0,0.1,0.1,0.3,0.3,0.4,0.2,0.9,1.1,0.3,5.6,0.1,0.1,0.4,0.8,0.0,1.1,0.9,1.4,0.7,82.9,3.5,23.1,7.0,21.0,7.7,8.3,3.7,6.2,22.5,23.5,17.4,23.1,7.5,36.5,29.2,12.4,106.3,2.1,2.5,7.3,14.5,0.0,13.9,12.2,22.5,11.5,0.2,0.0,0.1,0.0,0.1,0.0,0.1,0.0,0.0,0.1,0.1,0.0,0.0,0.0,0.0,0.0,0.0,0.0,0.0,0.0,0.0,0.0,0.0,0.0,0.0,0.0,0.0,20.2,0.0,5.5,1.8,5.2,2.0,1.7,1.0,0.3,4.1,4.1,2.1,1.1,0.3,0.3,0.2,0.2,1.7,0.0,0.0,0.0,0.6,0.0,0.0,0.0,0.1,0.0
19,bio0_whs0_land2_list500_bld1250,False,False,2,500,1250,109.6,3.6,28.8,8.8,45.0,11.3,10.0,7.4,6.6,26.8,28.1,25.2,26.8,18.7,50.9,40.3,12.9,118.2,2.6,4.3,11.9,15.9,0.0,15.1,15.5,28.4,16.5,0.0,0.0,0.0,0.0,0.0,0.0,0.0,0.0,0.0,0.0,0.0,0.0,0.0,0.0,0.0,0.0,0.0,0.0,0.0,0.0,0.0,0.0,0.0,0.0,0.0,0.0,0.0,0.0,0.0,0.0,0.0,0.0,0.0,0.0,0.0,0.0,0.0,0.0,0.0,0.0,0.0,0.0,0.0,0.0,0.0,0.0,0.0,0.0,0.0,0.0,0.0,0.0,0.0,0.0,6.0,0.0,0.0,0.0,18.6,1.6,0.0,2.6,0.0,0.0,0.2,5.4,2.1,10.7,13.1,9.7,0.0,4.6,0.4,1.7,4.1,0.0,0.0,0.0,2.4,4.5,4.2,0.2,0.0,0.0,0.0,0.2,0.0,0.0,0.0,0.1,0.1,0.3,0.3,0.4,0.2,0.9,1.1,0.3,5.6,0.1,0.1,0.4,0.8,0.0,1.1,0.9,1.4,0.7,90.0,3.5,25.5,7.7,22.8,8.4,9.0,4.2,6.4,24.2,25.1,18.2,23.7,7.7,36.7,29.4,12.5,107.1,2.1,2.5,7.3,14.7,0.0,13.9,12.3,22.5,11.5,0.1,0.0,0.1,0.0,0.0,0.0,0.0,0.0,0.0,0.0,0.0,0.0,0.0,0.0,0.0,0.0,0.0,0.0,0.0,0.0,0.0,0.0,0.0,0.0,0.0,0.0,0.0,13.2,0.0,3.1,1.0,3.4,1.2,1.0,0.6,0.2,2.5,2.5,1.4,0.5,0.2,0.1,0.1,0.1,0.9,0.0,0.0,0.0,0.4,0.0,0.0,0.0,0.0,0.0
20,bio0_whs0_land2_list1000_bld250,False,False,2,1000,250,109.6,3.6,28.8,8.8,45.0,11.3,10.0,7.4,6.6,26.8,28.1,25.2,26.8,18.7,50.9,40.3,12.9,118.2,2.6,4.3,11.9,15.9,0.0,15.1,15.5,28.4,16.5,0.0,0.0,0.0,0.0,0.0,0.0,0.0,0.0,0.0,0.0,0.0,0.0,0.0,0.0,0.0,0.0,0.0,0.0,0.0,0.0,0.0,0.0,0.0,0.0,0.0,0.0,0.0,0.0,0.0,0.0,0.0,0.0,0.0,0.0,0.0,0.0,0.0,0.0,0.0,0.0,0.0,0.0,0.0,0.0,0.0,0.0,0.0,0.0,0.0,0.0,0.0,0.0,0.0,0.0,6.0,0.0,0.0,0.0,18.6,1.6,0.0,2.6,0.0,0.0,0.2,5.4,2.1,10.7,13.1,9.7,0.0,4.6,0.4,1.7,4.1,0.0,0.0,0.0,2.4,4.5,4.2,1.1,0.1,0.2,0.0,1.0,0.1,0.1,0.1,0.7,0.9,1.4,1.7,2.1,1.0,5.6,6.4,1.8,30.6,0.5,0.3,1.7,4.7,0.0,5.1,4.4,7.5,3.5,15.9,0.8,4.2,0.8,3.0,1.4,1.4,0.8,1.3,2.8,2.9,2.9,4.9,1.8,12.0,8.5,2.2,31.7,0.8,0.8,2.3,3.6,0.0,4.2,3.7,5.9,3.7,1.0,0.1,0.4,0.1,0.4,0.1,0.2,0.1,0.2,0.5,0.4,0.4,0.4,0.2,0.7,0.7,0.2,2.8,0.1,0.2,0.3,0.4,0.0,0.4,0.5,0.7,0.6,85.5,2.6,24.0,7.8,22.0,8.1,8.4,3.8,4.5,22.7,23.2,15.0,17.2,5.0,19.5,15.0,8.7,48.4,0.8,1.3,3.4,7.2,0.0,5.4,4.5,9.8,4.5
21,bio0_whs0_land2_list1000_bld500,False,False,2,1000,500,109.6,3.6,28.8,8.8,45.0,11.3,10.0,7.4,6.6,26.8,28.1,25.2,26.8,18.7,50.9,40.3,12.9,118.2,2.6,4.3,11.9,15.9,0.0,15.1,15.5,28.4,16.5,0.0,0.0,0.0,0.0,0.0,0.0,0.0,0.0,0.0,0.0,0.0,0.0,0.0,0.0,0.0,0.0,0.0,0.0,0.0,0.0,0.0,0.0,0.0,0.0,0.0,0.0,0.0,0.0,0.0,0.0,0.0,0.0,0.0,0.0,0.0,0.0,0.0,0.0,0.0,0.0,0.0,0.0,0.0,0.0,0.0,0.0,0.0,0.0,0.0,0.0,0.0,0.0,0.0,0.0,6.0,0.0,0.0,0.0,18.6,1.6,0.0,2.6,0.0,0.0,0.2,5.4,2.1,10.7,13.1,9.7,0.0,4.6,0.4,1.7,4.1,0.0,0.0,0.0,2.4,4.5,4.2,1.1,0.1,0.2,0.0,1.0,0.1,0.1,0.1,0.7,0.9,1.4,1.7,2.1,1.0,5.6,6.4,1.8,30.6,0.5,0.3,1.7,4.7,0.0,5.1,4.4,7.5,3.5,50.4,3.1,12.7,3.4,12.5,4.4,4.6,2.2,4.8,13.3,13.8,11.6,16.0,5.3,28.5,21.2,8.8,72.7,1.6,2.2,5.5,8.9,0.0,9.1,8.0,14.2,8.4,0.5,0.0,0.3,0.1,0.2,0.1,0.1,0.1,0.1,0.3,0.2,0.2,0.1,0.0,0.2,0.1,0.1,0.5,0.0,0.0,0.0,0.1,0.0,0.0,0.1,0.1,0.1,51.5,0.3,15.6,5.2,12.8,5.1,5.2,2.5,1.2,12.3,12.4,6.4,6.3,1.6,3.5,2.8,2.2,9.8,0.1,0.1,0.4,2.2,0.0,0.8,0.7,2.0,0.3
22,bio0_whs0_land2_list1000_bld750,False,False,2,1000,750,109.6,3.6,28.8,8.8,45.0,11.3,10.0,7.4,6.6,26.8,28.1,25.2,26.8,18.7,50.9,40.3,12.9,118.2,2.6,4.3,11.9,15.9,0.0,15.1,15.5,28.4,16.5,0.0,0.0,0.0,0.0,0.0,0.0,0.0,0.0,0.0,0.0,0.0,0.0,0.0,0.0,0.0,0.0,0.0,0.0,0.0,0.0,0.0,0.0,0.0,0.0,0.0,0.0,0.0,0.0,0.0,0.0,0.0,0.0,0.0,0.0,0.0,0.0,0.0,0.0,0.0,0.0,0.0,0.0,0.0,0.0,0.0,0.0,0.0,0.0,0.0,0.0,0.0,0.0,0.0,0.0,6.0,0.0,0.0,0.0,18.6,1.6,0.0,2.6,0.0,0.0,0.2,5.4,2.1,10.7,13.1,9.7,0.0,4.6,0.4,1.7,4.1,0.0,0.0,0.0,2.4,4.5,4.2,1.1,0.1,0.2,0.0,1.0,0.1,0.1,0.1,0.7,0.9,1.4,1.7,2.1,1.0,5.6,6.4,1.8,30.6,0.5,0.3,1.7,4.7,0.0,5.1,4.4,7.5,3.5,70.7,3.4,19.1,5.6,17.3,6.3,6.9,3.1,5.5,19.0,19.7,14.8,20.0,6.3,31.3,23.6,10.6,79.4,1.7,2.3,5.9,10.3,0.0,9.8,8.6,16.1,8.8,0.3,0.0,0.2,0.0,0.1,0.0,0.1,0.0,0.0,0.1,0.1,0.1,0.0,0.0,0.0,0.0,0.0,0.1,0.0,0.0,0.0,0.0,0.0,0.0,0.0,0.0,0.0,31.4,0.1,9.3,3.1,8.0,3.2,2.9,1.6,0.5,6.8,6.7,3.3,2.5,0.7,0.8,0.6,0.5,3.5,0.0,0.0,0.1,1.0,0.0,0.2,0.1,0.3,0.0
23,bio0_whs0_land2_list1000_bld1000,False,False,2,1000,1000,109.6,3.6,28.8,8.8,45.0,11.3,10.0,7.4,6.6,26.8,28.1,25.2,26.8,18.7,50.9,40.3,12.9,118.2,2.6,4.3,11.9,15.9,0.0,15.1,15.5,28.4,16.5,0.0,0.0,0.0,0.0,0.0,0.0,0.0,0.0,0.0,0.0,0.0,0.0,0.0,0.0,0.0,0.0,0.0,0.0,0.0,0.0,0.0,0.0,0.0,0.0,0.0,0.0,0.0,0.0,0.0,0.0,0.0,0.0,0.0,0.0,0.0,0.0,0.0,0.0,0.0,0.0,0.0,0.0,0.0,0.0,0.0,0.0,0.0,0.0,0.0,0.0,0.0,0.0,0.0,0.0,6.0,0.0,0.0,0.0,18.6,1.6,0.0,2.6,0.0,0.0,0.2,5.4,2.1,10.7,13.1,9.7,0.0,4.6,0.4,1.7,4.1,0.0,0.0,0.0,2.4,4.5,4.2,1.1,0.1,0.2,0.0,1.0,0.1,0.1,0.1,0.7,0.9,1.4,1.7,2.1,1.0,5.6,6.4,1.8,30.6,0.5,0.3,1.7,4.7,0.0,5.1,4.4,7.5,3.5,82.1,3.4,23.0,6.9,20.2,7.6,8.2,3.7,5.7,21.8,22.3,16.1,21.4,6.7,31.9,24.0,10.9,81.2,1.7,2.3,6.0,10.7,0.0,9.9,8.7,16.3,8.8,0.2,0.0,0.1,0.0,0.1,0.0,0.1,0.0,0.0,0.1,0.1,0.0,0.0,0.0,0.0,0.0,0.0,0.0,0.0,0.0,0.0,0.0,0.0,0.0,0.0,0.0,0.0,20.2,0.0,5.5,1.8,5.2,2.0,1.7,1.0,0.3,4.1,4.1,2.1,1.1,0.3,0.3,0.2,0.2,1.7,0.0,0.0,0.0,0.6,0.0,0.0,0.0,0.1,0.0
24,bio0_whs0_land2_list1000_bld1250,False,False,2,1000,1250,109.6,3.6,28.8,8.8,45.0,11.3,10.0,7.4,6.6,26.8,28.1,25.2,26.8,18.7,50.9,40.3,12.9,118.2,2.6,4.3,11.9,15.9,0.0,15.1,15.5,28.4,16.5,0.0,0.0,0.0,0.0,0.0,0.0,0.0,0.0,0.0,0.0,0.0,0.0,0.0,0.0,0.0,0.0,0.0,0.0,0.0,0.0,0.0,0.0,0.0,0.0,0.0,0.0,0.0,0.0,0.0,0.0,0.0,0.0,0.0,0.0,0.0,0.0,0.0,0.0,0.0,0.0,0.0,0.0,0.0,0.0,0.0,0.0,0.0,0.0,0.0,0.0,0.0,0.0,0.0,0.0,6.0,0.0,0.0,0.0,18.6,1.6,0.0,2.6,0.0,0.0,0.2,5.4,2.1,10.7,13.1,9.7,0.0,4.6,0.4,1.7,4.1,0.0,0.0,0.0,2.4,4.5,4.2,1.1,0.1,0.2,0.0,1.0,0.1,0.1,0.1,0.7,0.9,1.4,1.7,2.1,1.0,5.6,6.4,1.8,30.6,0.5,0.3,1.7,4.7,0.0,5.1,4.4,7.5,3.5,89.1,3.4,25.4,7.7,22.0,8.3,8.9,4.1,5.8,23.4,23.9,16.8,22.0,6.8,32.1,24.1,11.0,82.1,1.7,2.3,6.0,10.9,0.0,9.9,8.7,16.4,8.8,0.1,0.0,0.1,0.0,0.0,0.0,0.0,0.0,0.0,0.0,0.0,0.0,0.0,0.0,0.0,0.0,0.0,0.0,0.0,0.0,0.0,0.0,0.0,0.0,0.0,0.0,0.0,13.2,0.0,3.1,1.0,3.4,1.2,1.0,0.6,0.2,2.5,2.5,1.4,0.5,0.2,0.1,0.1,0.1,0.9,0.0,0.0,0.0,0.4,0.0,0.0,0.0,0.0,0.0
25,bio0_whs0_land2_list1500_bld250,False,False,2,1500,250,109.6,3.6,28.8,8.8,45.0,11.3,10.0,7.4,6.6,26.8,28.1,25.2,26.8,18.7,50.9,40.3,12.9,118.2,2.6,4.3,11.9,15.9,0.0,15.1,15.5,28.4,16.5,0.0,0.0,0.0,0.0,0.0,0.0,0.0,0.0,0.0,0.0,0.0,0.0,0.0,0.0,0.0,0.0,0.0,0.0,0.0,0.0,0.0,0.0,0.0,0.0,0.0,0.0,0.0,0.0,0.0,0.0,0.0,0.0,0.0,0.0,0.0,0.0,0.0,0.0,0.0,0.0,0.0,0.0,0.0,0.0,0.0,0.0,0.0,0.0,0.0,0.0,0.0,0.0,0.0,0.0,6.0,0.0,0.0,0.0,18.6,1.6,0.0,2.6,0.0,0.0,0.2,5.4,2.1,10.7,13.1,9.7,0.0,4.6,0.4,1.7,4.1,0.0,0.0,0.0,2.4,4.5,4.2,2.6,0.3,0.4,0.1,2.3,0.3,0.2,0.2,1.5,2.3,3.4,3.8,4.7,2.2,12.7,13.6,3.8,60.4,1.0,0.7,3.3,9.3,0.0,9.1,8.5,14.3,6.5,15.6,0.7,4.2,0.8,2.7,1.3,1.4,0.8,1.1,2.5,2.5,2.4,4.2,1.4,9.0,5.6,1.6,18.4,0.6,0.6,1.6,1.9,0.0,2.4,2.0,3.2,2.4,0.9,0.1,0.4,0.1,0.3,0.1,0.2,0.1,0.2,0.4,0.4,0.3,0.3,0.2,0.6,0.5,0.1,1.9,0.1,0.1,0.2,0.2,0.0,0.2,0.3,0.4,0.4,84.4,2.4,23.7,7.8,21.1,7.9,8.3,3.7,3.9,21.6,21.6,13.4,15.4,4.3,15.5,10.9,7.4,32.9,0.6,1.1,2.6,4.5,0.0,3.4,2.4,6.1,3.0
26,bio0_whs0_land2_list1500_bld500,False,False,2,1500,500,109.6,3.6,28.8,8.8,45.0,11.3,10.0,7.4,6.6,26.8,28.1,25.2,26.8,18.7,50.9,40.3,12.9,118.2,2.6,4.3,11.9,15.9,0.0,15.1,15.5,28.4,16.5,0.0,0.0,0.0,0.0,0.0,0.0,0.0,0.0,0.0,0.0,0.0,0.0,0.0,0.0,0.0,0.0,0.0,0.0,0.0,0.0,0.0,0.0,0.0,0.0,0.0,0.0,0.0,0.0,0.0,0.0,0.0,0.0,0.0,0.0,0.0,0.0,0.0,0.0,0.0,0.0,0.0,0.0,0.0,0.0,0.0,0.0,0.0,0.0,0.0,0.0,0.0,0.0,0.0,0.0,6.0,0.0,0.0,0.0,18.6,1.6,0.0,2.6,0.0,0.0,0.2,5.4,2.1,10.7,13.1,9.7,0.0,4.6,0.4,1.7,4.1,0.0,0.0,0.0,2.4,4.5,4.2,2.6,0.3,0.4,0.1,2.3,0.3,0.2,0.2,1.5,2.3,3.4,3.8,4.7,2.2,12.7,13.6,3.8,60.4,1.0,0.7,3.3,9.3,0.0,9.1,8.5,14.3,6.5,49.1,2.9,12.6,3.4,11.3,4.2,4.6,2.1,4.0,12.2,12.3,9.7,13.7,4.3,21.8,14.6,7.0,44.3,1.1,1.9,4.0,4.8,0.0,5.3,4.2,8.1,5.6,0.5,0.0,0.3,0.1,0.1,0.1,0.1,0.1,0.0,0.2,0.2,0.2,0.1,0.0,0.1,0.1,0.1,0.4,0.0,0.0,0.0,0.1,0.0,0.0,0.0,0.1,0.0,51.3,0.3,15.5,5.2,12.6,5.1,5.1,2.5,1.1,12.0,12.0,6.2,6.1,1.6,3.1,2.3,2.0,8.5,0.1,0.1,0.4,1.7,0.0,0.7,0.4,1.5,0.2
27,bio0_whs0_land2_list1500_bld750,False,False,2,1500,750,109.6,3.6,28.8,8.8,45.0,11.3,10.0,7.4,6.6,26.8,28.1,25.2,26.8,18.7,50.9,40.3,12.9,118.2,2.6,4.3,11.9,15.9,0.0,15.1,15.5,28.4,16.5,0.0,0.0,0.0,0.0,0.0,0.0,0.0,0.0,0.0,0.0,0.0,0.0,0.0,0.0,0.0,0.0,0.0,0.0,0.0,0.0,0.0,0.0,0.0,0.0,0.0,0.0,0.0,0.0,0.0,0.0,0.0,0.0,0.0,0.0,0.0,0.0,0.0,0.0,0.0,0.0,0.0,0.0,0.0,0.0,0.0,0.0,0.0,0.0,0.0,0.0,0.0,0.0,0.0,0.0,6.0,0.0,0.0,0.0,18.6,1.6,0.0,2.6,0.0,0.0,0.2,5.4,2.1,10.7,13.1,9.7,0.0,4.6,0.4,1.7,4.1,0.0,0.0,0.0,2.4,4.5,4.2,2.6,0.3,0.4,0.1,2.3,0.3,0.2,0.2,1.5,2.3,3.4,3.8,4.7,2.2,12.7,13.6,3.8,60.4,1.0,0.7,3.3,9.3,0.0,9.1,8.5,14.3,6.5,69.3,3.2,18.9,5.6,16.1,6.1,6.8,2.9,4.7,17.7,17.8,12.7,17.4,5.2,24.2,16.5,8.6,49.8,1.2,1.9,4.3,5.7,0.0,5.8,4.6,9.4,5.8,0.3,0.0,0.2,0.0,0.1,0.0,0.1,0.0,0.0,0.1,0.1,0.1,0.0,0.0,0.0,0.0,0.0,0.1,0.0,0.0,0.0,0.0,0.0,0.0,0.0,0.0,0.0,31.3,0.1,9.2,3.1,8.0,3.2,2.9,1.6,0.5,6.7,6.6,3.3,2.4,0.7,0.8,0.6,0.5,3.4,0.0,0.0,0.1,0.9,0.0,0.2,0.1,0.3,0.0
28,bio0_whs0_land2_list1500_bld1000,False,False,2,1500,1000,109.6,3.6,28.8,8.8,45.0,11.3,10.0,7.4,6.6,26.8,28.1,25.2,26.8,18.7,50.9,40.3,12.9,118.2,2.6,4.3,11.9,15.9,0.0,15.1,15.5,28.4,16.5,0.0,0.0,0.0,0.0,0.0,0.0,0.0,0.0,0.0,0.0,0.0,0.0,0.0,0.0,0.0,0.0,0.0,0.0,0.0,0.0,0.0,0.0,0.0,0.0,0.0,0.0,0.0,0.0,0.0,0.0,0.0,0.0,0.0,0.0,0.0,0.0,0.0,0.0,0.0,0.0,0.0,0.0,0.0,0.0,0.0,0.0,0.0,0.0,0.0,0.0,0.0,0.0,0.0,0.0,6.0,0.0,0.0,0.0,18.6,1.6,0.0,2.6,0.0,0.0,0.2,5.4,2.1,10.7,13.1,9.7,0.0,4.6,0.4,1.7,4.1,0.0,0.0,0.0,2.4,4.5,4.2,2.6,0.3,0.4,0.1,2.3,0.3,0.2,0.2,1.5,2.3,3.4,3.8,4.7,2.2,12.7,13.6,3.8,60.4,1.0,0.7,3.3,9.3,0.0,9.1,8.5,14.3,6.5,80.6,3.2,22.7,6.9,18.9,7.3,8.1,3.5,4.9,20.4,20.4,13.9,18.8,5.5,24.8,16.8,8.9,51.5,1.2,1.9,4.4,6.1,0.0,5.9,4.7,9.6,5.8,0.2,0.0,0.1,0.0,0.1,0.0,0.1,0.0,0.0,0.1,0.1,0.0,0.0,0.0,0.0,0.0,0.0,0.0,0.0,0.0,0.0,0.0,0.0,0.0,0.0,0.0,0.0,20.1,0.0,5.4,1.8,5.2,2.0,1.7,1.0,0.3,4.1,4.0,2.1,1.1,0.3,0.3,0.2,0.2,1.7,0.0,0.0,0.0,0.5,0.0,0.0,0.0,0.1,0.0
29,bio0_whs0_land2_list1500_bld1250,False,False,2,1500,1250,109.6,3.6,28.8,8.8,45.0,11.3,10.0,7.4,6.6,26.8,28.1,25.2,26.8,18.7,50.9,40.3,12.9,118.2,2.6,4.3,11.9,15.9,0.0,15.1,15.5,28.4,16.5,0.0,0.0,0.0,0.0,0.0,0.0,0.0,0.0,0.0,0.0,0.0,0.0,0.0,0.0,0.0,0.0,0.0,0.0,0.0,0.0,0.0,0.0,0.0,0.0,0.0,0.0,0.0,0.0,0.0,0.0,0.0,0.0,0.0,0.0,0.0,0.0,0.0,0.0,0.0,0.0,0.0,0.0,0.0,0.0,0.0,0.0,0.0,0.0,0.0,0.0,0.0,0.0,0.0,0.0,6.0,0.0,0.0,0.0,18.6,1.6,0.0,2.6,0.0,0.0,0.2,5.4,2.1,10.7,13.1,9.7,0.0,4.6,0.4,1.7,4.1,0.0,0.0,0.0,2.4,4.5,4.2,2.6,0.3,0.4,0.1,2.3,0.3,0.2,0.2,1.5,2.3,3.4,3.8,4.7,2.2,12.7,13.6,3.8,60.4,1.0,0.7,3.3,9.3,0.0,9.1,8.5,14.3,6.5,87.6,3.3,25.1,7.6,20.7,8.1,8.8,4.0,5.0,22.0,22.0,14.6,19.4,5.7,25.0,16.9,9.0,52.3,1.2,1.9,4.4,6.3,0.0,5.9,4.7,9.7,5.8,0.1,0.0,0.1,0.0,0.0,0.0,0.0,0.0,0.0,0.0,0.0,0.0,0.0,0.0,0.0,0.0,0.0,0.0,0.0,0.0,0.0,0.0,0.0,0.0,0.0,0.0,0.0,13.2,0.0,3.1,1.0,3.4,1.2,1.0,0.6,0.2,2.5,2.5,1.4,0.5,0.2,0.1,0.1,0.1,0.9,0.0,0.0,0.0,0.4,0.0,0.0,0.0,0.0,0.0
30,bio0_whs0_land3_list500_bld250,False,False,3,500,250,109.6,3.6,28.8,8.8,45.0,11.3,10.0,7.4,6.6,26.8,28.1,25.2,26.8,18.7,50.9,40.3,12.9,118.2,2.6,4.3,11.9,15.9,0.0,15.1,15.5,28.4,16.5,0.0,0.0,0.0,0.0,0.0,0.0,0.0,0.0,0.0,0.0,0.0,0.0,0.0,0.0,0.0,0.0,0.0,0.0,0.0,0.0,0.0,0.0,0.0,0.0,0.0,0.0,0.0,0.0,0.0,0.0,0.0,0.0,0.0,0.0,0.0,0.0,0.0,0.0,0.0,0.0,0.0,0.0,0.0,0.0,0.0,0.0,0.0,0.0,0.0,0.0,0.0,0.0,0.0,0.0,22.1,0.0,5.9,1.2,19.9,3.5,2.4,3.7,0.0,1.1,0.6,6.8,15.1,14.1,17.0,12.8,0.2,11.9,0.9,1.7,4.8,6.6,0.0,2.4,6.7,12.8,7.6,0.2,0.0,0.0,0.0,0.2,0.0,0.0,0.0,0.1,0.1,0.3,0.2,0.3,0.1,0.9,1.0,0.3,5.2,0.1,0.1,0.3,0.5,0.0,0.9,0.6,1.0,0.6,12.5,0.8,3.3,0.7,3.1,1.0,1.0,0.5,1.5,2.8,3.0,2.8,3.2,1.5,13.2,10.1,2.7,41.8,0.8,0.9,2.7,3.7,0.0,5.2,3.9,6.3,3.7,0.9,0.1,0.3,0.1,0.4,0.1,0.1,0.1,0.2,0.5,0.5,0.4,0.3,0.2,0.7,0.8,0.2,3.3,0.1,0.2,0.3,0.3,0.0,0.4,0.4,0.7,0.6,73.9,2.6,19.3,6.9,21.4,6.7,6.5,3.1,4.9,22.3,23.7,15.0,7.8,2.8,19.1,15.7,9.5,56.0,0.8,1.5,3.7,4.8,0.0,6.2,3.9,7.7,4.0
31,bio0_whs0_land3_list500_bld500,False,False,3,500,500,109.6,3.6,28.8,8.8,45.0,11.3,10.0,7.4,6.6,26.8,28.1,25.2,26.8,18.7,50.9,40.3,12.9,118.2,2.6,4.3,11.9,15.9,0.0,15.1,15.5,28.4,16.5,0.0,0.0,0.0,0.0,0.0,0.0,0.0,0.0,0.0,0.0,0.0,0.0,0.0,0.0,0.0,0.0,0.0,0.0,0.0,0.0,0.0,0.0,0.0,0.0,0.0,0.0,0.0,0.0,0.0,0.0,0.0,0.0,0.0,0.0,0.0,0.0,0.0,0.0,0.0,0.0,0.0,0.0,0.0,0.0,0.0,0.0,0.0,0.0,0.0,0.0,0.0,0.0,0.0,0.0,22.1,0.0,5.9,1.2,19.9,3.5,2.4,3.7,0.0,1.1,0.6,6.8,15.1,14.1,17.0,12.8,0.2,11.9,0.9,1.7,4.8,6.6,0.0,2.4,6.7,12.8,7.6,0.2,0.0,0.0,0.0,0.2,0.0,0.0,0.0,0.1,0.1,0.3,0.2,0.3,0.1,0.9,1.0,0.3,5.2,0.1,0.1,0.3,0.5,0.0,0.9,0.6,1.0,0.6,41.6,3.2,10.0,2.9,12.8,3.5,3.4,1.6,5.3,13.5,14.6,11.7,10.2,4.1,30.3,23.9,10.2,91.0,1.6,2.4,6.3,7.4,0.0,10.9,7.8,13.5,8.2,0.4,0.0,0.2,0.1,0.2,0.1,0.1,0.0,0.1,0.3,0.2,0.2,0.1,0.0,0.2,0.1,0.1,0.5,0.0,0.0,0.0,0.0,0.0,0.0,0.0,0.1,0.1,45.1,0.3,12.6,4.6,12.0,4.2,4.1,2.1,1.2,11.8,12.4,6.4,1.1,0.3,2.5,2.5,2.2,9.5,0.0,0.1,0.4,1.3,0.0,0.8,0.4,1.0,0.1
32,bio0_whs0_land3_list500_bld750,False,False,3,500,750,109.6,3.6,28.8,8.8,45.0,11.3,10.0,7.4,6.6,26.8,28.1,25.2,26.8,18.7,50.9,40.3,12.9,118.2,2.6,4.3,11.9,15.9,0.0,15.1,15.5,28.4,16.5,0.0,0.0,0.0,0.0,0.0,0.0,0.0,0.0,0.0,0.0,0.0,0.0,0.0,0.0,0.0,0.0,0.0,0.0,0.0,0.0,0.0,0.0,0.0,0.0,0.0,0.0,0.0,0.0,0.0,0.0,0.0,0.0,0.0,0.0,0.0,0.0,0.0,0.0,0.0,0.0,0.0,0.0,0.0,0.0,0.0,0.0,0.0,0.0,0.0,0.0,0.0,0.0,0.0,0.0,22.1,0.0,5.9,1.2,19.9,3.5,2.4,3.7,0.0,1.1,0.6,6.8,15.1,14.1,17.0,12.8,0.2,11.9,0.9,1.7,4.8,6.6,0.0,2.4,6.7,12.8,7.6,0.2,0.0,0.0,0.0,0.2,0.0,0.0,0.0,0.1,0.1,0.3,0.2,0.3,0.1,0.9,1.0,0.3,5.2,0.1,0.1,0.3,0.5,0.0,0.9,0.6,1.0,0.6,58.8,3.5,15.1,4.8,17.5,5.1,5.2,2.3,6.0,19.0,20.5,14.8,11.3,4.4,32.6,26.0,11.9,97.7,1.6,2.5,6.6,8.0,0.0,11.6,8.2,14.5,8.4,0.2,0.0,0.1,0.0,0.1,0.0,0.1,0.0,0.0,0.1,0.1,0.1,0.0,0.0,0.0,0.0,0.0,0.1,0.0,0.0,0.0,0.0,0.0,0.0,0.0,0.0,0.0,28.2,0.1,7.6,2.8,7.4,2.7,2.4,1.4,0.5,6.5,6.6,3.3,0.1,0.0,0.4,0.6,0.5,3.3,0.0,0.0,0.1,0.8,0.0,0.2,0.0,0.1,0.0
33,bio0_whs0_land3_list500_bld1000,False,False,3,500,1000,109.6,3.6,28.8,8.8,45.0,11.3,10.0,7.4,6.6,26.8,28.1,25.2,26.8,18.7,50.9,40.3,12.9,118.2,2.6,4.3,11.9,15.9,0.0,15.1,15.5,28.4,16.5,0.0,0.0,0.0,0.0,0.0,0.0,0.0,0.0,0.0,0.0,0.0,0.0,0.0,0.0,0.0,0.0,0.0,0.0,0.0,0.0,0.0,0.0,0.0,0.0,0.0,0.0,0.0,0.0,0.0,0.0,0.0,0.0,0.0,0.0,0.0,0.0,0.0,0.0,0.0,0.0,0.0,0.0,0.0,0.0,0.0,0.0,0.0,0.0,0.0,0.0,0.0,0.0,0.0,0.0,22.1,0.0,5.9,1.2,19.9,3.5,2.4,3.7,0.0,1.1,0.6,6.8,15.1,14.1,17.0,12.8,0.2,11.9,0.9,1.7,4.8,6.6,0.0,2.4,6.7,12.8,7.6,0.2,0.0,0.0,0.0,0.2,0.0,0.0,0.0,0.1,0.1,0.3,0.2,0.3,0.1,0.9,1.0,0.3,5.2,0.1,0.1,0.3,0.5,0.0,0.9,0.6,1.0,0.6,68.6,3.5,18.2,6.0,20.1,6.1,6.2,2.8,6.2,21.6,23.2,16.1,11.3,4.5,32.9,26.3,12.2,99.4,1.6,2.5,6.7,8.3,0.0,11.7,8.2,14.6,8.4,0.2,0.0,0.1,0.0,0.0,0.0,0.0,0.0,0.0,0.1,0.1,0.0,0.0,0.0,0.0,0.0,0.0,0.0,0.0,0.0,0.0,0.0,0.0,0.0,0.0,0.0,0.0,18.4,0.0,4.6,1.6,4.8,1.7,1.4,0.9,0.3,3.9,4.0,2.1,0.0,0.0,0.1,0.2,0.2,1.7,0.0,0.0,0.0,0.5,0.0,0.0,0.0,0.0,0.0
34,bio0_whs0_land3_list500_bld1250,False,False,3,500,1250,109.6,3.6,28.8,8.8,45.0,11.3,10.0,7.4,6.6,26.8,28.1,25.2,26.8,18.7,50.9,40.3,12.9,118.2,2.6,4.3,11.9,15.9,0.0,15.1,15.5,28.4,16.5,0.0,0.0,0.0,0.0,0.0,0.0,0.0,0.0,0.0,0.0,0.0,0.0,0.0,0.0,0.0,0.0,0.0,0.0,0.0,0.0,0.0,0.0,0.0,0.0,0.0,0.0,0.0,0.0,0.0,0.0,0.0,0.0,0.0,0.0,0.0,0.0,0.0,0.0,0.0,0.0,0.0,0.0,0.0,0.0,0.0,0.0,0.0,0.0,0.0,0.0,0.0,0.0,0.0,0.0,22.1,0.0,5.9,1.2,19.9,3.5,2.4,3.7,0.0,1.1,0.6,6.8,15.1,14.1,17.0,12.8,0.2,11.9,0.9,1.7,4.8,6.6,0.0,2.4,6.7,12.8,7.6,0.2,0.0,0.0,0.0,0.2,0.0,0.0,0.0,0.1,0.1,0.3,0.2,0.3,0.1,0.9,1.0,0.3,5.2,0.1,0.1,0.3,0.5,0.0,0.9,0.6,1.0,0.6,74.9,3.5,20.1,6.7,21.8,6.8,6.8,3.1,6.4,23.1,24.7,16.8,11.4,4.5,33.0,26.4,12.3,100.2,1.6,2.5,6.7,8.4,0.0,11.7,8.2,14.6,8.4,0.1,0.0,0.1,0.0,0.0,0.0,0.0,0.0,0.0,0.0,0.0,0.0,0.0,0.0,0.0,0.0,0.0,0.0,0.0,0.0,0.0,0.0,0.0,0.0,0.0,0.0,0.0,12.2,0.0,2.7,0.9,3.1,1.0,0.8,0.5,0.2,2.4,2.5,1.4,0.0,0.0,0.0,0.1,0.1,0.9,0.0,0.0,0.0,0.3,0.0,0.0,0.0,0.0,0.0
35,bio0_whs0_land3_list1000_bld250,False,False,3,1000,250,109.6,3.6,28.8,8.8,45.0,11.3,10.0,7.4,6.6,26.8,28.1,25.2,26.8,18.7,50.9,40.3,12.9,118.2,2.6,4.3,11.9,15.9,0.0,15.1,15.5,28.4,16.5,0.0,0.0,0.0,0.0,0.0,0.0,0.0,0.0,0.0,0.0,0.0,0.0,0.0,0.0,0.0,0.0,0.0,0.0,0.0,0.0,0.0,0.0,0.0,0.0,0.0,0.0,0.0,0.0,0.0,0.0,0.0,0.0,0.0,0.0,0.0,0.0,0.0,0.0,0.0,0.0,0.0,0.0,0.0,0.0,0.0,0.0,0.0,0.0,0.0,0.0,0.0,0.0,0.0,0.0,22.1,0.0,5.9,1.2,19.9,3.5,2.4,3.7,0.0,1.1,0.6,6.8,15.1,14.1,17.0,12.8,0.2,11.9,0.9,1.7,4.8,6.6,0.0,2.4,6.7,12.8,7.6,1.1,0.1,0.1,0.0,1.0,0.1,0.1,0.1,0.7,0.9,1.4,1.5,1.9,0.8,5.3,5.8,1.8,28.6,0.4,0.3,1.6,2.8,0.0,4.1,3.1,5.0,2.6,12.3,0.8,3.3,0.7,2.9,1.0,1.0,0.5,1.3,2.7,2.8,2.5,2.7,1.2,11.2,7.9,2.2,30.2,0.6,0.8,2.1,2.6,0.0,3.6,2.6,4.3,2.8,0.8,0.1,0.3,0.1,0.3,0.1,0.1,0.1,0.2,0.4,0.4,0.3,0.3,0.1,0.7,0.7,0.2,2.7,0.1,0.2,0.3,0.2,0.0,0.3,0.3,0.5,0.5,73.2,2.6,19.2,6.9,20.8,6.6,6.4,3.0,4.5,21.7,22.8,14.1,6.8,2.4,16.7,13.2,8.6,44.8,0.7,1.3,3.1,3.7,0.0,4.7,2.8,5.8,3.0
36,bio0_whs0_land3_list1000_bld500,False,False,3,1000,500,109.6,3.6,28.8,8.8,45.0,11.3,10.0,7.4,6.6,26.8,28.1,25.2,26.8,18.7,50.9,40.3,12.9,118.2,2.6,4.3,11.9,15.9,0.0,15.1,15.5,28.4,16.5,0.0,0.0,0.0,0.0,0.0,0.0,0.0,0.0,0.0,0.0,0.0,0.0,0.0,0.0,0.0,0.0,0.0,0.0,0.0,0.0,0.0,0.0,0.0,0.0,0.0,0.0,0.0,0.0,0.0,0.0,0.0,0.0,0.0,0.0,0.0,0.0,0.0,0.0,0.0,0.0,0.0,0.0,0.0,0.0,0.0,0.0,0.0,0.0,0.0,0.0,0.0,0.0,0.0,0.0,22.1,0.0,5.9,1.2,19.9,3.5,2.4,3.7,0.0,1.1,0.6,6.8,15.1,14.1,17.0,12.8,0.2,11.9,0.9,1.7,4.8,6.6,0.0,2.4,6.7,12.8,7.6,1.1,0.1,0.1,0.0,1.0,0.1,0.1,0.1,0.7,0.9,1.4,1.5,1.9,0.8,5.3,5.8,1.8,28.6,0.4,0.3,1.6,2.8,0.0,4.1,3.1,5.0,2.6,40.9,3.1,9.9,2.9,12.1,3.5,3.4,1.5,4.8,12.8,13.6,10.6,8.8,3.5,26.1,19.3,8.7,68.2,1.3,2.2,5.1,5.2,0.0,7.8,5.3,9.6,6.2,0.4,0.0,0.2,0.1,0.1,0.1,0.1,0.0,0.1,0.3,0.2,0.2,0.1,0.0,0.1,0.1,0.1,0.5,0.0,0.0,0.0,0.0,0.0,0.0,0.0,0.1,0.0,45.1,0.3,12.6,4.6,11.9,4.2,4.1,2.0,1.2,11.7,12.2,6.3,1.0,0.3,2.4,2.4,2.1,9.1,0.0,0.1,0.4,1.3,0.0,0.7,0.3,1.0,0.1
37,bio0_whs0_land3_list1000_bld750,False,False,3,1000,750,109.6,3.6,28.8,8.8,45.0,11.3,10.0,7.4,6.6,26.8,28.1,25.2,26.8,18.7,50.9,40.3,12.9,118.2,2.6,4.3,11.9,15.9,0.0,15.1,15.5,28.4,16.5,0.0,0.0,0.0,0.0,0.0,0.0,0.0,0.0,0.0,0.0,0.0,0.0,0.0,0.0,0.0,0.0,0.0,0.0,0.0,0.0,0.0,0.0,0.0,0.0,0.0,0.0,0.0,0.0,0.0,0.0,0.0,0.0,0.0,0.0,0.0,0.0,0.0,0.0,0.0,0.0,0.0,0.0,0.0,0.0,0.0,0.0,0.0,0.0,0.0,0.0,0.0,0.0,0.0,0.0,22.1,0.0,5.9,1.2,19.9,3.5,2.4,3.7,0.0,1.1,0.6,6.8,15.1,14.1,17.0,12.8,0.2,11.9,0.9,1.7,4.8,6.6,0.0,2.4,6.7,12.8,7.6,1.1,0.1,0.1,0.0,1.0,0.1,0.1,0.1,0.7,0.9,1.4,1.5,1.9,0.8,5.3,5.8,1.8,28.6,0.4,0.3,1.6,2.8,0.0,4.1,3.1,5.0,2.6,58.0,3.4,15.0,4.8,16.7,5.0,5.1,2.2,5.5,18.3,19.4,13.6,9.7,3.8,28.2,21.2,10.4,74.3,1.3,2.3,5.4,5.7,0.0,8.4,5.6,10.4,6.3,0.2,0.0,0.1,0.0,0.1,0.0,0.1,0.0,0.0,0.1,0.1,0.1,0.0,0.0,0.0,0.0,0.0,0.1,0.0,0.0,0.0,0.0,0.0,0.0,0.0,0.0,0.0,28.2,0.1,7.6,2.8,7.4,2.7,2.4,1.4,0.5,6.5,6.6,3.3,0.1,0.0,0.4,0.5,0.5,3.3,0.0,0.0,0.1,0.8,0.0,0.2,0.0,0.1,0.0
38,bio0_whs0_land3_list1000_bld1000,False,False,3,1000,1000,109.6,3.6,28.8,8.8,45.0,11.3,10.0,7.4,6.6,26.8,28.1,25.2,26.8,18.7,50.9,40.3,12.9,118.2,2.6,4.3,11.9,15.9,0.0,15.1,15.5,28.4,16.5,0.0,0.0,0.0,0.0,0.0,0.0,0.0,0.0,0.0,0.0,0.0,0.0,0.0,0.0,0.0,0.0,0.0,0.0,0.0,0.0,0.0,0.0,0.0,0.0,0.0,0.0,0.0,0.0,0.0,0.0,0.0,0.0,0.0,0.0,0.0,0.0,0.0,0.0,0.0,0.0,0.0,0.0,0.0,0.0,0.0,0.0,0.0,0.0,0.0,0.0,0.0,0.0,0.0,0.0,22.1,0.0,5.9,1.2,19.9,3.5,2.4,3.7,0.0,1.1,0.6,6.8,15.1,14.1,17.0,12.8,0.2,11.9,0.9,1.7,4.8,6.6,0.0,2.4,6.7,12.8,7.6,1.1,0.1,0.1,0.0,1.0,0.1,0.1,0.1,0.7,0.9,1.4,1.5,1.9,0.8,5.3,5.8,1.8,28.6,0.4,0.3,1.6,2.8,0.0,4.1,3.1,5.0,2.6,67.8,3.4,18.1,5.9,19.3,6.0,6.1,2.7,5.7,20.8,22.0,14.9,9.8,3.8,28.5,21.6,10.7,76.0,1.3,2.3,5.5,6.0,0.0,8.5,5.7,10.6,6.3,0.2,0.0,0.1,0.0,0.0,0.0,0.0,0.0,0.0,0.1,0.1,0.0,0.0,0.0,0.0,0.0,0.0,0.0,0.0,0.0,0.0,0.0,0.0,0.0,0.0,0.0,0.0,18.4,0.0,4.6,1.6,4.8,1.7,1.4,0.9,0.3,3.9,4.0,2.1,0.0,0.0,0.1,0.2,0.2,1.7,0.0,0.0,0.0,0.5,0.0,0.0,0.0,0.0,0.0
39,bio0_whs0_land3_list1000_bld1250,False,False,3,1000,1250,109.6,3.6,28.8,8.8,45.0,11.3,10.0,7.4,6.6,26.8,28.1,25.2,26.8,18.7,50.9,40.3,12.9,118.2,2.6,4.3,11.9,15.9,0.0,15.1,15.5,28.4,16.5,0.0,0.0,0.0,0.0,0.0,0.0,0.0,0.0,0.0,0.0,0.0,0.0,0.0,0.0,0.0,0.0,0.0,0.0,0.0,0.0,0.0,0.0,0.0,0.0,0.0,0.0,0.0,0.0,0.0,0.0,0.0,0.0,0.0,0.0,0.0,0.0,0.0,0.0,0.0,0.0,0.0,0.0,0.0,0.0,0.0,0.0,0.0,0.0,0.0,0.0,0.0,0.0,0.0,0.0,22.1,0.0,5.9,1.2,19.9,3.5,2.4,3.7,0.0,1.1,0.6,6.8,15.1,14.1,17.0,12.8,0.2,11.9,0.9,1.7,4.8,6.6,0.0,2.4,6.7,12.8,7.6,1.1,0.1,0.1,0.0,1.0,0.1,0.1,0.1,0.7,0.9,1.4,1.5,1.9,0.8,5.3,5.8,1.8,28.6,0.4,0.3,1.6,2.8,0.0,4.1,3.1,5.0,2.6,74.1,3.4,20.0,6.6,21.0,6.7,6.7,3.1,5.8,22.4,23.5,15.6,9.8,3.8,28.6,21.7,10.8,76.8,1.3,2.3,5.5,6.2,0.0,8.5,5.7,10.6,6.3,0.1,0.0,0.1,0.0,0.0,0.0,0.0,0.0,0.0,0.0,0.0,0.0,0.0,0.0,0.0,0.0,0.0,0.0,0.0,0.0,0.0,0.0,0.0,0.0,0.0,0.0,0.0,12.2,0.0,2.7,0.9,3.1,1.0,0.8,0.5,0.2,2.4,2.5,1.4,0.0,0.0,0.0,0.1,0.1,0.9,0.0,0.0,0.0,0.3,0.0,0.0,0.0,0.0,0.0
40,bio0_whs0_land3_list1500_bld250,False,False,3,1500,250,109.6,3.6,28.8,8.8,45.0,11.3,10.0,7.4,6.6,26.8,28.1,25.2,26.8,18.7,50.9,40.3,12.9,118.2,2.6,4.3,11.9,15.9,0.0,15.1,15.5,28.4,16.5,0.0,0.0,0.0,0.0,0.0,0.0,0.0,0.0,0.0,0.0,0.0,0.0,0.0,0.0,0.0,0.0,0.0,0.0,0.0,0.0,0.0,0.0,0.0,0.0,0.0,0.0,0.0,0.0,0.0,0.0,0.0,0.0,0.0,0.0,0.0,0.0,0.0,0.0,0.0,0.0,0.0,0.0,0.0,0.0,0.0,0.0,0.0,0.0,0.0,0.0,0.0,0.0,0.0,0.0,22.1,0.0,5.9,1.2,19.9,3.5,2.4,3.7,0.0,1.1,0.6,6.8,15.1,14.1,17.0,12.8,0.2,11.9,0.9,1.7,4.8,6.6,0.0,2.4,6.7,12.8,7.6,2.5,0.3,0.3,0.1,2.2,0.3,0.2,0.2,1.5,2.3,3.3,3.4,4.1,1.7,12.0,12.2,3.8,56.5,0.8,0.7,3.0,5.5,0.0,7.3,5.9,9.2,4.9,12.0,0.7,3.3,0.7,2.6,0.9,1.0,0.5,1.1,2.4,2.5,2.1,2.1,1.0,8.4,5.2,1.6,17.4,0.4,0.6,1.5,1.3,0.0,2.1,1.3,2.4,1.8,0.8,0.1,0.3,0.1,0.3,0.1,0.1,0.1,0.2,0.4,0.4,0.3,0.2,0.1,0.5,0.5,0.1,1.8,0.0,0.1,0.2,0.1,0.0,0.2,0.2,0.3,0.3,72.2,2.4,19.0,6.8,19.9,6.5,6.3,2.9,3.9,20.6,21.3,12.7,5.3,1.8,13.0,9.6,7.2,30.5,0.4,1.1,2.4,2.4,0.0,3.1,1.4,3.6,1.9
41,bio0_whs0_land3_list1500_bld500,False,False,3,1500,500,109.6,3.6,28.8,8.8,45.0,11.3,10.0,7.4,6.6,26.8,28.1,25.2,26.8,18.7,50.9,40.3,12.9,118.2,2.6,4.3,11.9,15.9,0.0,15.1,15.5,28.4,16.5,0.0,0.0,0.0,0.0,0.0,0.0,0.0,0.0,0.0,0.0,0.0,0.0,0.0,0.0,0.0,0.0,0.0,0.0,0.0,0.0,0.0,0.0,0.0,0.0,0.0,0.0,0.0,0.0,0.0,0.0,0.0,0.0,0.0,0.0,0.0,0.0,0.0,0.0,0.0,0.0,0.0,0.0,0.0,0.0,0.0,0.0,0.0,0.0,0.0,0.0,0.0,0.0,0.0,0.0,22.1,0.0,5.9,1.2,19.9,3.5,2.4,3.7,0.0,1.1,0.6,6.8,15.1,14.1,17.0,12.8,0.2,11.9,0.9,1.7,4.8,6.6,0.0,2.4,6.7,12.8,7.6,2.5,0.3,0.3,0.1,2.2,0.3,0.2,0.2,1.5,2.3,3.3,3.4,4.1,1.7,12.0,12.2,3.8,56.5,0.8,0.7,3.0,5.5,0.0,7.3,5.9,9.2,4.9,39.7,2.9,9.8,2.9,11.0,3.3,3.3,1.4,4.0,11.7,12.1,8.9,6.8,2.6,19.7,13.3,6.9,41.5,0.9,1.9,3.7,2.7,0.0,4.6,2.7,5.6,4.0,0.4,0.0,0.2,0.1,0.1,0.1,0.1,0.0,0.0,0.2,0.2,0.1,0.1,0.0,0.1,0.1,0.1,0.3,0.0,0.0,0.0,0.0,0.0,0.0,0.0,0.0,0.0,44.8,0.3,12.5,4.6,11.8,4.2,4.0,2.0,1.1,11.5,11.8,6.0,0.8,0.2,2.0,2.0,2.0,8.0,0.0,0.1,0.3,1.1,0.0,0.6,0.2,0.7,0.1
42,bio0_whs0_land3_list1500_bld750,False,False,3,1500,750,109.6,3.6,28.8,8.8,45.0,11.3,10.0,7.4,6.6,26.8,28.1,25.2,26.8,18.7,50.9,40.3,12.9,118.2,2.6,4.3,11.9,15.9,0.0,15.1,15.5,28.4,16.5,0.0,0.0,0.0,0.0,0.0,0.0,0.0,0.0,0.0,0.0,0.0,0.0,0.0,0.0,0.0,0.0,0.0,0.0,0.0,0.0,0.0,0.0,0.0,0.0,0.0,0.0,0.0,0.0,0.0,0.0,0.0,0.0,0.0,0.0,0.0,0.0,0.0,0.0,0.0,0.0,0.0,0.0,0.0,0.0,0.0,0.0,0.0,0.0,0.0,0.0,0.0,0.0,0.0,0.0,22.1,0.0,5.9,1.2,19.9,3.5,2.4,3.7,0.0,1.1,0.6,6.8,15.1,14.1,17.0,12.8,0.2,11.9,0.9,1.7,4.8,6.6,0.0,2.4,6.7,12.8,7.6,2.5,0.3,0.3,0.1,2.2,0.3,0.2,0.2,1.5,2.3,3.3,3.4,4.1,1.7,12.0,12.2,3.8,56.5,0.8,0.7,3.0,5.5,0.0,7.3,5.9,9.2,4.9,56.6,3.2,14.8,4.7,15.5,4.8,5.0,2.1,4.7,17.0,17.6,11.7,7.6,2.9,21.5,14.8,8.4,46.5,0.9,1.9,4.0,3.1,0.0,5.1,2.9,6.2,4.0,0.2,0.0,0.1,0.0,0.1,0.0,0.1,0.0,0.0,0.1,0.1,0.1,0.0,0.0,0.0,0.0,0.0,0.1,0.0,0.0,0.0,0.0,0.0,0.0,0.0,0.0,0.0,28.1,0.1,7.6,2.8,7.3,2.7,2.4,1.3,0.5,6.4,6.5,3.2,0.1,0.0,0.4,0.5,0.5,3.3,0.0,0.0,0.1,0.7,0.0,0.2,0.0,0.1,0.0
43,bio0_whs0_land3_list1500_bld1000,False,False,3,1500,1000,109.6,3.6,28.8,8.8,45.0,11.3,10.0,7.4,6.6,26.8,28.1,25.2,26.8,18.7,50.9,40.3,12.9,118.2,2.6,4.3,11.9,15.9,0.0,15.1,15.5,28.4,16.5,0.0,0.0,0.0,0.0,0.0,0.0,0.0,0.0,0.0,0.0,0.0,0.0,0.0,0.0,0.0,0.0,0.0,0.0,0.0,0.0,0.0,0.0,0.0,0.0,0.0,0.0,0.0,0.0,0.0,0.0,0.0,0.0,0.0,0.0,0.0,0.0,0.0,0.0,0.0,0.0,0.0,0.0,0.0,0.0,0.0,0.0,0.0,0.0,0.0,0.0,0.0,0.0,0.0,0.0,22.1,0.0,5.9,1.2,19.9,3.5,2.4,3.7,0.0,1.1,0.6,6.8,15.1,14.1,17.0,12.8,0.2,11.9,0.9,1.7,4.8,6.6,0.0,2.4,6.7,12.8,7.6,2.5,0.3,0.3,0.1,2.2,0.3,0.2,0.2,1.5,2.3,3.3,3.4,4.1,1.7,12.0,12.2,3.8,56.5,0.8,0.7,3.0,5.5,0.0,7.3,5.9,9.2,4.9,66.4,3.2,17.9,5.9,18.1,5.8,6.0,2.6,4.9,19.5,20.2,13.0,7.6,2.9,21.7,15.1,8.7,48.1,0.9,1.9,4.1,3.3,0.0,5.3,2.9,6.3,4.0,0.2,0.0,0.1,0.0,0.0,0.0,0.0,0.0,0.0,0.1,0.1,0.0,0.0,0.0,0.0,0.0,0.0,0.0,0.0,0.0,0.0,0.0,0.0,0.0,0.0,0.0,0.0,18.4,0.0,4.6,1.6,4.8,1.7,1.4,0.9,0.3,3.9,4.0,2.1,0.0,0.0,0.1,0.2,0.2,1.7,0.0,0.0,0.0,0.5,0.0,0.0,0.0,0.0,0.0
44,bio0_whs0_land3_list1500_bld1250,False,False,3,1500,1250,109.6,3.6,28.8,8.8,45.0,11.3,10.0,7.4,6.6,26.8,28.1,25.2,26.8,18.7,50.9,40.3,12.9,118.2,2.6,4.3,11.9,15.9,0.0,15.1,15.5,28.4,16.5,0.0,0.0,0.0,0.0,0.0,0.0,0.0,0.0,0.0,0.0,0.0,0.0,0.0,0.0,0.0,0.0,0.0,0.0,0.0,0.0,0.0,0.0,0.0,0.0,0.0,0.0,0.0,0.0,0.0,0.0,0.0,0.0,0.0,0.0,0.0,0.0,0.0,0.0,0.0,0.0,0.0,0.0,0.0,0.0,0.0,0.0,0.0,0.0,0.0,0.0,0.0,0.0,0.0,0.0,22.1,0.0,5.9,1.2,19.9,3.5,2.4,3.7,0.0,1.1,0.6,6.8,15.1,14.1,17.0,12.8,0.2,11.9,0.9,1.7,4.8,6.6,0.0,2.4,6.7,12.8,7.6,2.5,0.3,0.3,0.1,2.2,0.3,0.2,0.2,1.5,2.3,3.3,3.4,4.1,1.7,12.0,12.2,3.8,56.5,0.8,0.7,3.0,5.5,0.0,7.3,5.9,9.2,4.9,72.6,3.3,19.8,6.6,19.7,6.5,6.6,2.9,5.0,21.0,21.7,13.7,7.6,2.9,21.8,15.2,8.8,48.9,0.9,1.9,4.1,3.4,0.0,5.3,2.9,6.3,4.0,0.1,0.0,0.1,0.0,0.0,0.0,0.0,0.0,0.0,0.0,0.0,0.0,0.0,0.0,0.0,0.0,0.0,0.0,0.0,0.0,0.0,0.0,0.0,0.0,0.0,0.0,0.0,12.2,0.0,2.7,0.9,3.1,1.0,0.8,0.5,0.2,2.4,2.5,1.4,0.0,0.0,0.0,0.1,0.1,0.9,0.0,0.0,0.0,0.3,0.0,0.0,0.0,0.0,0.0
45,bio0_whs0_land4_list500_bld250,False,False,4,500,250,109.6,3.6,28.8,8.8,45.0,11.3,10.0,7.4,6.6,26.8,28.1,25.2,26.8,18.7,50.9,40.3,12.9,118.2,2.6,4.3,11.9,15.9,0.0,15.1,15.5,28.4,16.5,0.0,0.0,0.0,0.0,0.0,0.0,0.0,0.0,0.0,0.0,0.0,0.0,0.0,0.0,0.0,0.0,0.0,0.0,0.0,0.0,0.0,0.0,0.0,0.0,0.0,0.0,0.0,0.0,0.0,0.0,0.0,0.0,0.0,0.0,0.0,0.0,0.0,0.0,0.0,0.0,0.0,0.0,0.0,0.0,0.0,0.0,0.0,0.0,0.0,0.0,0.0,0.0,0.0,0.0,22.1,0.0,5.9,1.2,19.9,3.5,2.4,3.7,0.0,1.1,0.6,6.8,17.6,14.1,24.2,17.1,0.2,19.4,0.9,1.7,4.8,7.6,0.0,5.6,9.1,13.2,7.6,0.2,0.0,0.0,0.0,0.2,0.0,0.0,0.0,0.1,0.1,0.3,0.2,0.3,0.1,0.6,0.8,0.3,4.8,0.1,0.1,0.3,0.4,0.0,0.6,0.4,0.9,0.6,12.5,0.8,3.3,0.7,3.1,1.0,1.0,0.5,1.5,2.8,3.0,2.8,2.5,1.5,9.6,7.8,2.7,37.9,0.8,0.9,2.7,3.2,0.0,3.7,2.7,6.2,3.7,0.9,0.1,0.3,0.1,0.4,0.1,0.1,0.1,0.2,0.5,0.5,0.4,0.3,0.2,0.5,0.6,0.2,3.0,0.1,0.2,0.3,0.2,0.0,0.2,0.3,0.6,0.6,73.9,2.6,19.3,6.9,21.4,6.7,6.5,3.1,4.9,22.3,23.7,15.0,6.2,2.8,15.9,14.0,9.5,53.1,0.8,1.5,3.7,4.4,0.0,4.9,3.0,7.5,4.0
46,bio0_whs0_land4_list500_bld500,False,False,4,500,500,109.6,3.6,28.8,8.8,45.0,11.3,10.0,7.4,6.6,26.8,28.1,25.2,26.8,18.7,50.9,40.3,12.9,118.2,2.6,4.3,11.9,15.9,0.0,15.1,15.5,28.4,16.5,0.0,0.0,0.0,0.0,0.0,0.0,0.0,0.0,0.0,0.0,0.0,0.0,0.0,0.0,0.0,0.0,0.0,0.0,0.0,0.0,0.0,0.0,0.0,0.0,0.0,0.0,0.0,0.0,0.0,0.0,0.0,0.0,0.0,0.0,0.0,0.0,0.0,0.0,0.0,0.0,0.0,0.0,0.0,0.0,0.0,0.0,0.0,0.0,0.0,0.0,0.0,0.0,0.0,0.0,22.1,0.0,5.9,1.2,19.9,3.5,2.4,3.7,0.0,1.1,0.6,6.8,17.6,14.1,24.2,17.1,0.2,19.4,0.9,1.7,4.8,7.6,0.0,5.6,9.1,13.2,7.6,0.2,0.0,0.0,0.0,0.2,0.0,0.0,0.0,0.1,0.1,0.3,0.2,0.3,0.1,0.6,0.8,0.3,4.8,0.1,0.1,0.3,0.4,0.0,0.6,0.4,0.9,0.6,41.6,3.2,10.0,2.9,12.8,3.5,3.4,1.6,5.3,13.5,14.6,11.7,7.9,4.1,23.9,19.9,10.2,84.1,1.6,2.4,6.3,6.5,0.0,8.0,5.6,13.2,8.2,0.4,0.0,0.2,0.1,0.2,0.1,0.1,0.0,0.1,0.3,0.2,0.2,0.1,0.0,0.1,0.1,0.1,0.5,0.0,0.0,0.0,0.0,0.0,0.0,0.0,0.1,0.1,45.1,0.3,12.6,4.6,12.0,4.2,4.1,2.1,1.2,11.8,12.4,6.4,0.9,0.3,2.0,2.4,2.2,9.4,0.0,0.1,0.4,1.3,0.0,0.7,0.3,1.0,0.1
47,bio0_whs0_land4_list500_bld750,False,False,4,500,750,109.6,3.6,28.8,8.8,45.0,11.3,10.0,7.4,6.6,26.8,28.1,25.2,26.8,18.7,50.9,40.3,12.9,118.2,2.6,4.3,11.9,15.9,0.0,15.1,15.5,28.4,16.5,0.0,0.0,0.0,0.0,0.0,0.0,0.0,0.0,0.0,0.0,0.0,0.0,0.0,0.0,0.0,0.0,0.0,0.0,0.0,0.0,0.0,0.0,0.0,0.0,0.0,0.0,0.0,0.0,0.0,0.0,0.0,0.0,0.0,0.0,0.0,0.0,0.0,0.0,0.0,0.0,0.0,0.0,0.0,0.0,0.0,0.0,0.0,0.0,0.0,0.0,0.0,0.0,0.0,0.0,22.1,0.0,5.9,1.2,19.9,3.5,2.4,3.7,0.0,1.1,0.6,6.8,17.6,14.1,24.2,17.1,0.2,19.4,0.9,1.7,4.8,7.6,0.0,5.6,9.1,13.2,7.6,0.2,0.0,0.0,0.0,0.2,0.0,0.0,0.0,0.1,0.1,0.3,0.2,0.3,0.1,0.6,0.8,0.3,4.8,0.1,0.1,0.3,0.4,0.0,0.6,0.4,0.9,0.6,58.8,3.5,15.1,4.8,17.5,5.1,5.2,2.3,6.0,19.0,20.5,14.8,8.8,4.4,25.8,21.9,11.9,90.6,1.6,2.5,6.6,7.1,0.0,8.6,6.0,14.1,8.4,0.2,0.0,0.1,0.0,0.1,0.0,0.1,0.0,0.0,0.1,0.1,0.1,0.0,0.0,0.0,0.0,0.0,0.1,0.0,0.0,0.0,0.0,0.0,0.0,0.0,0.0,0.0,28.2,0.1,7.6,2.8,7.4,2.7,2.4,1.4,0.5,6.5,6.6,3.3,0.1,0.0,0.3,0.5,0.5,3.3,0.0,0.0,0.1,0.8,0.0,0.2,0.0,0.1,0.0
48,bio0_whs0_land4_list500_bld1000,False,False,4,500,1000,109.6,3.6,28.8,8.8,45.0,11.3,10.0,7.4,6.6,26.8,28.1,25.2,26.8,18.7,50.9,40.3,12.9,118.2,2.6,4.3,11.9,15.9,0.0,15.1,15.5,28.4,16.5,0.0,0.0,0.0,0.0,0.0,0.0,0.0,0.0,0.0,0.0,0.0,0.0,0.0,0.0,0.0,0.0,0.0,0.0,0.0,0.0,0.0,0.0,0.0,0.0,0.0,0.0,0.0,0.0,0.0,0.0,0.0,0.0,0.0,0.0,0.0,0.0,0.0,0.0,0.0,0.0,0.0,0.0,0.0,0.0,0.0,0.0,0.0,0.0,0.0,0.0,0.0,0.0,0.0,0.0,22.1,0.0,5.9,1.2,19.9,3.5,2.4,3.7,0.0,1.1,0.6,6.8,17.6,14.1,24.2,17.1,0.2,19.4,0.9,1.7,4.8,7.6,0.0,5.6,9.1,13.2,7.6,0.2,0.0,0.0,0.0,0.2,0.0,0.0,0.0,0.1,0.1,0.3,0.2,0.3,0.1,0.6,0.8,0.3,4.8,0.1,0.1,0.3,0.4,0.0,0.6,0.4,0.9,0.6,68.6,3.5,18.2,6.0,20.1,6.1,6.2,2.8,6.2,21.6,23.2,16.1,8.9,4.4,26.0,22.2,12.2,92.3,1.6,2.5,6.7,7.3,0.0,8.8,6.0,14.2,8.4,0.2,0.0,0.1,0.0,0.0,0.0,0.0,0.0,0.0,0.1,0.1,0.0,0.0,0.0,0.0,0.0,0.0,0.0,0.0,0.0,0.0,0.0,0.0,0.0,0.0,0.0,0.0,18.4,0.0,4.6,1.6,4.8,1.7,1.4,0.9,0.3,3.9,4.0,2.1,0.0,0.0,0.1,0.2,0.2,1.7,0.0,0.0,0.0,0.5,0.0,0.0,0.0,0.0,0.0
49,bio0_whs0_land4_list500_bld1250,False,False,4,500,1250,109.6,3.6,28.8,8.8,45.0,11.3,10.0,7.4,6.6,26.8,28.1,25.2,26.8,18.7,50.9,40.3,12.9,118.2,2.6,4.3,11.9,15.9,0.0,15.1,15.5,28.4,16.5,0.0,0.0,0.0,0.0,0.0,0.0,0.0,0.0,0.0,0.0,0.0,0.0,0.0,0.0,0.0,0.0,0.0,0.0,0.0,0.0,0.0,0.0,0.0,0.0,0.0,0.0,0.0,0.0,0.0,0.0,0.0,0.0,0.0,0.0,0.0,0.0,0.0,0.0,0.0,0.0,0.0,0.0,0.0,0.0,0.0,0.0,0.0,0.0,0.0,0.0,0.0,0.0,0.0,0.0,22.1,0.0,5.9,1.2,19.9,3.5,2.4,3.7,0.0,1.1,0.6,6.8,17.6,14.1,24.2,17.1,0.2,19.4,0.9,1.7,4.8,7.6,0.0,5.6,9.1,13.2,7.6,0.2,0.0,0.0,0.0,0.2,0.0,0.0,0.0,0.1,0.1,0.3,0.2,0.3,0.1,0.6,0.8,0.3,4.8,0.1,0.1,0.3,0.4,0.0,0.6,0.4,0.9,0.6,74.9,3.5,20.1,6.7,21.8,6.8,6.8,3.1,6.4,23.1,24.7,16.8,8.9,4.4,26.0,22.3,12.3,93.1,1.6,2.5,6.7,7.5,0.0,8.8,6.0,14.3,8.4,0.1,0.0,0.1,0.0,0.0,0.0,0.0,0.0,0.0,0.0,0.0,0.0,0.0,0.0,0.0,0.0,0.0,0.0,0.0,0.0,0.0,0.0,0.0,0.0,0.0,0.0,0.0,12.2,0.0,2.7,0.9,3.1,1.0,0.8,0.5,0.2,2.4,2.5,1.4,0.0,0.0,0.0,0.1,0.1,0.9,0.0,0.0,0.0,0.3,0.0,0.0,0.0,0.0,0.0
50,bio0_whs0_land4_list1000_bld250,False,False,4,1000,250,109.6,3.6,28.8,8.8,45.0,11.3,10.0,7.4,6.6,26.8,28.1,25.2,26.8,18.7,50.9,40.3,12.9,118.2,2.6,4.3,11.9,15.9,0.0,15.1,15.5,28.4,16.5,0.0,0.0,0.0,0.0,0.0,0.0,0.0,0.0,0.0,0.0,0.0,0.0,0.0,0.0,0.0,0.0,0.0,0.0,0.0,0.0,0.0,0.0,0.0,0.0,0.0,0.0,0.0,0.0,0.0,0.0,0.0,0.0,0.0,0.0,0.0,0.0,0.0,0.0,0.0,0.0,0.0,0.0,0.0,0.0,0.0,0.0,0.0,0.0,0.0,0.0,0.0,0.0,0.0,0.0,22.1,0.0,5.9,1.2,19.9,3.5,2.4,3.7,0.0,1.1,0.6,6.8,17.6,14.1,24.2,17.1,0.2,19.4,0.9,1.7,4.8,7.6,0.0,5.6,9.1,13.2,7.6,1.1,0.1,0.1,0.0,1.0,0.1,0.1,0.1,0.7,0.9,1.4,1.5,1.4,0.8,4.1,4.6,1.8,26.4,0.4,0.3,1.6,2.4,0.0,2.9,2.2,4.9,2.6,12.3,0.8,3.3,0.7,2.9,1.0,1.0,0.5,1.3,2.7,2.8,2.5,2.1,1.2,8.2,6.2,2.2,27.4,0.6,0.8,2.1,2.2,0.0,2.6,1.9,4.2,2.8,0.8,0.1,0.3,0.1,0.3,0.1,0.1,0.1,0.2,0.4,0.4,0.3,0.2,0.1,0.5,0.5,0.2,2.4,0.1,0.2,0.3,0.2,0.0,0.2,0.2,0.5,0.5,73.2,2.6,19.2,6.9,20.8,6.6,6.4,3.0,4.5,21.7,22.8,14.1,5.3,2.4,13.9,11.9,8.6,42.6,0.7,1.3,3.1,3.5,0.0,3.8,2.2,5.7,3.0
51,bio0_whs0_land4_list1000_bld500,False,False,4,1000,500,109.6,3.6,28.8,8.8,45.0,11.3,10.0,7.4,6.6,26.8,28.1,25.2,26.8,18.7,50.9,40.3,12.9,118.2,2.6,4.3,11.9,15.9,0.0,15.1,15.5,28.4,16.5,0.0,0.0,0.0,0.0,0.0,0.0,0.0,0.0,0.0,0.0,0.0,0.0,0.0,0.0,0.0,0.0,0.0,0.0,0.0,0.0,0.0,0.0,0.0,0.0,0.0,0.0,0.0,0.0,0.0,0.0,0.0,0.0,0.0,0.0,0.0,0.0,0.0,0.0,0.0,0.0,0.0,0.0,0.0,0.0,0.0,0.0,0.0,0.0,0.0,0.0,0.0,0.0,0.0,0.0,22.1,0.0,5.9,1.2,19.9,3.5,2.4,3.7,0.0,1.1,0.6,6.8,17.6,14.1,24.2,17.1,0.2,19.4,0.9,1.7,4.8,7.6,0.0,5.6,9.1,13.2,7.6,1.1,0.1,0.1,0.0,1.0,0.1,0.1,0.1,0.7,0.9,1.4,1.5,1.4,0.8,4.1,4.6,1.8,26.4,0.4,0.3,1.6,2.4,0.0,2.9,2.2,4.9,2.6,40.9,3.1,9.9,2.9,12.1,3.5,3.4,1.5,4.8,12.8,13.6,10.6,6.8,3.4,20.6,16.3,8.7,63.0,1.3,2.2,5.1,4.6,0.0,5.8,3.9,9.3,6.2,0.4,0.0,0.2,0.1,0.1,0.1,0.1,0.0,0.1,0.3,0.2,0.2,0.1,0.0,0.1,0.1,0.1,0.4,0.0,0.0,0.0,0.0,0.0,0.0,0.0,0.1,0.0,45.1,0.3,12.6,4.6,11.9,4.2,4.1,2.0,1.2,11.7,12.2,6.3,0.8,0.3,1.9,2.2,2.1,8.9,0.0,0.1,0.4,1.3,0.0,0.7,0.3,0.9,0.1
52,bio0_whs0_land4_list1000_bld750,False,False,4,1000,750,109.6,3.6,28.8,8.8,45.0,11.3,10.0,7.4,6.6,26.8,28.1,25.2,26.8,18.7,50.9,40.3,12.9,118.2,2.6,4.3,11.9,15.9,0.0,15.1,15.5,28.4,16.5,0.0,0.0,0.0,0.0,0.0,0.0,0.0,0.0,0.0,0.0,0.0,0.0,0.0,0.0,0.0,0.0,0.0,0.0,0.0,0.0,0.0,0.0,0.0,0.0,0.0,0.0,0.0,0.0,0.0,0.0,0.0,0.0,0.0,0.0,0.0,0.0,0.0,0.0,0.0,0.0,0.0,0.0,0.0,0.0,0.0,0.0,0.0,0.0,0.0,0.0,0.0,0.0,0.0,0.0,22.1,0.0,5.9,1.2,19.9,3.5,2.4,3.7,0.0,1.1,0.6,6.8,17.6,14.1,24.2,17.1,0.2,19.4,0.9,1.7,4.8,7.6,0.0,5.6,9.1,13.2,7.6,1.1,0.1,0.1,0.0,1.0,0.1,0.1,0.1,0.7,0.9,1.4,1.5,1.4,0.8,4.1,4.6,1.8,26.4,0.4,0.3,1.6,2.4,0.0,2.9,2.2,4.9,2.6,58.0,3.4,15.0,4.8,16.7,5.0,5.1,2.2,5.5,18.3,19.4,13.6,7.6,3.8,22.3,18.1,10.4,69.0,1.3,2.3,5.4,5.2,0.0,6.4,4.2,10.2,6.3,0.2,0.0,0.1,0.0,0.1,0.0,0.1,0.0,0.0,0.1,0.1,0.1,0.0,0.0,0.0,0.0,0.0,0.1,0.0,0.0,0.0,0.0,0.0,0.0,0.0,0.0,0.0,28.2,0.1,7.6,2.8,7.4,2.7,2.4,1.4,0.5,6.5,6.6,3.3,0.1,0.0,0.3,0.5,0.5,3.3,0.0,0.0,0.1,0.8,0.0,0.2,0.0,0.1,0.0
53,bio0_whs0_land4_list1000_bld1000,False,False,4,1000,1000,109.6,3.6,28.8,8.8,45.0,11.3,10.0,7.4,6.6,26.8,28.1,25.2,26.8,18.7,50.9,40.3,12.9,118.2,2.6,4.3,11.9,15.9,0.0,15.1,15.5,28.4,16.5,0.0,0.0,0.0,0.0,0.0,0.0,0.0,0.0,0.0,0.0,0.0,0.0,0.0,0.0,0.0,0.0,0.0,0.0,0.0,0.0,0.0,0.0,0.0,0.0,0.0,0.0,0.0,0.0,0.0,0.0,0.0,0.0,0.0,0.0,0.0,0.0,0.0,0.0,0.0,0.0,0.0,0.0,0.0,0.0,0.0,0.0,0.0,0.0,0.0,0.0,0.0,0.0,0.0,0.0,22.1,0.0,5.9,1.2,19.9,3.5,2.4,3.7,0.0,1.1,0.6,6.8,17.6,14.1,24.2,17.1,0.2,19.4,0.9,1.7,4.8,7.6,0.0,5.6,9.1,13.2,7.6,1.1,0.1,0.1,0.0,1.0,0.1,0.1,0.1,0.7,0.9,1.4,1.5,1.4,0.8,4.1,4.6,1.8,26.4,0.4,0.3,1.6,2.4,0.0,2.9,2.2,4.9,2.6,67.8,3.4,18.1,5.9,19.3,6.0,6.1,2.7,5.7,20.8,22.0,14.9,7.7,3.8,22.5,18.4,10.7,70.7,1.3,2.3,5.5,5.4,0.0,6.5,4.3,10.3,6.3,0.2,0.0,0.1,0.0,0.0,0.0,0.0,0.0,0.0,0.1,0.1,0.0,0.0,0.0,0.0,0.0,0.0,0.0,0.0,0.0,0.0,0.0,0.0,0.0,0.0,0.0,0.0,18.4,0.0,4.6,1.6,4.8,1.7,1.4,0.9,0.3,3.9,4.0,2.1,0.0,0.0,0.1,0.2,0.2,1.7,0.0,0.0,0.0,0.5,0.0,0.0,0.0,0.0,0.0
54,bio0_whs0_land4_list1000_bld1250,False,False,4,1000,1250,109.6,3.6,28.8,8.8,45.0,11.3,10.0,7.4,6.6,26.8,28.1,25.2,26.8,18.7,50.9,40.3,12.9,118.2,2.6,4.3,11.9,15.9,0.0,15.1,15.5,28.4,16.5,0.0,0.0,0.0,0.0,0.0,0.0,0.0,0.0,0.0,0.0,0.0,0.0,0.0,0.0,0.0,0.0,0.0,0.0,0.0,0.0,0.0,0.0,0.0,0.0,0.0,0.0,0.0,0.0,0.0,0.0,0.0,0.0,0.0,0.0,0.0,0.0,0.0,0.0,0.0,0.0,0.0,0.0,0.0,0.0,0.0,0.0,0.0,0.0,0.0,0.0,0.0,0.0,0.0,0.0,22.1,0.0,5.9,1.2,19.9,3.5,2.4,3.7,0.0,1.1,0.6,6.8,17.6,14.1,24.2,17.1,0.2,19.4,0.9,1.7,4.8,7.6,0.0,5.6,9.1,13.2,7.6,1.1,0.1,0.1,0.0,1.0,0.1,0.1,0.1,0.7,0.9,1.4,1.5,1.4,0.8,4.1,4.6,1.8,26.4,0.4,0.3,1.6,2.4,0.0,2.9,2.2,4.9,2.6,74.1,3.4,20.0,6.6,21.0,6.7,6.7,3.1,5.8,22.4,23.5,15.6,7.7,3.8,22.6,18.5,10.8,71.5,1.3,2.3,5.5,5.6,0.0,6.5,4.3,10.3,6.3,0.1,0.0,0.1,0.0,0.0,0.0,0.0,0.0,0.0,0.0,0.0,0.0,0.0,0.0,0.0,0.0,0.0,0.0,0.0,0.0,0.0,0.0,0.0,0.0,0.0,0.0,0.0,12.2,0.0,2.7,0.9,3.1,1.0,0.8,0.5,0.2,2.4,2.5,1.4,0.0,0.0,0.0,0.1,0.1,0.9,0.0,0.0,0.0,0.3,0.0,0.0,0.0,0.0,0.0
55,bio0_whs0_land4_list1500_bld250,False,False,4,1500,250,109.6,3.6,28.8,8.8,45.0,11.3,10.0,7.4,6.6,26.8,28.1,25.2,26.8,18.7,50.9,40.3,12.9,118.2,2.6,4.3,11.9,15.9,0.0,15.1,15.5,28.4,16.5,0.0,0.0,0.0,0.0,0.0,0.0,0.0,0.0,0.0,0.0,0.0,0.0,0.0,0.0,0.0,0.0,0.0,0.0,0.0,0.0,0.0,0.0,0.0,0.0,0.0,0.0,0.0,0.0,0.0,0.0,0.0,0.0,0.0,0.0,0.0,0.0,0.0,0.0,0.0,0.0,0.0,0.0,0.0,0.0,0.0,0.0,0.0,0.0,0.0,0.0,0.0,0.0,0.0,0.0,22.1,0.0,5.9,1.2,19.9,3.5,2.4,3.7,0.0,1.1,0.6,6.8,17.6,14.1,24.2,17.1,0.2,19.4,0.9,1.7,4.8,7.6,0.0,5.6,9.1,13.2,7.6,2.5,0.3,0.3,0.1,2.2,0.3,0.2,0.2,1.5,2.3,3.3,3.4,3.1,1.7,9.4,9.9,3.8,52.0,0.8,0.7,3.0,4.7,0.0,5.2,4.2,9.1,4.9,12.0,0.7,3.3,0.7,2.6,0.9,1.0,0.5,1.1,2.4,2.5,2.1,1.6,0.9,6.2,4.2,1.6,15.8,0.4,0.6,1.5,1.2,0.0,1.5,1.0,2.3,1.8,0.8,0.1,0.3,0.1,0.3,0.1,0.1,0.1,0.2,0.4,0.4,0.3,0.2,0.1,0.4,0.4,0.1,1.7,0.0,0.1,0.2,0.1,0.0,0.1,0.1,0.3,0.3,72.2,2.4,19.0,6.8,19.9,6.5,6.3,2.9,3.9,20.6,21.3,12.7,4.2,1.8,10.7,8.8,7.2,29.3,0.4,1.1,2.4,2.3,0.0,2.6,1.1,3.6,1.9
56,bio0_whs0_land4_list1500_bld500,False,False,4,1500,500,109.6,3.6,28.8,8.8,45.0,11.3,10.0,7.4,6.6,26.8,28.1,25.2,26.8,18.7,50.9,40.3,12.9,118.2,2.6,4.3,11.9,15.9,0.0,15.1,15.5,28.4,16.5,0.0,0.0,0.0,0.0,0.0,0.0,0.0,0.0,0.0,0.0,0.0,0.0,0.0,0.0,0.0,0.0,0.0,0.0,0.0,0.0,0.0,0.0,0.0,0.0,0.0,0.0,0.0,0.0,0.0,0.0,0.0,0.0,0.0,0.0,0.0,0.0,0.0,0.0,0.0,0.0,0.0,0.0,0.0,0.0,0.0,0.0,0.0,0.0,0.0,0.0,0.0,0.0,0.0,0.0,22.1,0.0,5.9,1.2,19.9,3.5,2.4,3.7,0.0,1.1,0.6,6.8,17.6,14.1,24.2,17.1,0.2,19.4,0.9,1.7,4.8,7.6,0.0,5.6,9.1,13.2,7.6,2.5,0.3,0.3,0.1,2.2,0.3,0.2,0.2,1.5,2.3,3.3,3.4,3.1,1.7,9.4,9.9,3.8,52.0,0.8,0.7,3.0,4.7,0.0,5.2,4.2,9.1,4.9,39.7,2.9,9.8,2.9,11.0,3.3,3.3,1.4,4.0,11.7,12.1,8.9,5.3,2.6,15.6,11.4,6.9,38.5,0.9,1.9,3.7,2.5,0.0,3.6,2.1,5.4,4.0,0.4,0.0,0.2,0.1,0.1,0.1,0.1,0.0,0.0,0.2,0.2,0.1,0.1,0.0,0.1,0.1,0.1,0.3,0.0,0.0,0.0,0.0,0.0,0.0,0.0,0.0,0.0,44.8,0.3,12.5,4.6,11.8,4.2,4.0,2.0,1.1,11.5,11.8,6.0,0.7,0.2,1.6,1.9,2.0,7.9,0.0,0.1,0.3,1.1,0.0,0.6,0.2,0.7,0.1
57,bio0_whs0_land4_list1500_bld750,False,False,4,1500,750,109.6,3.6,28.8,8.8,45.0,11.3,10.0,7.4,6.6,26.8,28.1,25.2,26.8,18.7,50.9,40.3,12.9,118.2,2.6,4.3,11.9,15.9,0.0,15.1,15.5,28.4,16.5,0.0,0.0,0.0,0.0,0.0,0.0,0.0,0.0,0.0,0.0,0.0,0.0,0.0,0.0,0.0,0.0,0.0,0.0,0.0,0.0,0.0,0.0,0.0,0.0,0.0,0.0,0.0,0.0,0.0,0.0,0.0,0.0,0.0,0.0,0.0,0.0,0.0,0.0,0.0,0.0,0.0,0.0,0.0,0.0,0.0,0.0,0.0,0.0,0.0,0.0,0.0,0.0,0.0,0.0,22.1,0.0,5.9,1.2,19.9,3.5,2.4,3.7,0.0,1.1,0.6,6.8,17.6,14.1,24.2,17.1,0.2,19.4,0.9,1.7,4.8,7.6,0.0,5.6,9.1,13.2,7.6,2.5,0.3,0.3,0.1,2.2,0.3,0.2,0.2,1.5,2.3,3.3,3.4,3.1,1.7,9.4,9.9,3.8,52.0,0.8,0.7,3.0,4.7,0.0,5.2,4.2,9.1,4.9,56.6,3.2,14.8,4.7,15.5,4.8,5.0,2.1,4.7,17.0,17.6,11.7,6.0,2.9,17.0,12.8,8.4,43.5,0.9,1.9,4.0,2.9,0.0,4.1,2.2,6.0,4.0,0.2,0.0,0.1,0.0,0.1,0.0,0.1,0.0,0.0,0.1,0.1,0.1,0.0,0.0,0.0,0.0,0.0,0.1,0.0,0.0,0.0,0.0,0.0,0.0,0.0,0.0,0.0,28.1,0.1,7.6,2.8,7.3,2.7,2.4,1.3,0.5,6.4,6.5,3.2,0.1,0.0,0.3,0.5,0.5,3.2,0.0,0.0,0.1,0.7,0.0,0.2,0.0,0.1,0.0
58,bio0_whs0_land4_list1500_bld1000,False,False,4,1500,1000,109.6,3.6,28.8,8.8,45.0,11.3,10.0,7.4,6.6,26.8,28.1,25.2,26.8,18.7,50.9,40.3,12.9,118.2,2.6,4.3,11.9,15.9,0.0,15.1,15.5,28.4,16.5,0.0,0.0,0.0,0.0,0.0,0.0,0.0,0.0,0.0,0.0,0.0,0.0,0.0,0.0,0.0,0.0,0.0,0.0,0.0,0.0,0.0,0.0,0.0,0.0,0.0,0.0,0.0,0.0,0.0,0.0,0.0,0.0,0.0,0.0,0.0,0.0,0.0,0.0,0.0,0.0,0.0,0.0,0.0,0.0,0.0,0.0,0.0,0.0,0.0,0.0,0.0,0.0,0.0,0.0,22.1,0.0,5.9,1.2,19.9,3.5,2.4,3.7,0.0,1.1,0.6,6.8,17.6,14.1,24.2,17.1,0.2,19.4,0.9,1.7,4.8,7.6,0.0,5.6,9.1,13.2,7.6,2.5,0.3,0.3,0.1,2.2,0.3,0.2,0.2,1.5,2.3,3.3,3.4,3.1,1.7,9.4,9.9,3.8,52.0,0.8,0.7,3.0,4.7,0.0,5.2,4.2,9.1,4.9,66.4,3.2,17.9,5.9,18.1,5.8,6.0,2.6,4.9,19.5,20.2,13.0,6.0,2.9,17.2,13.1,8.7,45.1,0.9,1.9,4.1,3.1,0.0,4.2,2.2,6.1,4.0,0.2,0.0,0.1,0.0,0.0,0.0,0.0,0.0,0.0,0.1,0.1,0.0,0.0,0.0,0.0,0.0,0.0,0.0,0.0,0.0,0.0,0.0,0.0,0.0,0.0,0.0,0.0,18.4,0.0,4.6,1.6,4.8,1.7,1.4,0.9,0.3,3.9,4.0,2.1,0.0,0.0,0.1,0.2,0.2,1.7,0.0,0.0,0.0,0.5,0.0,0.0,0.0,0.0,0.0
59,bio0_whs0_land4_list1500_bld1250,False,False,4,1500,1250,109.6,3.6,28.8,8.8,45.0,11.3,10.0,7.4,6.6,26.8,28.1,25.2,26.8,18.7,50.9,40.3,12.9,118.2,2.6,4.3,11.9,15.9,0.0,15.1,15.5,28.4,16.5,0.0,0.0,0.0,0.0,0.0,0.0,0.0,0.0,0.0,0.0,0.0,0.0,0.0,0.0,0.0,0.0,0.0,0.0,0.0,0.0,0.0,0.0,0.0,0.0,0.0,0.0,0.0,0.0,0.0,0.0,0.0,0.0,0.0,0.0,0.0,0.0,0.0,0.0,0.0,0.0,0.0,0.0,0.0,0.0,0.0,0.0,0.0,0.0,0.0,0.0,0.0,0.0,0.0,0.0,22.1,0.0,5.9,1.2,19.9,3.5,2.4,3.7,0.0,1.1,0.6,6.8,17.6,14.1,24.2,17.1,0.2,19.4,0.9,1.7,4.8,7.6,0.0,5.6,9.1,13.2,7.6,2.5,0.3,0.3,0.1,2.2,0.3,0.2,0.2,1.5,2.3,3.3,3.4,3.1,1.7,9.4,9.9,3.8,52.0,0.8,0.7,3.0,4.7,0.0,5.2,4.2,9.1,4.9,72.6,3.3,19.8,6.6,19.7,6.5,6.6,2.9,5.0,21.0,21.7,13.7,6.0,2.9,17.2,13.3,8.8,45.8,0.9,1.9,4.1,3.2,0.0,4.2,2.3,6.1,4.0,0.1,0.0,0.1,0.0,0.0,0.0,0.0,0.0,0.0,0.0,0.0,0.0,0.0,0.0,0.0,0.0,0.0,0.0,0.0,0.0,0.0,0.0,0.0,0.0,0.0,0.0,0.0,12.2,0.0,2.7,0.9,3.1,1.0,0.8,0.5,0.2,2.4,2.5,1.4,0.0,0.0,0.0,0.1,0.1,0.9,0.0,0.0,0.0,0.3,0.0,0.0,0.0,0.0,0.0
60,bio0_whs1_land1_list500_bld250,False,True,1,500,250,109.6,3.6,28.8,8.8,45.0,11.3,10.0,7.4,6.6,26.8,28.1,25.2,26.8,18.7,50.9,40.3,12.9,118.2,2.6,4.3,11.9,15.9,0.0,15.1,15.5,28.4,16.5,0.0,0.0,0.0,0.0,0.0,0.0,0.0,0.0,0.0,0.0,0.0,0.0,0.0,0.0,0.0,0.0,0.0,0.0,0.0,0.0,0.0,0.0,0.0,0.0,0.0,0.0,0.0,18.0,0.0,0.0,0.0,0.0,0.0,0.0,0.0,0.0,0.0,0.0,1.8,0.8,6.3,0.0,0.0,0.0,0.0,0.0,0.0,0.1,0.1,0.0,0.0,0.0,0.2,0.2,0.0,0.0,0.0,0.0,0.0,0.0,0.0,0.0,0.0,0.0,0.0,0.0,0.0,0.0,0.0,0.0,0.0,0.0,0.0,0.0,0.0,0.0,0.0,0.0,0.0,0.0,0.0,0.2,0.0,0.0,0.0,0.2,0.0,0.0,0.0,0.1,0.1,0.3,0.3,0.4,0.3,1.1,1.2,0.3,5.7,0.1,0.1,0.4,0.8,0.0,1.1,1.0,1.5,0.8,14.3,0.8,4.3,0.8,4.7,1.6,1.4,1.2,1.5,3.0,3.1,3.3,5.5,2.7,16.8,12.7,2.7,44.9,1.0,1.4,3.5,5.3,0.0,6.2,6.1,9.5,5.2,1.1,0.1,0.4,0.1,0.5,0.1,0.2,0.2,0.2,0.5,0.5,0.4,0.4,0.3,1.0,1.0,0.2,3.6,0.1,0.2,0.4,0.5,0.0,0.5,0.7,1.0,0.8,76.0,2.6,24.1,7.9,39.6,9.6,8.4,6.0,4.9,23.3,24.2,19.5,19.6,9.2,32.1,25.4,9.7,64.0,1.3,2.6,7.4,9.1,0.0,7.3,7.7,16.2,9.5
61,bio0_whs1_land1_list500_bld500,False,True,1,500,500,109.6,3.6,28.8,8.8,45.0,11.3,10.0,7.4,6.6,26.8,28.1,25.2,26.8,18.7,50.9,40.3,12.9,118.2,2.6,4.3,11.9,15.9,0.0,15.1,15.5,28.4,16.5,0.0,0.0,0.0,0.0,0.0,0.0,0.0,0.0,0.0,0.0,0.0,0.0,0.0,0.0,0.0,0.0,0.0,0.0,0.0,0.0,0.0,0.0,0.0,0.0,0.0,0.0,0.0,18.0,0.0,0.0,0.0,0.0,0.0,0.0,0.0,0.0,0.0,0.0,1.8,0.8,6.3,0.0,0.0,0.0,0.0,0.0,0.0,0.1,0.1,0.0,0.0,0.0,0.2,0.2,0.0,0.0,0.0,0.0,0.0,0.0,0.0,0.0,0.0,0.0,0.0,0.0,0.0,0.0,0.0,0.0,0.0,0.0,0.0,0.0,0.0,0.0,0.0,0.0,0.0,0.0,0.0,0.2,0.0,0.0,0.0,0.2,0.0,0.0,0.0,0.1,0.1,0.3,0.3,0.4,0.3,1.1,1.2,0.3,5.7,0.1,0.1,0.4,0.8,0.0,1.1,1.0,1.5,0.8,46.8,3.2,12.8,3.5,18.5,5.1,4.7,3.2,5.3,14.0,14.9,13.7,18.1,8.6,41.8,32.2,10.3,100.0,2.2,3.9,8.9,12.5,0.0,13.0,13.2,23.2,12.7,0.6,0.0,0.3,0.1,0.2,0.1,0.1,0.1,0.1,0.3,0.2,0.2,0.1,0.1,0.2,0.2,0.1,0.6,0.0,0.0,0.1,0.1,0.0,0.1,0.1,0.2,0.1,44.0,0.3,15.6,5.2,26.0,6.1,5.2,4.0,1.2,12.4,12.7,9.3,7.3,3.5,7.9,6.7,2.3,11.9,0.3,0.3,2.4,2.3,0.0,0.9,1.2,3.3,2.7
62,bio0_whs1_land1_list500_bld750,False,True,1,500,750,109.6,3.6,28.8,8.8,45.0,11.3,10.0,7.4,6.6,26.8,28.1,25.2,26.8,18.7,50.9,40.3,12.9,118.2,2.6,4.3,11.9,15.9,0.0,15.1,15.5,28.4,16.5,0.0,0.0,0.0,0.0,0.0,0.0,0.0,0.0,0.0,0.0,0.0,0.0,0.0,0.0,0.0,0.0,0.0,0.0,0.0,0.0,0.0,0.0,0.0,0.0,0.0,0.0,0.0,18.0,0.0,0.0,0.0,0.0,0.0,0.0,0.0,0.0,0.0,0.0,1.8,0.8,6.3,0.0,0.0,0.0,0.0,0.0,0.0,0.1,0.1,0.0,0.0,0.0,0.2,0.2,0.0,0.0,0.0,0.0,0.0,0.0,0.0,0.0,0.0,0.0,0.0,0.0,0.0,0.0,0.0,0.0,0.0,0.0,0.0,0.0,0.0,0.0,0.0,0.0,0.0,0.0,0.0,0.2,0.0,0.0,0.0,0.2,0.0,0.0,0.0,0.1,0.1,0.3,0.3,0.4,0.3,1.1,1.2,0.3,5.7,0.1,0.1,0.4,0.8,0.0,1.1,1.0,1.5,0.8,65.3,3.5,19.2,5.6,27.3,7.3,7.0,4.6,6.0,19.8,21.0,18.0,22.5,10.7,47.6,36.8,12.1,108.2,2.3,4.1,10.2,13.9,0.0,13.8,14.3,25.9,13.8,0.3,0.0,0.2,0.0,0.1,0.0,0.1,0.1,0.0,0.1,0.1,0.1,0.0,0.0,0.0,0.0,0.0,0.1,0.0,0.0,0.0,0.0,0.0,0.0,0.0,0.0,0.0,25.8,0.1,9.3,3.1,17.4,3.9,3.0,2.8,0.5,6.8,6.7,5.0,3.0,1.5,2.2,2.2,0.5,4.2,0.1,0.1,1.1,0.9,0.0,0.2,0.2,0.8,1.6
63,bio0_whs1_land1_list500_bld1000,False,True,1,500,1000,109.6,3.6,28.8,8.8,45.0,11.3,10.0,7.4,6.6,26.8,28.1,25.2,26.8,18.7,50.9,40.3,12.9,118.2,2.6,4.3,11.9,15.9,0.0,15.1,15.5,28.4,16.5,0.0,0.0,0.0,0.0,0.0,0.0,0.0,0.0,0.0,0.0,0.0,0.0,0.0,0.0,0.0,0.0,0.0,0.0,0.0,0.0,0.0,0.0,0.0,0.0,0.0,0.0,0.0,18.0,0.0,0.0,0.0,0.0,0.0,0.0,0.0,0.0,0.0,0.0,1.8,0.8,6.3,0.0,0.0,0.0,0.0,0.0,0.0,0.1,0.1,0.0,0.0,0.0,0.2,0.2,0.0,0.0,0.0,0.0,0.0,0.0,0.0,0.0,0.0,0.0,0.0,0.0,0.0,0.0,0.0,0.0,0.0,0.0,0.0,0.0,0.0,0.0,0.0,0.0,0.0,0.0,0.0,0.2,0.0,0.0,0.0,0.2,0.0,0.0,0.0,0.1,0.1,0.3,0.3,0.4,0.3,1.1,1.2,0.3,5.7,0.1,0.1,0.4,0.8,0.0,1.1,1.0,1.5,0.8,75.4,3.5,23.1,7.0,33.0,8.8,8.3,5.5,6.2,22.6,23.7,20.0,24.1,11.5,49.1,38.2,12.4,110.3,2.4,4.2,10.7,14.3,0.0,13.9,14.4,26.4,14.4,0.2,0.0,0.1,0.0,0.1,0.0,0.1,0.0,0.0,0.1,0.1,0.0,0.0,0.0,0.0,0.0,0.0,0.0,0.0,0.0,0.0,0.0,0.0,0.0,0.0,0.0,0.0,15.8,0.0,5.5,1.8,11.7,2.4,1.7,1.8,0.3,4.1,4.1,3.1,1.4,0.7,0.8,0.9,0.2,2.1,0.1,0.0,0.6,0.6,0.0,0.0,0.0,0.3,1.0
64,bio0_whs1_land1_list500_bld1250,False,True,1,500,1250,109.6,3.6,28.8,8.8,45.0,11.3,10.0,7.4,6.6,26.8,28.1,25.2,26.8,18.7,50.9,40.3,12.9,118.2,2.6,4.3,11.9,15.9,0.0,15.1,15.5,28.4,16.5,0.0,0.0,0.0,0.0,0.0,0.0,0.0,0.0,0.0,0.0,0.0,0.0,0.0,0.0,0.0,0.0,0.0,0.0,0.0,0.0,0.0,0.0,0.0,0.0,0.0,0.0,0.0,18.0,0.0,0.0,0.0,0.0,0.0,0.0,0.0,0.0,0.0,0.0,1.8,0.8,6.3,0.0,0.0,0.0,0.0,0.0,0.0,0.1,0.1,0.0,0.0,0.0,0.2,0.2,0.0,0.0,0.0,0.0,0.0,0.0,0.0,0.0,0.0,0.0,0.0,0.0,0.0,0.0,0.0,0.0,0.0,0.0,0.0,0.0,0.0,0.0,0.0,0.0,0.0,0.0,0.0,0.2,0.0,0.0,0.0,0.2,0.0,0.0,0.0,0.1,0.1,0.3,0.3,0.4,0.3,1.1,1.2,0.3,5.7,0.1,0.1,0.4,0.8,0.0,1.1,1.0,1.5,0.8,81.5,3.5,25.5,7.7,36.9,9.8,9.0,6.2,6.4,24.2,25.2,21.2,24.9,11.8,49.6,38.7,12.5,111.4,2.4,4.2,11.0,14.5,0.0,13.9,14.5,26.6,14.8,0.1,0.0,0.1,0.0,0.1,0.0,0.0,0.0,0.0,0.0,0.0,0.0,0.0,0.0,0.0,0.0,0.0,0.0,0.0,0.0,0.0,0.0,0.0,0.0,0.0,0.0,0.0,9.7,0.0,3.1,1.0,7.8,1.5,1.0,1.1,0.2,2.5,2.5,1.9,0.7,0.3,0.2,0.4,0.1,1.1,0.1,0.0,0.3,0.4,0.0,0.0,0.0,0.1,0.6
65,bio0_whs1_land1_list1000_bld250,False,True,1,1000,250,109.6,3.6,28.8,8.8,45.0,11.3,10.0,7.4,6.6,26.8,28.1,25.2,26.8,18.7,50.9,40.3,12.9,118.2,2.6,4.3,11.9,15.9,0.0,15.1,15.5,28.4,16.5,0.0,0.0,0.0,0.0,0.0,0.0,0.0,0.0,0.0,0.0,0.0,0.0,0.0,0.0,0.0,0.0,0.0,0.0,0.0,0.0,0.0,0.0,0.0,0.0,0.0,0.0,0.0,18.0,0.0,0.0,0.0,0.0,0.0,0.0,0.0,0.0,0.0,0.0,1.8,0.8,6.3,0.0,0.0,0.0,0.0,0.0,0.0,0.1,0.1,0.0,0.0,0.0,0.2,0.2,0.0,0.0,0.0,0.0,0.0,0.0,0.0,0.0,0.0,0.0,0.0,0.0,0.0,0.0,0.0,0.0,0.0,0.0,0.0,0.0,0.0,0.0,0.0,0.0,0.0,0.0,0.0,1.2,0.1,0.2,0.0,1.0,0.1,0.1,0.1,0.7,0.9,1.4,1.6,2.1,1.4,6.4,7.0,1.8,31.3,0.5,0.6,2.0,4.6,0.0,5.1,5.2,8.2,3.9,14.1,0.8,4.2,0.8,4.5,1.6,1.4,1.2,1.3,2.8,2.9,3.0,5.0,2.4,14.5,10.2,2.2,32.5,0.9,1.2,2.8,3.6,0.0,4.2,4.1,6.6,3.9,1.0,0.1,0.4,0.1,0.5,0.1,0.2,0.2,0.2,0.5,0.4,0.4,0.4,0.2,0.8,0.9,0.2,2.9,0.1,0.2,0.4,0.4,0.0,0.4,0.6,0.8,0.6,75.3,2.6,24.0,7.8,38.9,9.5,8.4,5.9,4.5,22.7,23.3,18.5,18.4,8.4,29.2,22.2,8.7,51.4,1.1,2.3,6.6,7.1,0.0,5.4,5.7,12.6,7.9
66,bio0_whs1_land1_list1000_bld500,False,True,1,1000,500,109.6,3.6,28.8,8.8,45.0,11.3,10.0,7.4,6.6,26.8,28.1,25.2,26.8,18.7,50.9,40.3,12.9,118.2,2.6,4.3,11.9,15.9,0.0,15.1,15.5,28.4,16.5,0.0,0.0,0.0,0.0,0.0,0.0,0.0,0.0,0.0,0.0,0.0,0.0,0.0,0.0,0.0,0.0,0.0,0.0,0.0,0.0,0.0,0.0,0.0,0.0,0.0,0.0,0.0,18.0,0.0,0.0,0.0,0.0,0.0,0.0,0.0,0.0,0.0,0.0,1.8,0.8,6.3,0.0,0.0,0.0,0.0,0.0,0.0,0.1,0.1,0.0,0.0,0.0,0.2,0.2,0.0,0.0,0.0,0.0,0.0,0.0,0.0,0.0,0.0,0.0,0.0,0.0,0.0,0.0,0.0,0.0,0.0,0.0,0.0,0.0,0.0,0.0,0.0,0.0,0.0,0.0,0.0,1.2,0.1,0.2,0.0,1.0,0.1,0.1,0.1,0.7,0.9,1.4,1.6,2.1,1.4,6.4,7.0,1.8,31.3,0.5,0.6,2.0,4.6,0.0,5.1,5.2,8.2,3.9,45.9,3.1,12.7,3.4,17.8,5.0,4.6,3.2,4.8,13.3,13.9,12.5,16.5,7.5,36.7,26.7,8.8,75.0,1.8,3.5,7.3,8.9,0.0,9.1,9.3,16.8,9.7,0.6,0.0,0.3,0.1,0.2,0.1,0.1,0.1,0.1,0.3,0.2,0.2,0.1,0.1,0.2,0.2,0.1,0.5,0.0,0.0,0.1,0.1,0.0,0.0,0.1,0.2,0.1,43.9,0.3,15.6,5.2,25.9,6.1,5.2,4.0,1.2,12.3,12.5,9.2,7.2,3.4,7.6,6.4,2.2,11.2,0.3,0.3,2.4,2.2,0.0,0.8,1.0,3.1,2.6
67,bio0_whs1_land1_list1000_bld750,False,True,1,1000,750,109.6,3.6,28.8,8.8,45.0,11.3,10.0,7.4,6.6,26.8,28.1,25.2,26.8,18.7,50.9,40.3,12.9,118.2,2.6,4.3,11.9,15.9,0.0,15.1,15.5,28.4,16.5,0.0,0.0,0.0,0.0,0.0,0.0,0.0,0.0,0.0,0.0,0.0,0.0,0.0,0.0,0.0,0.0,0.0,0.0,0.0,0.0,0.0,0.0,0.0,0.0,0.0,0.0,0.0,18.0,0.0,0.0,0.0,0.0,0.0,0.0,0.0,0.0,0.0,0.0,1.8,0.8,6.3,0.0,0.0,0.0,0.0,0.0,0.0,0.1,0.1,0.0,0.0,0.0,0.2,0.2,0.0,0.0,0.0,0.0,0.0,0.0,0.0,0.0,0.0,0.0,0.0,0.0,0.0,0.0,0.0,0.0,0.0,0.0,0.0,0.0,0.0,0.0,0.0,0.0,0.0,0.0,0.0,1.2,0.1,0.2,0.0,1.0,0.1,0.1,0.1,0.7,0.9,1.4,1.6,2.1,1.4,6.4,7.0,1.8,31.3,0.5,0.6,2.0,4.6,0.0,5.1,5.2,8.2,3.9,64.4,3.4,19.1,5.6,26.4,7.2,6.9,4.5,5.5,19.0,19.8,16.7,20.8,9.5,42.3,31.1,10.6,82.5,1.9,3.7,8.6,10.2,0.0,9.8,10.2,19.3,10.8,0.3,0.0,0.2,0.0,0.1,0.0,0.1,0.1,0.0,0.1,0.1,0.1,0.0,0.0,0.0,0.0,0.0,0.1,0.0,0.0,0.0,0.0,0.0,0.0,0.0,0.0,0.0,25.8,0.1,9.3,3.1,17.4,3.9,3.0,2.8,0.5,6.8,6.7,5.0,3.0,1.5,2.2,2.2,0.5,4.2,0.1,0.1,1.1,0.9,0.0,0.2,0.2,0.7,1.6
68,bio0_whs1_land1_list1000_bld1000,False,True,1,1000,1000,109.6,3.6,28.8,8.8,45.0,11.3,10.0,7.4,6.6,26.8,28.1,25.2,26.8,18.7,50.9,40.3,12.9,118.2,2.6,4.3,11.9,15.9,0.0,15.1,15.5,28.4,16.5,0.0,0.0,0.0,0.0,0.0,0.0,0.0,0.0,0.0,0.0,0.0,0.0,0.0,0.0,0.0,0.0,0.0,0.0,0.0,0.0,0.0,0.0,0.0,0.0,0.0,0.0,0.0,18.0,0.0,0.0,0.0,0.0,0.0,0.0,0.0,0.0,0.0,0.0,1.8,0.8,6.3,0.0,0.0,0.0,0.0,0.0,0.0,0.1,0.1,0.0,0.0,0.0,0.2,0.2,0.0,0.0,0.0,0.0,0.0,0.0,0.0,0.0,0.0,0.0,0.0,0.0,0.0,0.0,0.0,0.0,0.0,0.0,0.0,0.0,0.0,0.0,0.0,0.0,0.0,0.0,0.0,1.2,0.1,0.2,0.0,1.0,0.1,0.1,0.1,0.7,0.9,1.4,1.6,2.1,1.4,6.4,7.0,1.8,31.3,0.5,0.6,2.0,4.6,0.0,5.1,5.2,8.2,3.9,74.4,3.4,23.0,6.9,32.1,8.7,8.2,5.4,5.7,21.8,22.5,18.7,22.3,10.3,43.8,32.4,10.9,84.7,2.0,3.7,9.1,10.5,0.0,9.9,10.3,19.8,11.4,0.2,0.0,0.1,0.0,0.1,0.0,0.1,0.0,0.0,0.1,0.1,0.0,0.0,0.0,0.0,0.0,0.0,0.0,0.0,0.0,0.0,0.0,0.0,0.0,0.0,0.0,0.0,15.8,0.0,5.5,1.8,11.7,2.4,1.7,1.8,0.3,4.1,4.1,3.1,1.4,0.7,0.8,0.9,0.2,2.1,0.1,0.0,0.6,0.6,0.0,0.0,0.0,0.3,1.0
69,bio0_whs1_land1_list1000_bld1250,False,True,1,1000,1250,109.6,3.6,28.8,8.8,45.0,11.3,10.0,7.4,6.6,26.8,28.1,25.2,26.8,18.7,50.9,40.3,12.9,118.2,2.6,4.3,11.9,15.9,0.0,15.1,15.5,28.4,16.5,0.0,0.0,0.0,0.0,0.0,0.0,0.0,0.0,0.0,0.0,0.0,0.0,0.0,0.0,0.0,0.0,0.0,0.0,0.0,0.0,0.0,0.0,0.0,0.0,0.0,0.0,0.0,18.0,0.0,0.0,0.0,0.0,0.0,0.0,0.0,0.0,0.0,0.0,1.8,0.8,6.3,0.0,0.0,0.0,0.0,0.0,0.0,0.1,0.1,0.0,0.0,0.0,0.2,0.2,0.0,0.0,0.0,0.0,0.0,0.0,0.0,0.0,0.0,0.0,0.0,0.0,0.0,0.0,0.0,0.0,0.0,0.0,0.0,0.0,0.0,0.0,0.0,0.0,0.0,0.0,0.0,1.2,0.1,0.2,0.0,1.0,0.1,0.1,0.1,0.7,0.9,1.4,1.6,2.1,1.4,6.4,7.0,1.8,31.3,0.5,0.6,2.0,4.6,0.0,5.1,5.2,8.2,3.9,80.6,3.4,25.4,7.7,36.0,9.7,8.9,6.1,5.8,23.4,24.0,19.9,23.1,10.7,44.3,32.9,11.0,85.7,2.0,3.8,9.4,10.7,0.0,9.9,10.4,20.0,11.8,0.1,0.0,0.1,0.0,0.1,0.0,0.0,0.0,0.0,0.0,0.0,0.0,0.0,0.0,0.0,0.0,0.0,0.0,0.0,0.0,0.0,0.0,0.0,0.0,0.0,0.0,0.0,9.7,0.0,3.1,1.0,7.8,1.5,1.0,1.1,0.2,2.5,2.5,1.9,0.7,0.3,0.2,0.4,0.1,1.1,0.1,0.0,0.3,0.4,0.0,0.0,0.0,0.1,0.6
70,bio0_whs1_land1_list1500_bld250,False,True,1,1500,250,109.6,3.6,28.8,8.8,45.0,11.3,10.0,7.4,6.6,26.8,28.1,25.2,26.8,18.7,50.9,40.3,12.9,118.2,2.6,4.3,11.9,15.9,0.0,15.1,15.5,28.4,16.5,0.0,0.0,0.0,0.0,0.0,0.0,0.0,0.0,0.0,0.0,0.0,0.0,0.0,0.0,0.0,0.0,0.0,0.0,0.0,0.0,0.0,0.0,0.0,0.0,0.0,0.0,0.0,18.0,0.0,0.0,0.0,0.0,0.0,0.0,0.0,0.0,0.0,0.0,1.8,0.8,6.3,0.0,0.0,0.0,0.0,0.0,0.0,0.1,0.1,0.0,0.0,0.0,0.2,0.2,0.0,0.0,0.0,0.0,0.0,0.0,0.0,0.0,0.0,0.0,0.0,0.0,0.0,0.0,0.0,0.0,0.0,0.0,0.0,0.0,0.0,0.0,0.0,0.0,0.0,0.0,0.0,2.8,0.3,0.4,0.1,2.5,0.3,0.2,0.3,1.5,2.3,3.4,3.8,4.7,3.1,14.5,15.1,3.8,61.9,1.0,1.2,3.9,9.2,0.0,9.1,9.8,15.6,7.2,13.7,0.7,4.2,0.8,4.2,1.5,1.4,1.2,1.1,2.5,2.5,2.5,4.3,1.9,11.3,7.1,1.6,18.9,0.6,1.0,2.0,1.9,0.0,2.4,2.2,3.7,2.6,0.9,0.1,0.4,0.1,0.4,0.1,0.2,0.1,0.2,0.4,0.4,0.3,0.3,0.2,0.7,0.6,0.1,2.0,0.1,0.2,0.3,0.2,0.0,0.2,0.3,0.5,0.4,74.1,2.4,23.7,7.8,37.9,9.3,8.3,5.8,3.9,21.6,21.7,16.9,16.6,7.3,24.4,17.6,7.4,35.4,0.9,2.0,5.6,4.4,0.0,3.4,3.2,8.4,6.0
71,bio0_whs1_land1_list1500_bld500,False,True,1,1500,500,109.6,3.6,28.8,8.8,45.0,11.3,10.0,7.4,6.6,26.8,28.1,25.2,26.8,18.7,50.9,40.3,12.9,118.2,2.6,4.3,11.9,15.9,0.0,15.1,15.5,28.4,16.5,0.0,0.0,0.0,0.0,0.0,0.0,0.0,0.0,0.0,0.0,0.0,0.0,0.0,0.0,0.0,0.0,0.0,0.0,0.0,0.0,0.0,0.0,0.0,0.0,0.0,0.0,0.0,18.0,0.0,0.0,0.0,0.0,0.0,0.0,0.0,0.0,0.0,0.0,1.8,0.8,6.3,0.0,0.0,0.0,0.0,0.0,0.0,0.1,0.1,0.0,0.0,0.0,0.2,0.2,0.0,0.0,0.0,0.0,0.0,0.0,0.0,0.0,0.0,0.0,0.0,0.0,0.0,0.0,0.0,0.0,0.0,0.0,0.0,0.0,0.0,0.0,0.0,0.0,0.0,0.0,0.0,2.8,0.3,0.4,0.1,2.5,0.3,0.2,0.3,1.5,2.3,3.4,3.8,4.7,3.1,14.5,15.1,3.8,61.9,1.0,1.2,3.9,9.2,0.0,9.1,9.8,15.6,7.2,44.6,2.9,12.6,3.4,16.6,4.8,4.6,3.0,4.0,12.2,12.4,10.6,14.2,6.1,29.2,19.4,7.0,46.0,1.3,2.9,5.6,4.8,0.0,5.3,5.0,10.1,6.6,0.6,0.0,0.3,0.1,0.2,0.1,0.1,0.1,0.0,0.2,0.2,0.2,0.1,0.1,0.2,0.2,0.1,0.4,0.0,0.0,0.1,0.1,0.0,0.0,0.0,0.1,0.0,43.6,0.3,15.5,5.2,25.7,6.1,5.1,4.0,1.1,12.0,12.1,8.8,6.9,3.2,7.1,5.7,2.0,9.9,0.3,0.3,2.2,1.7,0.0,0.7,0.7,2.4,2.5
72,bio0_whs1_land1_list1500_bld750,False,True,1,1500,750,109.6,3.6,28.8,8.8,45.0,11.3,10.0,7.4,6.6,26.8,28.1,25.2,26.8,18.7,50.9,40.3,12.9,118.2,2.6,4.3,11.9,15.9,0.0,15.1,15.5,28.4,16.5,0.0,0.0,0.0,0.0,0.0,0.0,0.0,0.0,0.0,0.0,0.0,0.0,0.0,0.0,0.0,0.0,0.0,0.0,0.0,0.0,0.0,0.0,0.0,0.0,0.0,0.0,0.0,18.0,0.0,0.0,0.0,0.0,0.0,0.0,0.0,0.0,0.0,0.0,1.8,0.8,6.3,0.0,0.0,0.0,0.0,0.0,0.0,0.1,0.1,0.0,0.0,0.0,0.2,0.2,0.0,0.0,0.0,0.0,0.0,0.0,0.0,0.0,0.0,0.0,0.0,0.0,0.0,0.0,0.0,0.0,0.0,0.0,0.0,0.0,0.0,0.0,0.0,0.0,0.0,0.0,0.0,2.8,0.3,0.4,0.1,2.5,0.3,0.2,0.3,1.5,2.3,3.4,3.8,4.7,3.1,14.5,15.1,3.8,61.9,1.0,1.2,3.9,9.2,0.0,9.1,9.8,15.6,7.2,62.8,3.2,18.9,5.6,25.1,7.0,6.8,4.3,4.7,17.7,18.0,14.6,18.2,7.9,34.2,23.1,8.6,52.1,1.4,3.1,6.8,5.7,0.0,5.8,5.5,12.0,7.5,0.3,0.0,0.2,0.0,0.1,0.0,0.1,0.1,0.0,0.1,0.1,0.1,0.0,0.0,0.0,0.0,0.0,0.1,0.0,0.0,0.0,0.0,0.0,0.0,0.0,0.0,0.0,25.7,0.1,9.2,3.1,17.3,3.9,2.9,2.7,0.5,6.7,6.6,5.0,3.0,1.4,2.2,2.1,0.5,4.1,0.1,0.1,1.1,0.9,0.0,0.2,0.1,0.7,1.5
73,bio0_whs1_land1_list1500_bld1000,False,True,1,1500,1000,109.6,3.6,28.8,8.8,45.0,11.3,10.0,7.4,6.6,26.8,28.1,25.2,26.8,18.7,50.9,40.3,12.9,118.2,2.6,4.3,11.9,15.9,0.0,15.1,15.5,28.4,16.5,0.0,0.0,0.0,0.0,0.0,0.0,0.0,0.0,0.0,0.0,0.0,0.0,0.0,0.0,0.0,0.0,0.0,0.0,0.0,0.0,0.0,0.0,0.0,0.0,0.0,0.0,0.0,18.0,0.0,0.0,0.0,0.0,0.0,0.0,0.0,0.0,0.0,0.0,1.8,0.8,6.3,0.0,0.0,0.0,0.0,0.0,0.0,0.1,0.1,0.0,0.0,0.0,0.2,0.2,0.0,0.0,0.0,0.0,0.0,0.0,0.0,0.0,0.0,0.0,0.0,0.0,0.0,0.0,0.0,0.0,0.0,0.0,0.0,0.0,0.0,0.0,0.0,0.0,0.0,0.0,0.0,2.8,0.3,0.4,0.1,2.5,0.3,0.2,0.3,1.5,2.3,3.4,3.8,4.7,3.1,14.5,15.1,3.8,61.9,1.0,1.2,3.9,9.2,0.0,9.1,9.8,15.6,7.2,72.9,3.2,22.7,6.9,30.7,8.5,8.1,5.2,4.9,20.4,20.6,16.5,19.8,8.7,35.6,24.4,8.9,54.2,1.5,3.2,7.3,6.0,0.0,5.9,5.7,12.4,8.0,0.2,0.0,0.1,0.0,0.1,0.0,0.1,0.0,0.0,0.1,0.1,0.0,0.0,0.0,0.0,0.0,0.0,0.0,0.0,0.0,0.0,0.0,0.0,0.0,0.0,0.0,0.0,15.7,0.0,5.4,1.8,11.7,2.4,1.7,1.8,0.3,4.1,4.0,3.1,1.4,0.7,0.8,0.9,0.2,2.1,0.1,0.0,0.6,0.5,0.0,0.0,0.0,0.2,1.0
74,bio0_whs1_land1_list1500_bld1250,False,True,1,1500,1250,109.6,3.6,28.8,8.8,45.0,11.3,10.0,7.4,6.6,26.8,28.1,25.2,26.8,18.7,50.9,40.3,12.9,118.2,2.6,4.3,11.9,15.9,0.0,15.1,15.5,28.4,16.5,0.0,0.0,0.0,0.0,0.0,0.0,0.0,0.0,0.0,0.0,0.0,0.0,0.0,0.0,0.0,0.0,0.0,0.0,0.0,0.0,0.0,0.0,0.0,0.0,0.0,0.0,0.0,18.0,0.0,0.0,0.0,0.0,0.0,0.0,0.0,0.0,0.0,0.0,1.8,0.8,6.3,0.0,0.0,0.0,0.0,0.0,0.0,0.1,0.1,0.0,0.0,0.0,0.2,0.2,0.0,0.0,0.0,0.0,0.0,0.0,0.0,0.0,0.0,0.0,0.0,0.0,0.0,0.0,0.0,0.0,0.0,0.0,0.0,0.0,0.0,0.0,0.0,0.0,0.0,0.0,0.0,2.8,0.3,0.4,0.1,2.5,0.3,0.2,0.3,1.5,2.3,3.4,3.8,4.7,3.1,14.5,15.1,3.8,61.9,1.0,1.2,3.9,9.2,0.0,9.1,9.8,15.6,7.2,79.0,3.3,25.1,7.6,34.6,9.5,8.8,5.9,5.0,22.0,22.1,17.7,20.5,9.1,36.2,24.9,9.0,55.2,1.5,3.2,7.5,6.2,0.0,5.9,5.7,12.6,8.4,0.1,0.0,0.1,0.0,0.1,0.0,0.0,0.0,0.0,0.0,0.0,0.0,0.0,0.0,0.0,0.0,0.0,0.0,0.0,0.0,0.0,0.0,0.0,0.0,0.0,0.0,0.0,9.7,0.0,3.1,1.0,7.8,1.5,1.0,1.1,0.2,2.5,2.5,1.9,0.7,0.3,0.2,0.4,0.1,1.1,0.1,0.0,0.3,0.4,0.0,0.0,0.0,0.1,0.6
75,bio0_whs1_land2_list500_bld250,False,True,2,500,250,109.6,3.6,28.8,8.8,45.0,11.3,10.0,7.4,6.6,26.8,28.1,25.2,26.8,18.7,50.9,40.3,12.9,118.2,2.6,4.3,11.9,15.9,0.0,15.1,15.5,28.4,16.5,0.0,0.0,0.0,0.0,0.0,0.0,0.0,0.0,0.0,0.0,0.0,0.0,0.0,0.0,0.0,0.0,0.0,0.0,0.0,0.0,0.0,0.0,0.0,0.0,0.0,0.0,0.0,18.0,0.0,0.0,0.0,0.0,0.0,0.0,0.0,0.0,0.0,0.0,1.8,0.8,6.3,0.0,0.0,0.0,0.0,0.0,0.0,0.1,0.1,0.0,0.0,0.0,0.2,0.2,6.0,0.0,0.0,0.0,18.6,1.6,0.0,2.6,0.0,0.0,0.2,4.4,1.7,4.4,13.1,9.7,0.0,4.6,0.4,1.7,4.1,0.0,0.0,0.0,2.4,4.5,4.2,0.2,0.0,0.0,0.0,0.2,0.0,0.0,0.0,0.1,0.1,0.3,0.2,0.4,0.2,0.9,1.1,0.3,5.6,0.1,0.1,0.4,0.8,0.0,1.1,0.9,1.4,0.7,13.6,0.8,4.3,0.8,3.2,1.4,1.4,0.8,1.5,3.0,3.1,3.0,5.3,2.1,14.0,10.7,2.7,43.9,1.0,0.9,2.9,5.3,0.0,6.2,5.4,8.6,4.7,1.0,0.1,0.4,0.1,0.4,0.1,0.2,0.1,0.2,0.5,0.5,0.4,0.4,0.2,0.8,0.9,0.2,3.5,0.1,0.2,0.4,0.5,0.0,0.5,0.6,0.9,0.8,70.7,2.6,24.1,7.9,22.6,8.2,8.4,3.9,4.9,23.3,24.1,15.5,18.1,5.5,22.0,17.8,9.7,60.7,1.0,1.5,4.0,9.1,0.0,7.3,6.2,12.9,5.8
76,bio0_whs1_land2_list500_bld500,False,True,2,500,500,109.6,3.6,28.8,8.8,45.0,11.3,10.0,7.4,6.6,26.8,28.1,25.2,26.8,18.7,50.9,40.3,12.9,118.2,2.6,4.3,11.9,15.9,0.0,15.1,15.5,28.4,16.5,0.0,0.0,0.0,0.0,0.0,0.0,0.0,0.0,0.0,0.0,0.0,0.0,0.0,0.0,0.0,0.0,0.0,0.0,0.0,0.0,0.0,0.0,0.0,0.0,0.0,0.0,0.0,18.0,0.0,0.0,0.0,0.0,0.0,0.0,0.0,0.0,0.0,0.0,1.8,0.8,6.3,0.0,0.0,0.0,0.0,0.0,0.0,0.1,0.1,0.0,0.0,0.0,0.2,0.2,6.0,0.0,0.0,0.0,18.6,1.6,0.0,2.6,0.0,0.0,0.2,4.4,1.7,4.4,13.1,9.7,0.0,4.6,0.4,1.7,4.1,0.0,0.0,0.0,2.4,4.5,4.2,0.2,0.0,0.0,0.0,0.2,0.0,0.0,0.0,0.1,0.1,0.3,0.2,0.4,0.2,0.9,1.1,0.3,5.6,0.1,0.1,0.4,0.8,0.0,1.1,0.9,1.4,0.7,44.4,3.2,12.8,3.5,13.2,4.5,4.7,2.2,5.3,14.0,14.8,12.1,17.3,6.1,33.0,26.2,10.3,97.1,2.0,2.4,6.8,12.5,0.0,13.0,11.4,20.0,10.9,0.6,0.0,0.3,0.1,0.2,0.1,0.1,0.1,0.1,0.3,0.2,0.2,0.1,0.0,0.2,0.2,0.1,0.6,0.0,0.0,0.0,0.1,0.0,0.1,0.1,0.2,0.1,40.4,0.3,15.6,5.2,12.9,5.1,5.2,2.5,1.2,12.4,12.6,6.5,6.4,1.7,3.7,3.1,2.3,10.4,0.1,0.1,0.4,2.3,0.0,0.9,0.8,2.2,0.3
77,bio0_whs1_land2_list500_bld750,False,True,2,500,750,109.6,3.6,28.8,8.8,45.0,11.3,10.0,7.4,6.6,26.8,28.1,25.2,26.8,18.7,50.9,40.3,12.9,118.2,2.6,4.3,11.9,15.9,0.0,15.1,15.5,28.4,16.5,0.0,0.0,0.0,0.0,0.0,0.0,0.0,0.0,0.0,0.0,0.0,0.0,0.0,0.0,0.0,0.0,0.0,0.0,0.0,0.0,0.0,0.0,0.0,0.0,0.0,0.0,0.0,18.0,0.0,0.0,0.0,0.0,0.0,0.0,0.0,0.0,0.0,0.0,1.8,0.8,6.3,0.0,0.0,0.0,0.0,0.0,0.0,0.1,0.1,0.0,0.0,0.0,0.2,0.2,6.0,0.0,0.0,0.0,18.6,1.6,0.0,2.6,0.0,0.0,0.2,4.4,1.7,4.4,13.1,9.7,0.0,4.6,0.4,1.7,4.1,0.0,0.0,0.0,2.4,4.5,4.2,0.2,0.0,0.0,0.0,0.2,0.0,0.0,0.0,0.1,0.1,0.3,0.2,0.4,0.2,0.9,1.1,0.3,5.6,0.1,0.1,0.4,0.8,0.0,1.1,0.9,1.4,0.7,61.6,3.5,19.2,5.6,18.1,6.4,7.0,3.1,6.0,19.8,20.8,15.4,21.4,7.2,36.0,28.8,12.1,104.5,2.1,2.5,7.2,13.9,0.0,13.8,12.1,22.0,11.3,0.3,0.0,0.2,0.0,0.1,0.0,0.1,0.0,0.0,0.1,0.1,0.1,0.0,0.0,0.0,0.0,0.0,0.1,0.0,0.0,0.0,0.0,0.0,0.0,0.0,0.0,0.0,23.5,0.1,9.3,3.1,8.0,3.2,2.9,1.6,0.5,6.8,6.7,3.3,2.4,0.7,0.8,0.6,0.5,3.5,0.0,0.0,0.1,0.9,0.0,0.2,0.1,0.3,0.0
78,bio0_whs1_land2_list500_bld1000,False,True,2,500,1000,109.6,3.6,28.8,8.8,45.0,11.3,10.0,7.4,6.6,26.8,28.1,25.2,26.8,18.7,50.9,40.3,12.9,118.2,2.6,4.3,11.9,15.9,0.0,15.1,15.5,28.4,16.5,0.0,0.0,0.0,0.0,0.0,0.0,0.0,0.0,0.0,0.0,0.0,0.0,0.0,0.0,0.0,0.0,0.0,0.0,0.0,0.0,0.0,0.0,0.0,0.0,0.0,0.0,0.0,18.0,0.0,0.0,0.0,0.0,0.0,0.0,0.0,0.0,0.0,0.0,1.8,0.8,6.3,0.0,0.0,0.0,0.0,0.0,0.0,0.1,0.1,0.0,0.0,0.0,0.2,0.2,6.0,0.0,0.0,0.0,18.6,1.6,0.0,2.6,0.0,0.0,0.2,4.4,1.7,4.4,13.1,9.7,0.0,4.6,0.4,1.7,4.1,0.0,0.0,0.0,2.4,4.5,4.2,0.2,0.0,0.0,0.0,0.2,0.0,0.0,0.0,0.1,0.1,0.3,0.2,0.4,0.2,0.9,1.1,0.3,5.6,0.1,0.1,0.4,0.8,0.0,1.1,0.9,1.4,0.7,70.8,3.5,23.1,7.0,21.0,7.7,8.3,3.7,6.2,22.5,23.5,16.7,22.7,7.5,36.5,29.2,12.4,106.3,2.1,2.5,7.2,14.3,0.0,13.9,12.2,22.3,11.3,0.2,0.0,0.1,0.0,0.1,0.0,0.1,0.0,0.0,0.1,0.1,0.0,0.0,0.0,0.0,0.0,0.0,0.0,0.0,0.0,0.0,0.0,0.0,0.0,0.0,0.0,0.0,14.3,0.0,5.5,1.8,5.2,2.0,1.7,1.0,0.3,4.1,4.1,2.1,1.1,0.3,0.3,0.2,0.2,1.7,0.0,0.0,0.0,0.6,0.0,0.0,0.0,0.1,0.0
79,bio0_whs1_land2_list500_bld1250,False,True,2,500,1250,109.6,3.6,28.8,8.8,45.0,11.3,10.0,7.4,6.6,26.8,28.1,25.2,26.8,18.7,50.9,40.3,12.9,118.2,2.6,4.3,11.9,15.9,0.0,15.1,15.5,28.4,16.5,0.0,0.0,0.0,0.0,0.0,0.0,0.0,0.0,0.0,0.0,0.0,0.0,0.0,0.0,0.0,0.0,0.0,0.0,0.0,0.0,0.0,0.0,0.0,0.0,0.0,0.0,0.0,18.0,0.0,0.0,0.0,0.0,0.0,0.0,0.0,0.0,0.0,0.0,1.8,0.8,6.3,0.0,0.0,0.0,0.0,0.0,0.0,0.1,0.1,0.0,0.0,0.0,0.2,0.2,6.0,0.0,0.0,0.0,18.6,1.6,0.0,2.6,0.0,0.0,0.2,4.4,1.7,4.4,13.1,9.7,0.0,4.6,0.4,1.7,4.1,0.0,0.0,0.0,2.4,4.5,4.2,0.2,0.0,0.0,0.0,0.2,0.0,0.0,0.0,0.1,0.1,0.3,0.2,0.4,0.2,0.9,1.1,0.3,5.6,0.1,0.1,0.4,0.8,0.0,1.1,0.9,1.4,0.7,76.4,3.5,25.5,7.7,22.8,8.4,9.0,4.2,6.4,24.2,25.1,17.4,23.3,7.7,36.7,29.4,12.5,107.1,2.1,2.5,7.3,14.5,0.0,13.9,12.2,22.3,11.3,0.1,0.0,0.1,0.0,0.0,0.0,0.0,0.0,0.0,0.0,0.0,0.0,0.0,0.0,0.0,0.0,0.0,0.0,0.0,0.0,0.0,0.0,0.0,0.0,0.0,0.0,0.0,8.8,0.0,3.1,1.0,3.4,1.2,1.0,0.6,0.2,2.5,2.5,1.4,0.5,0.2,0.1,0.1,0.1,0.9,0.0,0.0,0.0,0.4,0.0,0.0,0.0,0.0,0.0
80,bio0_whs1_land2_list1000_bld250,False,True,2,1000,250,109.6,3.6,28.8,8.8,45.0,11.3,10.0,7.4,6.6,26.8,28.1,25.2,26.8,18.7,50.9,40.3,12.9,118.2,2.6,4.3,11.9,15.9,0.0,15.1,15.5,28.4,16.5,0.0,0.0,0.0,0.0,0.0,0.0,0.0,0.0,0.0,0.0,0.0,0.0,0.0,0.0,0.0,0.0,0.0,0.0,0.0,0.0,0.0,0.0,0.0,0.0,0.0,0.0,0.0,18.0,0.0,0.0,0.0,0.0,0.0,0.0,0.0,0.0,0.0,0.0,1.8,0.8,6.3,0.0,0.0,0.0,0.0,0.0,0.0,0.1,0.1,0.0,0.0,0.0,0.2,0.2,6.0,0.0,0.0,0.0,18.6,1.6,0.0,2.6,0.0,0.0,0.2,4.4,1.7,4.4,13.1,9.7,0.0,4.6,0.4,1.7,4.1,0.0,0.0,0.0,2.4,4.5,4.2,1.1,0.1,0.2,0.0,1.0,0.1,0.1,0.1,0.7,0.9,1.4,1.5,2.1,1.0,5.6,6.4,1.8,30.6,0.5,0.3,1.7,4.6,0.0,5.1,4.4,7.5,3.4,13.4,0.8,4.2,0.8,3.0,1.4,1.4,0.8,1.3,2.8,2.9,2.7,4.8,1.8,12.0,8.5,2.2,31.7,0.8,0.8,2.3,3.6,0.0,4.2,3.7,5.8,3.6,1.0,0.1,0.4,0.1,0.4,0.1,0.2,0.1,0.2,0.5,0.4,0.4,0.4,0.2,0.7,0.7,0.2,2.8,0.1,0.2,0.3,0.4,0.0,0.4,0.5,0.7,0.6,70.0,2.6,24.0,7.8,22.0,8.1,8.4,3.8,4.5,22.7,23.2,14.6,17.0,5.0,19.5,15.0,8.7,48.4,0.8,1.3,3.3,7.1,0.0,5.4,4.5,9.7,4.5
81,bio0_whs1_land2_list1000_bld500,False,True,2,1000,500,109.6,3.6,28.8,8.8,45.0,11.3,10.0,7.4,6.6,26.8,28.1,25.2,26.8,18.7,50.9,40.3,12.9,118.2,2.6,4.3,11.9,15.9,0.0,15.1,15.5,28.4,16.5,0.0,0.0,0.0,0.0,0.0,0.0,0.0,0.0,0.0,0.0,0.0,0.0,0.0,0.0,0.0,0.0,0.0,0.0,0.0,0.0,0.0,0.0,0.0,0.0,0.0,0.0,0.0,18.0,0.0,0.0,0.0,0.0,0.0,0.0,0.0,0.0,0.0,0.0,1.8,0.8,6.3,0.0,0.0,0.0,0.0,0.0,0.0,0.1,0.1,0.0,0.0,0.0,0.2,0.2,6.0,0.0,0.0,0.0,18.6,1.6,0.0,2.6,0.0,0.0,0.2,4.4,1.7,4.4,13.1,9.7,0.0,4.6,0.4,1.7,4.1,0.0,0.0,0.0,2.4,4.5,4.2,1.1,0.1,0.2,0.0,1.0,0.1,0.1,0.1,0.7,0.9,1.4,1.5,2.1,1.0,5.6,6.4,1.8,30.6,0.5,0.3,1.7,4.6,0.0,5.1,4.4,7.5,3.4,43.6,3.1,12.7,3.4,12.5,4.4,4.6,2.2,4.8,13.3,13.8,11.0,15.7,5.3,28.5,21.2,8.8,72.7,1.6,2.2,5.4,8.9,0.0,9.1,8.0,14.2,8.3,0.5,0.0,0.3,0.1,0.2,0.1,0.1,0.1,0.1,0.3,0.2,0.2,0.1,0.0,0.2,0.1,0.1,0.5,0.0,0.0,0.0,0.1,0.0,0.0,0.1,0.1,0.1,40.3,0.3,15.6,5.2,12.8,5.1,5.2,2.5,1.2,12.3,12.4,6.4,6.3,1.6,3.5,2.8,2.2,9.8,0.1,0.1,0.4,2.2,0.0,0.8,0.7,2.0,0.3
82,bio0_whs1_land2_list1000_bld750,False,True,2,1000,750,109.6,3.6,28.8,8.8,45.0,11.3,10.0,7.4,6.6,26.8,28.1,25.2,26.8,18.7,50.9,40.3,12.9,118.2,2.6,4.3,11.9,15.9,0.0,15.1,15.5,28.4,16.5,0.0,0.0,0.0,0.0,0.0,0.0,0.0,0.0,0.0,0.0,0.0,0.0,0.0,0.0,0.0,0.0,0.0,0.0,0.0,0.0,0.0,0.0,0.0,0.0,0.0,0.0,0.0,18.0,0.0,0.0,0.0,0.0,0.0,0.0,0.0,0.0,0.0,0.0,1.8,0.8,6.3,0.0,0.0,0.0,0.0,0.0,0.0,0.1,0.1,0.0,0.0,0.0,0.2,0.2,6.0,0.0,0.0,0.0,18.6,1.6,0.0,2.6,0.0,0.0,0.2,4.4,1.7,4.4,13.1,9.7,0.0,4.6,0.4,1.7,4.1,0.0,0.0,0.0,2.4,4.5,4.2,1.1,0.1,0.2,0.0,1.0,0.1,0.1,0.1,0.7,0.9,1.4,1.5,2.1,1.0,5.6,6.4,1.8,30.6,0.5,0.3,1.7,4.6,0.0,5.1,4.4,7.5,3.4,60.7,3.4,19.1,5.6,17.3,6.3,6.9,3.1,5.5,19.0,19.7,14.2,19.7,6.3,31.3,23.6,10.6,79.4,1.7,2.3,5.8,10.2,0.0,9.8,8.6,15.9,8.6,0.3,0.0,0.2,0.0,0.1,0.0,0.1,0.0,0.0,0.1,0.1,0.1,0.0,0.0,0.0,0.0,0.0,0.1,0.0,0.0,0.0,0.0,0.0,0.0,0.0,0.0,0.0,23.5,0.1,9.3,3.1,8.0,3.2,2.9,1.6,0.5,6.8,6.7,3.3,2.4,0.7,0.8,0.6,0.5,3.5,0.0,0.0,0.1,0.9,0.0,0.2,0.1,0.3,0.0
83,bio0_whs1_land2_list1000_bld1000,False,True,2,1000,1000,109.6,3.6,28.8,8.8,45.0,11.3,10.0,7.4,6.6,26.8,28.1,25.2,26.8,18.7,50.9,40.3,12.9,118.2,2.6,4.3,11.9,15.9,0.0,15.1,15.5,28.4,16.5,0.0,0.0,0.0,0.0,0.0,0.0,0.0,0.0,0.0,0.0,0.0,0.0,0.0,0.0,0.0,0.0,0.0,0.0,0.0,0.0,0.0,0.0,0.0,0.0,0.0,0.0,0.0,18.0,0.0,0.0,0.0,0.0,0.0,0.0,0.0,0.0,0.0,0.0,1.8,0.8,6.3,0.0,0.0,0.0,0.0,0.0,0.0,0.1,0.1,0.0,0.0,0.0,0.2,0.2,6.0,0.0,0.0,0.0,18.6,1.6,0.0,2.6,0.0,0.0,0.2,4.4,1.7,4.4,13.1,9.7,0.0,4.6,0.4,1.7,4.1,0.0,0.0,0.0,2.4,4.5,4.2,1.1,0.1,0.2,0.0,1.0,0.1,0.1,0.1,0.7,0.9,1.4,1.5,2.1,1.0,5.6,6.4,1.8,30.6,0.5,0.3,1.7,4.6,0.0,5.1,4.4,7.5,3.4,69.9,3.4,23.0,6.9,20.2,7.6,8.2,3.7,5.7,21.8,22.3,15.4,21.0,6.7,31.9,24.0,10.9,81.2,1.7,2.3,5.9,10.5,0.0,9.9,8.7,16.2,8.6,0.2,0.0,0.1,0.0,0.1,0.0,0.1,0.0,0.0,0.1,0.1,0.0,0.0,0.0,0.0,0.0,0.0,0.0,0.0,0.0,0.0,0.0,0.0,0.0,0.0,0.0,0.0,14.3,0.0,5.5,1.8,5.2,2.0,1.7,1.0,0.3,4.1,4.1,2.1,1.1,0.3,0.3,0.2,0.2,1.7,0.0,0.0,0.0,0.6,0.0,0.0,0.0,0.1,0.0
84,bio0_whs1_land2_list1000_bld1250,False,True,2,1000,1250,109.6,3.6,28.8,8.8,45.0,11.3,10.0,7.4,6.6,26.8,28.1,25.2,26.8,18.7,50.9,40.3,12.9,118.2,2.6,4.3,11.9,15.9,0.0,15.1,15.5,28.4,16.5,0.0,0.0,0.0,0.0,0.0,0.0,0.0,0.0,0.0,0.0,0.0,0.0,0.0,0.0,0.0,0.0,0.0,0.0,0.0,0.0,0.0,0.0,0.0,0.0,0.0,0.0,0.0,18.0,0.0,0.0,0.0,0.0,0.0,0.0,0.0,0.0,0.0,0.0,1.8,0.8,6.3,0.0,0.0,0.0,0.0,0.0,0.0,0.1,0.1,0.0,0.0,0.0,0.2,0.2,6.0,0.0,0.0,0.0,18.6,1.6,0.0,2.6,0.0,0.0,0.2,4.4,1.7,4.4,13.1,9.7,0.0,4.6,0.4,1.7,4.1,0.0,0.0,0.0,2.4,4.5,4.2,1.1,0.1,0.2,0.0,1.0,0.1,0.1,0.1,0.7,0.9,1.4,1.5,2.1,1.0,5.6,6.4,1.8,30.6,0.5,0.3,1.7,4.6,0.0,5.1,4.4,7.5,3.4,75.5,3.4,25.4,7.7,22.0,8.3,8.9,4.1,5.8,23.4,23.9,16.2,21.6,6.8,32.1,24.1,11.0,82.1,1.7,2.3,5.9,10.7,0.0,9.9,8.7,16.2,8.6,0.1,0.0,0.1,0.0,0.0,0.0,0.0,0.0,0.0,0.0,0.0,0.0,0.0,0.0,0.0,0.0,0.0,0.0,0.0,0.0,0.0,0.0,0.0,0.0,0.0,0.0,0.0,8.8,0.0,3.1,1.0,3.4,1.2,1.0,0.6,0.2,2.5,2.5,1.4,0.5,0.2,0.1,0.1,0.1,0.9,0.0,0.0,0.0,0.4,0.0,0.0,0.0,0.0,0.0
85,bio0_whs1_land2_list1500_bld250,False,True,2,1500,250,109.6,3.6,28.8,8.8,45.0,11.3,10.0,7.4,6.6,26.8,28.1,25.2,26.8,18.7,50.9,40.3,12.9,118.2,2.6,4.3,11.9,15.9,0.0,15.1,15.5,28.4,16.5,0.0,0.0,0.0,0.0,0.0,0.0,0.0,0.0,0.0,0.0,0.0,0.0,0.0,0.0,0.0,0.0,0.0,0.0,0.0,0.0,0.0,0.0,0.0,0.0,0.0,0.0,0.0,18.0,0.0,0.0,0.0,0.0,0.0,0.0,0.0,0.0,0.0,0.0,1.8,0.8,6.3,0.0,0.0,0.0,0.0,0.0,0.0,0.1,0.1,0.0,0.0,0.0,0.2,0.2,6.0,0.0,0.0,0.0,18.6,1.6,0.0,2.6,0.0,0.0,0.2,4.4,1.7,4.4,13.1,9.7,0.0,4.6,0.4,1.7,4.1,0.0,0.0,0.0,2.4,4.5,4.2,2.6,0.3,0.4,0.1,2.3,0.3,0.2,0.2,1.5,2.3,3.4,3.4,4.6,2.2,12.7,13.5,3.8,60.3,1.0,0.7,3.3,9.2,0.0,9.1,8.5,14.2,6.4,13.1,0.7,4.2,0.8,2.7,1.3,1.4,0.8,1.1,2.5,2.5,2.2,4.1,1.4,9.0,5.6,1.6,18.4,0.6,0.6,1.6,1.9,0.0,2.4,2.0,3.2,2.3,0.9,0.1,0.4,0.1,0.3,0.1,0.2,0.1,0.2,0.4,0.4,0.3,0.3,0.2,0.6,0.5,0.1,1.9,0.1,0.1,0.2,0.2,0.0,0.2,0.3,0.4,0.4,69.0,2.4,23.7,7.8,21.1,7.9,8.3,3.7,3.9,21.6,21.6,13.1,15.2,4.3,15.5,10.9,7.4,32.9,0.6,1.1,2.5,4.4,0.0,3.4,2.4,6.0,3.0
86,bio0_whs1_land2_list1500_bld500,False,True,2,1500,500,109.6,3.6,28.8,8.8,45.0,11.3,10.0,7.4,6.6,26.8,28.1,25.2,26.8,18.7,50.9,40.3,12.9,118.2,2.6,4.3,11.9,15.9,0.0,15.1,15.5,28.4,16.5,0.0,0.0,0.0,0.0,0.0,0.0,0.0,0.0,0.0,0.0,0.0,0.0,0.0,0.0,0.0,0.0,0.0,0.0,0.0,0.0,0.0,0.0,0.0,0.0,0.0,0.0,0.0,18.0,0.0,0.0,0.0,0.0,0.0,0.0,0.0,0.0,0.0,0.0,1.8,0.8,6.3,0.0,0.0,0.0,0.0,0.0,0.0,0.1,0.1,0.0,0.0,0.0,0.2,0.2,6.0,0.0,0.0,0.0,18.6,1.6,0.0,2.6,0.0,0.0,0.2,4.4,1.7,4.4,13.1,9.7,0.0,4.6,0.4,1.7,4.1,0.0,0.0,0.0,2.4,4.5,4.2,2.6,0.3,0.4,0.1,2.3,0.3,0.2,0.2,1.5,2.3,3.4,3.4,4.6,2.2,12.7,13.5,3.8,60.3,1.0,0.7,3.3,9.2,0.0,9.1,8.5,14.2,6.4,42.3,2.9,12.6,3.4,11.3,4.2,4.6,2.1,4.0,12.2,12.3,9.3,13.5,4.3,21.8,14.6,7.0,44.3,1.1,1.9,3.9,4.8,0.0,5.3,4.2,8.0,5.4,0.5,0.0,0.3,0.1,0.1,0.1,0.1,0.1,0.0,0.2,0.2,0.2,0.1,0.0,0.1,0.1,0.1,0.4,0.0,0.0,0.0,0.1,0.0,0.0,0.0,0.1,0.0,40.1,0.3,15.5,5.2,12.6,5.1,5.1,2.5,1.1,12.0,12.0,6.1,6.0,1.6,3.1,2.3,2.0,8.5,0.1,0.1,0.4,1.7,0.0,0.7,0.4,1.4,0.2
87,bio0_whs1_land2_list1500_bld750,False,True,2,1500,750,109.6,3.6,28.8,8.8,45.0,11.3,10.0,7.4,6.6,26.8,28.1,25.2,26.8,18.7,50.9,40.3,12.9,118.2,2.6,4.3,11.9,15.9,0.0,15.1,15.5,28.4,16.5,0.0,0.0,0.0,0.0,0.0,0.0,0.0,0.0,0.0,0.0,0.0,0.0,0.0,0.0,0.0,0.0,0.0,0.0,0.0,0.0,0.0,0.0,0.0,0.0,0.0,0.0,0.0,18.0,0.0,0.0,0.0,0.0,0.0,0.0,0.0,0.0,0.0,0.0,1.8,0.8,6.3,0.0,0.0,0.0,0.0,0.0,0.0,0.1,0.1,0.0,0.0,0.0,0.2,0.2,6.0,0.0,0.0,0.0,18.6,1.6,0.0,2.6,0.0,0.0,0.2,4.4,1.7,4.4,13.1,9.7,0.0,4.6,0.4,1.7,4.1,0.0,0.0,0.0,2.4,4.5,4.2,2.6,0.3,0.4,0.1,2.3,0.3,0.2,0.2,1.5,2.3,3.4,3.4,4.6,2.2,12.7,13.5,3.8,60.3,1.0,0.7,3.3,9.2,0.0,9.1,8.5,14.2,6.4,59.3,3.2,18.9,5.6,16.1,6.1,6.8,2.9,4.7,17.7,17.8,12.2,17.2,5.2,24.2,16.5,8.6,49.8,1.2,1.9,4.3,5.7,0.0,5.8,4.6,9.3,5.7,0.3,0.0,0.2,0.0,0.1,0.0,0.1,0.0,0.0,0.1,0.1,0.1,0.0,0.0,0.0,0.0,0.0,0.1,0.0,0.0,0.0,0.0,0.0,0.0,0.0,0.0,0.0,23.4,0.1,9.2,3.1,8.0,3.2,2.9,1.6,0.5,6.7,6.6,3.3,2.4,0.7,0.8,0.6,0.5,3.4,0.0,0.0,0.1,0.9,0.0,0.2,0.1,0.3,0.0
88,bio0_whs1_land2_list1500_bld1000,False,True,2,1500,1000,109.6,3.6,28.8,8.8,45.0,11.3,10.0,7.4,6.6,26.8,28.1,25.2,26.8,18.7,50.9,40.3,12.9,118.2,2.6,4.3,11.9,15.9,0.0,15.1,15.5,28.4,16.5,0.0,0.0,0.0,0.0,0.0,0.0,0.0,0.0,0.0,0.0,0.0,0.0,0.0,0.0,0.0,0.0,0.0,0.0,0.0,0.0,0.0,0.0,0.0,0.0,0.0,0.0,0.0,18.0,0.0,0.0,0.0,0.0,0.0,0.0,0.0,0.0,0.0,0.0,1.8,0.8,6.3,0.0,0.0,0.0,0.0,0.0,0.0,0.1,0.1,0.0,0.0,0.0,0.2,0.2,6.0,0.0,0.0,0.0,18.6,1.6,0.0,2.6,0.0,0.0,0.2,4.4,1.7,4.4,13.1,9.7,0.0,4.6,0.4,1.7,4.1,0.0,0.0,0.0,2.4,4.5,4.2,2.6,0.3,0.4,0.1,2.3,0.3,0.2,0.2,1.5,2.3,3.4,3.4,4.6,2.2,12.7,13.5,3.8,60.3,1.0,0.7,3.3,9.2,0.0,9.1,8.5,14.2,6.4,68.5,3.2,22.7,6.9,18.9,7.3,8.1,3.5,4.9,20.4,20.4,13.5,18.5,5.5,24.8,16.8,8.9,51.5,1.2,1.9,4.3,6.0,0.0,5.9,4.7,9.5,5.7,0.2,0.0,0.1,0.0,0.1,0.0,0.1,0.0,0.0,0.1,0.1,0.0,0.0,0.0,0.0,0.0,0.0,0.0,0.0,0.0,0.0,0.0,0.0,0.0,0.0,0.0,0.0,14.3,0.0,5.4,1.8,5.2,2.0,1.7,1.0,0.3,4.1,4.0,2.1,1.1,0.3,0.3,0.2,0.2,1.7,0.0,0.0,0.0,0.5,0.0,0.0,0.0,0.1,0.0
89,bio0_whs1_land2_list1500_bld1250,False,True,2,1500,1250,109.6,3.6,28.8,8.8,45.0,11.3,10.0,7.4,6.6,26.8,28.1,25.2,26.8,18.7,50.9,40.3,12.9,118.2,2.6,4.3,11.9,15.9,0.0,15.1,15.5,28.4,16.5,0.0,0.0,0.0,0.0,0.0,0.0,0.0,0.0,0.0,0.0,0.0,0.0,0.0,0.0,0.0,0.0,0.0,0.0,0.0,0.0,0.0,0.0,0.0,0.0,0.0,0.0,0.0,18.0,0.0,0.0,0.0,0.0,0.0,0.0,0.0,0.0,0.0,0.0,1.8,0.8,6.3,0.0,0.0,0.0,0.0,0.0,0.0,0.1,0.1,0.0,0.0,0.0,0.2,0.2,6.0,0.0,0.0,0.0,18.6,1.6,0.0,2.6,0.0,0.0,0.2,4.4,1.7,4.4,13.1,9.7,0.0,4.6,0.4,1.7,4.1,0.0,0.0,0.0,2.4,4.5,4.2,2.6,0.3,0.4,0.1,2.3,0.3,0.2,0.2,1.5,2.3,3.4,3.4,4.6,2.2,12.7,13.5,3.8,60.3,1.0,0.7,3.3,9.2,0.0,9.1,8.5,14.2,6.4,74.0,3.3,25.1,7.6,20.7,8.1,8.8,4.0,5.0,22.0,22.0,14.2,19.1,5.7,25.0,16.9,9.0,52.3,1.2,1.9,4.3,6.2,0.0,5.9,4.7,9.6,5.7,0.1,0.0,0.1,0.0,0.0,0.0,0.0,0.0,0.0,0.0,0.0,0.0,0.0,0.0,0.0,0.0,0.0,0.0,0.0,0.0,0.0,0.0,0.0,0.0,0.0,0.0,0.0,8.8,0.0,3.1,1.0,3.4,1.2,1.0,0.6,0.2,2.5,2.5,1.4,0.5,0.2,0.1,0.1,0.1,0.9,0.0,0.0,0.0,0.4,0.0,0.0,0.0,0.0,0.0
90,bio0_whs1_land3_list500_bld250,False,True,3,500,250,109.6,3.6,28.8,8.8,45.0,11.3,10.0,7.4,6.6,26.8,28.1,25.2,26.8,18.7,50.9,40.3,12.9,118.2,2.6,4.3,11.9,15.9,0.0,15.1,15.5,28.4,16.5,0.0,0.0,0.0,0.0,0.0,0.0,0.0,0.0,0.0,0.0,0.0,0.0,0.0,0.0,0.0,0.0,0.0,0.0,0.0,0.0,0.0,0.0,0.0,0.0,0.0,0.0,0.0,18.0,0.0,0.0,0.0,0.0,0.0,0.0,0.0,0.0,0.0,0.0,1.8,0.8,6.3,0.0,0.0,0.0,0.0,0.0,0.0,0.1,0.1,0.0,0.0,0.0,0.2,0.2,21.1,0.0,5.9,1.2,19.9,3.5,2.4,3.7,0.0,1.1,0.6,5.5,14.6,7.8,17.0,12.8,0.2,11.9,0.9,1.7,4.8,6.5,0.0,2.4,6.7,12.8,7.5,0.2,0.0,0.0,0.0,0.2,0.0,0.0,0.0,0.1,0.1,0.3,0.2,0.3,0.1,0.9,1.0,0.3,5.2,0.1,0.1,0.3,0.5,0.0,0.9,0.6,0.9,0.5,10.1,0.8,3.3,0.7,3.1,1.0,1.0,0.5,1.5,2.8,3.0,2.7,3.1,1.5,13.2,10.1,2.7,41.8,0.8,0.9,2.6,3.7,0.0,5.2,3.9,6.3,3.6,0.9,0.1,0.3,0.1,0.4,0.1,0.1,0.1,0.2,0.5,0.5,0.3,0.3,0.2,0.7,0.8,0.2,3.3,0.1,0.2,0.3,0.3,0.0,0.4,0.4,0.7,0.6,59.3,2.6,19.3,6.9,21.4,6.7,6.5,3.1,4.9,22.3,23.7,14.7,7.5,2.8,19.1,15.7,9.5,56.0,0.8,1.5,3.6,4.8,0.0,6.2,3.9,7.6,4.0
91,bio0_whs1_land3_list500_bld500,False,True,3,500,500,109.6,3.6,28.8,8.8,45.0,11.3,10.0,7.4,6.6,26.8,28.1,25.2,26.8,18.7,50.9,40.3,12.9,118.2,2.6,4.3,11.9,15.9,0.0,15.1,15.5,28.4,16.5,0.0,0.0,0.0,0.0,0.0,0.0,0.0,0.0,0.0,0.0,0.0,0.0,0.0,0.0,0.0,0.0,0.0,0.0,0.0,0.0,0.0,0.0,0.0,0.0,0.0,0.0,0.0,18.0,0.0,0.0,0.0,0.0,0.0,0.0,0.0,0.0,0.0,0.0,1.8,0.8,6.3,0.0,0.0,0.0,0.0,0.0,0.0,0.1,0.1,0.0,0.0,0.0,0.2,0.2,21.1,0.0,5.9,1.2,19.9,3.5,2.4,3.7,0.0,1.1,0.6,5.5,14.6,7.8,17.0,12.8,0.2,11.9,0.9,1.7,4.8,6.5,0.0,2.4,6.7,12.8,7.5,0.2,0.0,0.0,0.0,0.2,0.0,0.0,0.0,0.1,0.1,0.3,0.2,0.3,0.1,0.9,1.0,0.3,5.2,0.1,0.1,0.3,0.5,0.0,0.9,0.6,0.9,0.5,35.3,3.2,10.0,2.9,12.8,3.5,3.4,1.6,5.3,13.5,14.6,11.2,9.9,4.1,30.3,23.9,10.2,91.0,1.6,2.4,6.2,7.4,0.0,10.9,7.7,13.4,8.1,0.4,0.0,0.2,0.1,0.2,0.1,0.1,0.0,0.1,0.3,0.2,0.2,0.1,0.0,0.2,0.1,0.1,0.5,0.0,0.0,0.0,0.0,0.0,0.0,0.0,0.1,0.1,34.6,0.3,12.6,4.6,12.0,4.2,4.1,2.1,1.2,11.8,12.4,6.3,1.0,0.3,2.5,2.5,2.2,9.5,0.0,0.1,0.4,1.3,0.0,0.8,0.4,1.0,0.1
92,bio0_whs1_land3_list500_bld750,False,True,3,500,750,109.6,3.6,28.8,8.8,45.0,11.3,10.0,7.4,6.6,26.8,28.1,25.2,26.8,18.7,50.9,40.3,12.9,118.2,2.6,4.3,11.9,15.9,0.0,15.1,15.5,28.4,16.5,0.0,0.0,0.0,0.0,0.0,0.0,0.0,0.0,0.0,0.0,0.0,0.0,0.0,0.0,0.0,0.0,0.0,0.0,0.0,0.0,0.0,0.0,0.0,0.0,0.0,0.0,0.0,18.0,0.0,0.0,0.0,0.0,0.0,0.0,0.0,0.0,0.0,0.0,1.8,0.8,6.3,0.0,0.0,0.0,0.0,0.0,0.0,0.1,0.1,0.0,0.0,0.0,0.2,0.2,21.1,0.0,5.9,1.2,19.9,3.5,2.4,3.7,0.0,1.1,0.6,5.5,14.6,7.8,17.0,12.8,0.2,11.9,0.9,1.7,4.8,6.5,0.0,2.4,6.7,12.8,7.5,0.2,0.0,0.0,0.0,0.2,0.0,0.0,0.0,0.1,0.1,0.3,0.2,0.3,0.1,0.9,1.0,0.3,5.2,0.1,0.1,0.3,0.5,0.0,0.9,0.6,0.9,0.5,49.4,3.5,15.1,4.8,17.5,5.1,5.2,2.3,6.0,19.0,20.5,14.3,10.9,4.4,32.6,26.0,11.9,97.7,1.6,2.5,6.6,8.0,0.0,11.6,8.1,14.4,8.3,0.2,0.0,0.1,0.0,0.1,0.0,0.1,0.0,0.0,0.1,0.1,0.1,0.0,0.0,0.0,0.0,0.0,0.1,0.0,0.0,0.0,0.0,0.0,0.0,0.0,0.0,0.0,20.7,0.1,7.6,2.8,7.4,2.7,2.4,1.4,0.5,6.5,6.6,3.3,0.1,0.0,0.4,0.6,0.5,3.3,0.0,0.0,0.1,0.8,0.0,0.2,0.0,0.1,0.0
93,bio0_whs1_land3_list500_bld1000,False,True,3,500,1000,109.6,3.6,28.8,8.8,45.0,11.3,10.0,7.4,6.6,26.8,28.1,25.2,26.8,18.7,50.9,40.3,12.9,118.2,2.6,4.3,11.9,15.9,0.0,15.1,15.5,28.4,16.5,0.0,0.0,0.0,0.0,0.0,0.0,0.0,0.0,0.0,0.0,0.0,0.0,0.0,0.0,0.0,0.0,0.0,0.0,0.0,0.0,0.0,0.0,0.0,0.0,0.0,0.0,0.0,18.0,0.0,0.0,0.0,0.0,0.0,0.0,0.0,0.0,0.0,0.0,1.8,0.8,6.3,0.0,0.0,0.0,0.0,0.0,0.0,0.1,0.1,0.0,0.0,0.0,0.2,0.2,21.1,0.0,5.9,1.2,19.9,3.5,2.4,3.7,0.0,1.1,0.6,5.5,14.6,7.8,17.0,12.8,0.2,11.9,0.9,1.7,4.8,6.5,0.0,2.4,6.7,12.8,7.5,0.2,0.0,0.0,0.0,0.2,0.0,0.0,0.0,0.1,0.1,0.3,0.2,0.3,0.1,0.9,1.0,0.3,5.2,0.1,0.1,0.3,0.5,0.0,0.9,0.6,0.9,0.5,57.2,3.5,18.2,6.0,20.1,6.1,6.2,2.8,6.2,21.6,23.2,15.6,11.0,4.5,32.9,26.3,12.2,99.4,1.6,2.5,6.6,8.3,0.0,11.7,8.2,14.5,8.3,0.1,0.0,0.1,0.0,0.0,0.0,0.0,0.0,0.0,0.1,0.1,0.0,0.0,0.0,0.0,0.0,0.0,0.0,0.0,0.0,0.0,0.0,0.0,0.0,0.0,0.0,0.0,12.9,0.0,4.6,1.6,4.8,1.7,1.4,0.9,0.3,3.9,4.0,2.1,0.0,0.0,0.1,0.2,0.2,1.7,0.0,0.0,0.0,0.5,0.0,0.0,0.0,0.0,0.0
94,bio0_whs1_land3_list500_bld1250,False,True,3,500,1250,109.6,3.6,28.8,8.8,45.0,11.3,10.0,7.4,6.6,26.8,28.1,25.2,26.8,18.7,50.9,40.3,12.9,118.2,2.6,4.3,11.9,15.9,0.0,15.1,15.5,28.4,16.5,0.0,0.0,0.0,0.0,0.0,0.0,0.0,0.0,0.0,0.0,0.0,0.0,0.0,0.0,0.0,0.0,0.0,0.0,0.0,0.0,0.0,0.0,0.0,0.0,0.0,0.0,0.0,18.0,0.0,0.0,0.0,0.0,0.0,0.0,0.0,0.0,0.0,0.0,1.8,0.8,6.3,0.0,0.0,0.0,0.0,0.0,0.0,0.1,0.1,0.0,0.0,0.0,0.2,0.2,21.1,0.0,5.9,1.2,19.9,3.5,2.4,3.7,0.0,1.1,0.6,5.5,14.6,7.8,17.0,12.8,0.2,11.9,0.9,1.7,4.8,6.5,0.0,2.4,6.7,12.8,7.5,0.2,0.0,0.0,0.0,0.2,0.0,0.0,0.0,0.1,0.1,0.3,0.2,0.3,0.1,0.9,1.0,0.3,5.2,0.1,0.1,0.3,0.5,0.0,0.9,0.6,0.9,0.5,62.2,3.5,20.1,6.7,21.8,6.8,6.8,3.1,6.4,23.1,24.7,16.3,11.0,4.5,33.0,26.4,12.3,100.2,1.6,2.5,6.6,8.4,0.0,11.7,8.2,14.5,8.3,0.1,0.0,0.1,0.0,0.0,0.0,0.0,0.0,0.0,0.0,0.0,0.0,0.0,0.0,0.0,0.0,0.0,0.0,0.0,0.0,0.0,0.0,0.0,0.0,0.0,0.0,0.0,8.0,0.0,2.7,0.9,3.1,1.0,0.8,0.5,0.2,2.4,2.5,1.4,0.0,0.0,0.0,0.1,0.1,0.9,0.0,0.0,0.0,0.3,0.0,0.0,0.0,0.0,0.0
95,bio0_whs1_land3_list1000_bld250,False,True,3,1000,250,109.6,3.6,28.8,8.8,45.0,11.3,10.0,7.4,6.6,26.8,28.1,25.2,26.8,18.7,50.9,40.3,12.9,118.2,2.6,4.3,11.9,15.9,0.0,15.1,15.5,28.4,16.5,0.0,0.0,0.0,0.0,0.0,0.0,0.0,0.0,0.0,0.0,0.0,0.0,0.0,0.0,0.0,0.0,0.0,0.0,0.0,0.0,0.0,0.0,0.0,0.0,0.0,0.0,0.0,18.0,0.0,0.0,0.0,0.0,0.0,0.0,0.0,0.0,0.0,0.0,1.8,0.8,6.3,0.0,0.0,0.0,0.0,0.0,0.0,0.1,0.1,0.0,0.0,0.0,0.2,0.2,21.1,0.0,5.9,1.2,19.9,3.5,2.4,3.7,0.0,1.1,0.6,5.5,14.6,7.8,17.0,12.8,0.2,11.9,0.9,1.7,4.8,6.5,0.0,2.4,6.7,12.8,7.5,1.1,0.1,0.1,0.0,1.0,0.1,0.1,0.1,0.7,0.9,1.4,1.3,1.8,0.8,5.3,5.8,1.8,28.6,0.4,0.3,1.5,2.8,0.0,4.1,3.1,5.0,2.6,9.9,0.8,3.3,0.7,2.9,1.0,1.0,0.5,1.3,2.7,2.8,2.4,2.6,1.2,11.2,7.9,2.2,30.2,0.6,0.8,2.1,2.6,0.0,3.6,2.6,4.3,2.7,0.8,0.1,0.3,0.1,0.3,0.1,0.1,0.1,0.2,0.4,0.4,0.3,0.3,0.1,0.7,0.7,0.2,2.7,0.1,0.2,0.3,0.2,0.0,0.3,0.3,0.5,0.5,58.6,2.6,19.2,6.9,20.8,6.6,6.4,3.0,4.5,21.7,22.8,13.8,6.5,2.4,16.7,13.2,8.6,44.8,0.6,1.3,3.0,3.7,0.0,4.7,2.7,5.7,3.0
96,bio0_whs1_land3_list1000_bld500,False,True,3,1000,500,109.6,3.6,28.8,8.8,45.0,11.3,10.0,7.4,6.6,26.8,28.1,25.2,26.8,18.7,50.9,40.3,12.9,118.2,2.6,4.3,11.9,15.9,0.0,15.1,15.5,28.4,16.5,0.0,0.0,0.0,0.0,0.0,0.0,0.0,0.0,0.0,0.0,0.0,0.0,0.0,0.0,0.0,0.0,0.0,0.0,0.0,0.0,0.0,0.0,0.0,0.0,0.0,0.0,0.0,18.0,0.0,0.0,0.0,0.0,0.0,0.0,0.0,0.0,0.0,0.0,1.8,0.8,6.3,0.0,0.0,0.0,0.0,0.0,0.0,0.1,0.1,0.0,0.0,0.0,0.2,0.2,21.1,0.0,5.9,1.2,19.9,3.5,2.4,3.7,0.0,1.1,0.6,5.5,14.6,7.8,17.0,12.8,0.2,11.9,0.9,1.7,4.8,6.5,0.0,2.4,6.7,12.8,7.5,1.1,0.1,0.1,0.0,1.0,0.1,0.1,0.1,0.7,0.9,1.4,1.3,1.8,0.8,5.3,5.8,1.8,28.6,0.4,0.3,1.5,2.8,0.0,4.1,3.1,5.0,2.6,34.5,3.1,9.9,2.9,12.1,3.5,3.4,1.5,4.8,12.8,13.6,10.2,8.5,3.5,26.1,19.3,8.7,68.2,1.3,2.2,5.0,5.2,0.0,7.8,5.3,9.5,6.1,0.4,0.0,0.2,0.1,0.1,0.1,0.1,0.0,0.1,0.3,0.2,0.2,0.1,0.0,0.1,0.1,0.1,0.5,0.0,0.0,0.0,0.0,0.0,0.0,0.0,0.1,0.0,34.5,0.3,12.6,4.6,11.9,4.2,4.1,2.0,1.2,11.7,12.2,6.2,0.9,0.3,2.4,2.4,2.1,9.1,0.0,0.1,0.4,1.3,0.0,0.7,0.3,0.9,0.1
97,bio0_whs1_land3_list1000_bld750,False,True,3,1000,750,109.6,3.6,28.8,8.8,45.0,11.3,10.0,7.4,6.6,26.8,28.1,25.2,26.8,18.7,50.9,40.3,12.9,118.2,2.6,4.3,11.9,15.9,0.0,15.1,15.5,28.4,16.5,0.0,0.0,0.0,0.0,0.0,0.0,0.0,0.0,0.0,0.0,0.0,0.0,0.0,0.0,0.0,0.0,0.0,0.0,0.0,0.0,0.0,0.0,0.0,0.0,0.0,0.0,0.0,18.0,0.0,0.0,0.0,0.0,0.0,0.0,0.0,0.0,0.0,0.0,1.8,0.8,6.3,0.0,0.0,0.0,0.0,0.0,0.0,0.1,0.1,0.0,0.0,0.0,0.2,0.2,21.1,0.0,5.9,1.2,19.9,3.5,2.4,3.7,0.0,1.1,0.6,5.5,14.6,7.8,17.0,12.8,0.2,11.9,0.9,1.7,4.8,6.5,0.0,2.4,6.7,12.8,7.5,1.1,0.1,0.1,0.0,1.0,0.1,0.1,0.1,0.7,0.9,1.4,1.3,1.8,0.8,5.3,5.8,1.8,28.6,0.4,0.3,1.5,2.8,0.0,4.1,3.1,5.0,2.6,48.5,3.4,15.0,4.8,16.7,5.0,5.1,2.2,5.5,18.3,19.4,13.2,9.4,3.8,28.2,21.2,10.4,74.3,1.3,2.3,5.4,5.7,0.0,8.4,5.6,10.3,6.2,0.2,0.0,0.1,0.0,0.1,0.0,0.1,0.0,0.0,0.1,0.1,0.1,0.0,0.0,0.0,0.0,0.0,0.1,0.0,0.0,0.0,0.0,0.0,0.0,0.0,0.0,0.0,20.7,0.1,7.6,2.8,7.4,2.7,2.4,1.4,0.5,6.5,6.6,3.3,0.1,0.0,0.4,0.5,0.5,3.3,0.0,0.0,0.1,0.8,0.0,0.2,0.0,0.1,0.0
98,bio0_whs1_land3_list1000_bld1000,False,True,3,1000,1000,109.6,3.6,28.8,8.8,45.0,11.3,10.0,7.4,6.6,26.8,28.1,25.2,26.8,18.7,50.9,40.3,12.9,118.2,2.6,4.3,11.9,15.9,0.0,15.1,15.5,28.4,16.5,0.0,0.0,0.0,0.0,0.0,0.0,0.0,0.0,0.0,0.0,0.0,0.0,0.0,0.0,0.0,0.0,0.0,0.0,0.0,0.0,0.0,0.0,0.0,0.0,0.0,0.0,0.0,18.0,0.0,0.0,0.0,0.0,0.0,0.0,0.0,0.0,0.0,0.0,1.8,0.8,6.3,0.0,0.0,0.0,0.0,0.0,0.0,0.1,0.1,0.0,0.0,0.0,0.2,0.2,21.1,0.0,5.9,1.2,19.9,3.5,2.4,3.7,0.0,1.1,0.6,5.5,14.6,7.8,17.0,12.8,0.2,11.9,0.9,1.7,4.8,6.5,0.0,2.4,6.7,12.8,7.5,1.1,0.1,0.1,0.0,1.0,0.1,0.1,0.1,0.7,0.9,1.4,1.3,1.8,0.8,5.3,5.8,1.8,28.6,0.4,0.3,1.5,2.8,0.0,4.1,3.1,5.0,2.6,56.4,3.4,18.1,5.9,19.3,6.0,6.1,2.7,5.7,20.8,22.0,14.5,9.4,3.8,28.5,21.6,10.7,76.0,1.3,2.3,5.4,6.0,0.0,8.5,5.7,10.5,6.2,0.1,0.0,0.1,0.0,0.0,0.0,0.0,0.0,0.0,0.1,0.1,0.0,0.0,0.0,0.0,0.0,0.0,0.0,0.0,0.0,0.0,0.0,0.0,0.0,0.0,0.0,0.0,12.9,0.0,4.6,1.6,4.8,1.7,1.4,0.9,0.3,3.9,4.0,2.1,0.0,0.0,0.1,0.2,0.2,1.7,0.0,0.0,0.0,0.5,0.0,0.0,0.0,0.0,0.0
99,bio0_whs1_land3_list1000_bld1250,False,True,3,1000,1250,109.6,3.6,28.8,8.8,45.0,11.3,10.0,7.4,6.6,26.8,28.1,25.2,26.8,18.7,50.9,40.3,12.9,118.2,2.6,4.3,11.9,15.9,0.0,15.1,15.5,28.4,16.5,0.0,0.0,0.0,0.0,0.0,0.0,0.0,0.0,0.0,0.0,0.0,0.0,0.0,0.0,0.0,0.0,0.0,0.0,0.0,0.0,0.0,0.0,0.0,0.0,0.0,0.0,0.0,18.0,0.0,0.0,0.0,0.0,0.0,0.0,0.0,0.0,0.0,0.0,1.8,0.8,6.3,0.0,0.0,0.0,0.0,0.0,0.0,0.1,0.1,0.0,0.0,0.0,0.2,0.2,21.1,0.0,5.9,1.2,19.9,3.5,2.4,3.7,0.0,1.1,0.6,5.5,14.6,7.8,17.0,12.8,0.2,11.9,0.9,1.7,4.8,6.5,0.0,2.4,6.7,12.8,7.5,1.1,0.1,0.1,0.0,1.0,0.1,0.1,0.1,0.7,0.9,1.4,1.3,1.8,0.8,5.3,5.8,1.8,28.6,0.4,0.3,1.5,2.8,0.0,4.1,3.1,5.0,2.6,61.3,3.4,20.0,6.6,21.0,6.7,6.7,3.1,5.8,22.4,23.5,15.2,9.4,3.8,28.6,21.7,10.8,76.8,1.3,2.3,5.4,6.2,0.0,8.5,5.7,10.5,6.2,0.1,0.0,0.1,0.0,0.0,0.0,0.0,0.0,0.0,0.0,0.0,0.0,0.0,0.0,0.0,0.0,0.0,0.0,0.0,0.0,0.0,0.0,0.0,0.0,0.0,0.0,0.0,8.0,0.0,2.7,0.9,3.1,1.0,0.8,0.5,0.2,2.4,2.5,1.4,0.0,0.0,0.0,0.1,0.1,0.9,0.0,0.0,0.0,0.3,0.0,0.0,0.0,0.0,0.0
100,bio0_whs1_land3_list1500_bld250,False,True,3,1500,250,109.6,3.6,28.8,8.8,45.0,11.3,10.0,7.4,6.6,26.8,28.1,25.2,26.8,18.7,50.9,40.3,12.9,118.2,2.6,4.3,11.9,15.9,0.0,15.1,15.5,28.4,16.5,0.0,0.0,0.0,0.0,0.0,0.0,0.0,0.0,0.0,0.0,0.0,0.0,0.0,0.0,0.0,0.0,0.0,0.0,0.0,0.0,0.0,0.0,0.0,0.0,0.0,0.0,0.0,18.0,0.0,0.0,0.0,0.0,0.0,0.0,0.0,0.0,0.0,0.0,1.8,0.8,6.3,0.0,0.0,0.0,0.0,0.0,0.0,0.1,0.1,0.0,0.0,0.0,0.2,0.2,21.1,0.0,5.9,1.2,19.9,3.5,2.4,3.7,0.0,1.1,0.6,5.5,14.6,7.8,17.0,12.8,0.2,11.9,0.9,1.7,4.8,6.5,0.0,2.4,6.7,12.8,7.5,2.5,0.3,0.3,0.1,2.2,0.3,0.2,0.2,1.5,2.3,3.3,3.2,3.9,1.7,12.0,12.2,3.8,56.5,0.8,0.7,2.9,5.5,0.0,7.3,5.9,9.2,4.8,9.6,0.7,3.3,0.7,2.6,0.9,1.0,0.5,1.1,2.4,2.5,2.0,2.0,1.0,8.4,5.2,1.6,17.4,0.4,0.6,1.5,1.3,0.0,2.1,1.3,2.4,1.8,0.8,0.1,0.3,0.1,0.3,0.1,0.1,0.1,0.2,0.4,0.4,0.3,0.2,0.1,0.5,0.5,0.1,1.8,0.0,0.1,0.2,0.1,0.0,0.2,0.2,0.3,0.3,57.6,2.4,19.0,6.8,19.9,6.5,6.3,2.9,3.9,20.6,21.3,12.5,5.1,1.8,13.0,9.6,7.2,30.5,0.4,1.1,2.3,2.4,0.0,3.1,1.4,3.6,1.9
101,bio0_whs1_land3_list1500_bld500,False,True,3,1500,500,109.6,3.6,28.8,8.8,45.0,11.3,10.0,7.4,6.6,26.8,28.1,25.2,26.8,18.7,50.9,40.3,12.9,118.2,2.6,4.3,11.9,15.9,0.0,15.1,15.5,28.4,16.5,0.0,0.0,0.0,0.0,0.0,0.0,0.0,0.0,0.0,0.0,0.0,0.0,0.0,0.0,0.0,0.0,0.0,0.0,0.0,0.0,0.0,0.0,0.0,0.0,0.0,0.0,0.0,18.0,0.0,0.0,0.0,0.0,0.0,0.0,0.0,0.0,0.0,0.0,1.8,0.8,6.3,0.0,0.0,0.0,0.0,0.0,0.0,0.1,0.1,0.0,0.0,0.0,0.2,0.2,21.1,0.0,5.9,1.2,19.9,3.5,2.4,3.7,0.0,1.1,0.6,5.5,14.6,7.8,17.0,12.8,0.2,11.9,0.9,1.7,4.8,6.5,0.0,2.4,6.7,12.8,7.5,2.5,0.3,0.3,0.1,2.2,0.3,0.2,0.2,1.5,2.3,3.3,3.2,3.9,1.7,12.0,12.2,3.8,56.5,0.8,0.7,2.9,5.5,0.0,7.3,5.9,9.2,4.8,33.3,2.9,9.8,2.9,11.0,3.3,3.3,1.4,4.0,11.7,12.1,8.7,6.5,2.6,19.7,13.3,6.9,41.5,0.9,1.9,3.7,2.7,0.0,4.6,2.7,5.5,3.9,0.4,0.0,0.2,0.1,0.1,0.1,0.1,0.0,0.0,0.2,0.2,0.1,0.1,0.0,0.1,0.1,0.1,0.3,0.0,0.0,0.0,0.0,0.0,0.0,0.0,0.0,0.0,34.3,0.3,12.5,4.6,11.8,4.2,4.0,2.0,1.1,11.5,11.8,6.0,0.8,0.2,2.0,2.0,2.0,8.0,0.0,0.1,0.3,1.1,0.0,0.6,0.2,0.7,0.1
102,bio0_whs1_land3_list1500_bld750,False,True,3,1500,750,109.6,3.6,28.8,8.8,45.0,11.3,10.0,7.4,6.6,26.8,28.1,25.2,26.8,18.7,50.9,40.3,12.9,118.2,2.6,4.3,11.9,15.9,0.0,15.1,15.5,28.4,16.5,0.0,0.0,0.0,0.0,0.0,0.0,0.0,0.0,0.0,0.0,0.0,0.0,0.0,0.0,0.0,0.0,0.0,0.0,0.0,0.0,0.0,0.0,0.0,0.0,0.0,0.0,0.0,18.0,0.0,0.0,0.0,0.0,0.0,0.0,0.0,0.0,0.0,0.0,1.8,0.8,6.3,0.0,0.0,0.0,0.0,0.0,0.0,0.1,0.1,0.0,0.0,0.0,0.2,0.2,21.1,0.0,5.9,1.2,19.9,3.5,2.4,3.7,0.0,1.1,0.6,5.5,14.6,7.8,17.0,12.8,0.2,11.9,0.9,1.7,4.8,6.5,0.0,2.4,6.7,12.8,7.5,2.5,0.3,0.3,0.1,2.2,0.3,0.2,0.2,1.5,2.3,3.3,3.2,3.9,1.7,12.0,12.2,3.8,56.5,0.8,0.7,2.9,5.5,0.0,7.3,5.9,9.2,4.8,47.2,3.2,14.8,4.7,15.5,4.8,5.0,2.1,4.7,17.0,17.6,11.5,7.3,2.9,21.5,14.8,8.4,46.5,0.9,1.9,4.0,3.1,0.0,5.1,2.9,6.1,4.0,0.2,0.0,0.1,0.0,0.1,0.0,0.1,0.0,0.0,0.1,0.1,0.1,0.0,0.0,0.0,0.0,0.0,0.1,0.0,0.0,0.0,0.0,0.0,0.0,0.0,0.0,0.0,20.7,0.1,7.6,2.8,7.3,2.7,2.4,1.3,0.5,6.4,6.5,3.2,0.1,0.0,0.4,0.5,0.5,3.3,0.0,0.0,0.1,0.7,0.0,0.2,0.0,0.1,0.0
103,bio0_whs1_land3_list1500_bld1000,False,True,3,1500,1000,109.6,3.6,28.8,8.8,45.0,11.3,10.0,7.4,6.6,26.8,28.1,25.2,26.8,18.7,50.9,40.3,12.9,118.2,2.6,4.3,11.9,15.9,0.0,15.1,15.5,28.4,16.5,0.0,0.0,0.0,0.0,0.0,0.0,0.0,0.0,0.0,0.0,0.0,0.0,0.0,0.0,0.0,0.0,0.0,0.0,0.0,0.0,0.0,0.0,0.0,0.0,0.0,0.0,0.0,18.0,0.0,0.0,0.0,0.0,0.0,0.0,0.0,0.0,0.0,0.0,1.8,0.8,6.3,0.0,0.0,0.0,0.0,0.0,0.0,0.1,0.1,0.0,0.0,0.0,0.2,0.2,21.1,0.0,5.9,1.2,19.9,3.5,2.4,3.7,0.0,1.1,0.6,5.5,14.6,7.8,17.0,12.8,0.2,11.9,0.9,1.7,4.8,6.5,0.0,2.4,6.7,12.8,7.5,2.5,0.3,0.3,0.1,2.2,0.3,0.2,0.2,1.5,2.3,3.3,3.2,3.9,1.7,12.0,12.2,3.8,56.5,0.8,0.7,2.9,5.5,0.0,7.3,5.9,9.2,4.8,55.0,3.2,17.9,5.9,18.1,5.8,6.0,2.6,4.9,19.5,20.2,12.7,7.4,2.9,21.7,15.1,8.7,48.1,0.9,1.9,4.0,3.3,0.0,5.3,2.9,6.2,4.0,0.1,0.0,0.1,0.0,0.0,0.0,0.0,0.0,0.0,0.1,0.1,0.0,0.0,0.0,0.0,0.0,0.0,0.0,0.0,0.0,0.0,0.0,0.0,0.0,0.0,0.0,0.0,12.9,0.0,4.6,1.6,4.8,1.7,1.4,0.9,0.3,3.9,4.0,2.1,0.0,0.0,0.1,0.2,0.2,1.7,0.0,0.0,0.0,0.5,0.0,0.0,0.0,0.0,0.0
104,bio0_whs1_land3_list1500_bld1250,False,True,3,1500,1250,109.6,3.6,28.8,8.8,45.0,11.3,10.0,7.4,6.6,26.8,28.1,25.2,26.8,18.7,50.9,40.3,12.9,118.2,2.6,4.3,11.9,15.9,0.0,15.1,15.5,28.4,16.5,0.0,0.0,0.0,0.0,0.0,0.0,0.0,0.0,0.0,0.0,0.0,0.0,0.0,0.0,0.0,0.0,0.0,0.0,0.0,0.0,0.0,0.0,0.0,0.0,0.0,0.0,0.0,18.0,0.0,0.0,0.0,0.0,0.0,0.0,0.0,0.0,0.0,0.0,1.8,0.8,6.3,0.0,0.0,0.0,0.0,0.0,0.0,0.1,0.1,0.0,0.0,0.0,0.2,0.2,21.1,0.0,5.9,1.2,19.9,3.5,2.4,3.7,0.0,1.1,0.6,5.5,14.6,7.8,17.0,12.8,0.2,11.9,0.9,1.7,4.8,6.5,0.0,2.4,6.7,12.8,7.5,2.5,0.3,0.3,0.1,2.2,0.3,0.2,0.2,1.5,2.3,3.3,3.2,3.9,1.7,12.0,12.2,3.8,56.5,0.8,0.7,2.9,5.5,0.0,7.3,5.9,9.2,4.8,59.9,3.3,19.8,6.6,19.7,6.5,6.6,2.9,5.0,21.0,21.7,13.4,7.4,2.9,21.8,15.2,8.8,48.9,0.9,1.9,4.0,3.4,0.0,5.3,2.9,6.2,4.0,0.1,0.0,0.1,0.0,0.0,0.0,0.0,0.0,0.0,0.0,0.0,0.0,0.0,0.0,0.0,0.0,0.0,0.0,0.0,0.0,0.0,0.0,0.0,0.0,0.0,0.0,0.0,8.0,0.0,2.7,0.9,3.1,1.0,0.8,0.5,0.2,2.4,2.5,1.4,0.0,0.0,0.0,0.1,0.1,0.9,0.0,0.0,0.0,0.3,0.0,0.0,0.0,0.0,0.0
105,bio0_whs1_land4_list500_bld250,False,True,4,500,250,109.6,3.6,28.8,8.8,45.0,11.3,10.0,7.4,6.6,26.8,28.1,25.2,26.8,18.7,50.9,40.3,12.9,118.2,2.6,4.3,11.9,15.9,0.0,15.1,15.5,28.4,16.5,0.0,0.0,0.0,0.0,0.0,0.0,0.0,0.0,0.0,0.0,0.0,0.0,0.0,0.0,0.0,0.0,0.0,0.0,0.0,0.0,0.0,0.0,0.0,0.0,0.0,0.0,0.0,18.0,0.0,0.0,0.0,0.0,0.0,0.0,0.0,0.0,0.0,0.0,1.8,0.8,6.3,0.0,0.0,0.0,0.0,0.0,0.0,0.1,0.1,0.0,0.0,0.0,0.2,0.2,21.1,0.0,5.9,1.2,19.9,3.5,2.4,3.7,0.0,1.1,0.6,5.5,17.1,7.9,24.2,17.1,0.2,19.4,0.9,1.7,4.8,7.5,0.0,5.6,9.1,13.1,7.5,0.2,0.0,0.0,0.0,0.2,0.0,0.0,0.0,0.1,0.1,0.3,0.2,0.2,0.1,0.6,0.8,0.3,4.8,0.1,0.1,0.3,0.4,0.0,0.6,0.4,0.9,0.5,10.1,0.8,3.3,0.7,3.1,1.0,1.0,0.5,1.5,2.8,3.0,2.7,2.4,1.5,9.6,7.8,2.7,37.9,0.8,0.9,2.6,3.2,0.0,3.7,2.7,6.1,3.6,0.9,0.1,0.3,0.1,0.4,0.1,0.1,0.1,0.2,0.5,0.5,0.3,0.3,0.2,0.5,0.6,0.2,3.0,0.1,0.2,0.3,0.2,0.0,0.2,0.3,0.6,0.6,59.3,2.6,19.3,6.9,21.4,6.7,6.5,3.1,4.9,22.3,23.7,14.7,5.9,2.8,15.9,14.0,9.5,53.1,0.8,1.5,3.6,4.4,0.0,4.9,3.0,7.4,4.0
106,bio0_whs1_land4_list500_bld500,False,True,4,500,500,109.6,3.6,28.8,8.8,45.0,11.3,10.0,7.4,6.6,26.8,28.1,25.2,26.8,18.7,50.9,40.3,12.9,118.2,2.6,4.3,11.9,15.9,0.0,15.1,15.5,28.4,16.5,0.0,0.0,0.0,0.0,0.0,0.0,0.0,0.0,0.0,0.0,0.0,0.0,0.0,0.0,0.0,0.0,0.0,0.0,0.0,0.0,0.0,0.0,0.0,0.0,0.0,0.0,0.0,18.0,0.0,0.0,0.0,0.0,0.0,0.0,0.0,0.0,0.0,0.0,1.8,0.8,6.3,0.0,0.0,0.0,0.0,0.0,0.0,0.1,0.1,0.0,0.0,0.0,0.2,0.2,21.1,0.0,5.9,1.2,19.9,3.5,2.4,3.7,0.0,1.1,0.6,5.5,17.1,7.9,24.2,17.1,0.2,19.4,0.9,1.7,4.8,7.5,0.0,5.6,9.1,13.1,7.5,0.2,0.0,0.0,0.0,0.2,0.0,0.0,0.0,0.1,0.1,0.3,0.2,0.2,0.1,0.6,0.8,0.3,4.8,0.1,0.1,0.3,0.4,0.0,0.6,0.4,0.9,0.5,35.3,3.2,10.0,2.9,12.8,3.5,3.4,1.6,5.3,13.5,14.6,11.2,7.7,4.1,23.9,19.9,10.2,84.1,1.6,2.4,6.2,6.5,0.0,8.0,5.6,13.1,8.1,0.4,0.0,0.2,0.1,0.2,0.1,0.1,0.0,0.1,0.3,0.2,0.2,0.1,0.0,0.1,0.1,0.1,0.5,0.0,0.0,0.0,0.0,0.0,0.0,0.0,0.1,0.1,34.6,0.3,12.6,4.6,12.0,4.2,4.1,2.1,1.2,11.8,12.4,6.3,0.8,0.3,2.0,2.4,2.2,9.4,0.0,0.1,0.4,1.3,0.0,0.7,0.3,1.0,0.1
107,bio0_whs1_land4_list500_bld750,False,True,4,500,750,109.6,3.6,28.8,8.8,45.0,11.3,10.0,7.4,6.6,26.8,28.1,25.2,26.8,18.7,50.9,40.3,12.9,118.2,2.6,4.3,11.9,15.9,0.0,15.1,15.5,28.4,16.5,0.0,0.0,0.0,0.0,0.0,0.0,0.0,0.0,0.0,0.0,0.0,0.0,0.0,0.0,0.0,0.0,0.0,0.0,0.0,0.0,0.0,0.0,0.0,0.0,0.0,0.0,0.0,18.0,0.0,0.0,0.0,0.0,0.0,0.0,0.0,0.0,0.0,0.0,1.8,0.8,6.3,0.0,0.0,0.0,0.0,0.0,0.0,0.1,0.1,0.0,0.0,0.0,0.2,0.2,21.1,0.0,5.9,1.2,19.9,3.5,2.4,3.7,0.0,1.1,0.6,5.5,17.1,7.9,24.2,17.1,0.2,19.4,0.9,1.7,4.8,7.5,0.0,5.6,9.1,13.1,7.5,0.2,0.0,0.0,0.0,0.2,0.0,0.0,0.0,0.1,0.1,0.3,0.2,0.2,0.1,0.6,0.8,0.3,4.8,0.1,0.1,0.3,0.4,0.0,0.6,0.4,0.9,0.5,49.4,3.5,15.1,4.8,17.5,5.1,5.2,2.3,6.0,19.0,20.5,14.3,8.5,4.4,25.8,21.9,11.9,90.6,1.6,2.5,6.6,7.1,0.0,8.6,5.9,14.0,8.3,0.2,0.0,0.1,0.0,0.1,0.0,0.1,0.0,0.0,0.1,0.1,0.1,0.0,0.0,0.0,0.0,0.0,0.1,0.0,0.0,0.0,0.0,0.0,0.0,0.0,0.0,0.0,20.7,0.1,7.6,2.8,7.4,2.7,2.4,1.4,0.5,6.5,6.6,3.3,0.1,0.0,0.3,0.5,0.5,3.3,0.0,0.0,0.1,0.8,0.0,0.2,0.0,0.1,0.0
108,bio0_whs1_land4_list500_bld1000,False,True,4,500,1000,109.6,3.6,28.8,8.8,45.0,11.3,10.0,7.4,6.6,26.8,28.1,25.2,26.8,18.7,50.9,40.3,12.9,118.2,2.6,4.3,11.9,15.9,0.0,15.1,15.5,28.4,16.5,0.0,0.0,0.0,0.0,0.0,0.0,0.0,0.0,0.0,0.0,0.0,0.0,0.0,0.0,0.0,0.0,0.0,0.0,0.0,0.0,0.0,0.0,0.0,0.0,0.0,0.0,0.0,18.0,0.0,0.0,0.0,0.0,0.0,0.0,0.0,0.0,0.0,0.0,1.8,0.8,6.3,0.0,0.0,0.0,0.0,0.0,0.0,0.1,0.1,0.0,0.0,0.0,0.2,0.2,21.1,0.0,5.9,1.2,19.9,3.5,2.4,3.7,0.0,1.1,0.6,5.5,17.1,7.9,24.2,17.1,0.2,19.4,0.9,1.7,4.8,7.5,0.0,5.6,9.1,13.1,7.5,0.2,0.0,0.0,0.0,0.2,0.0,0.0,0.0,0.1,0.1,0.3,0.2,0.2,0.1,0.6,0.8,0.3,4.8,0.1,0.1,0.3,0.4,0.0,0.6,0.4,0.9,0.5,57.2,3.5,18.2,6.0,20.1,6.1,6.2,2.8,6.2,21.6,23.2,15.6,8.6,4.4,26.0,22.2,12.2,92.3,1.6,2.5,6.6,7.3,0.0,8.8,6.0,14.1,8.3,0.1,0.0,0.1,0.0,0.0,0.0,0.0,0.0,0.0,0.1,0.1,0.0,0.0,0.0,0.0,0.0,0.0,0.0,0.0,0.0,0.0,0.0,0.0,0.0,0.0,0.0,0.0,12.9,0.0,4.6,1.6,4.8,1.7,1.4,0.9,0.3,3.9,4.0,2.1,0.0,0.0,0.1,0.2,0.2,1.7,0.0,0.0,0.0,0.5,0.0,0.0,0.0,0.0,0.0
109,bio0_whs1_land4_list500_bld1250,False,True,4,500,1250,109.6,3.6,28.8,8.8,45.0,11.3,10.0,7.4,6.6,26.8,28.1,25.2,26.8,18.7,50.9,40.3,12.9,118.2,2.6,4.3,11.9,15.9,0.0,15.1,15.5,28.4,16.5,0.0,0.0,0.0,0.0,0.0,0.0,0.0,0.0,0.0,0.0,0.0,0.0,0.0,0.0,0.0,0.0,0.0,0.0,0.0,0.0,0.0,0.0,0.0,0.0,0.0,0.0,0.0,18.0,0.0,0.0,0.0,0.0,0.0,0.0,0.0,0.0,0.0,0.0,1.8,0.8,6.3,0.0,0.0,0.0,0.0,0.0,0.0,0.1,0.1,0.0,0.0,0.0,0.2,0.2,21.1,0.0,5.9,1.2,19.9,3.5,2.4,3.7,0.0,1.1,0.6,5.5,17.1,7.9,24.2,17.1,0.2,19.4,0.9,1.7,4.8,7.5,0.0,5.6,9.1,13.1,7.5,0.2,0.0,0.0,0.0,0.2,0.0,0.0,0.0,0.1,0.1,0.3,0.2,0.2,0.1,0.6,0.8,0.3,4.8,0.1,0.1,0.3,0.4,0.0,0.6,0.4,0.9,0.5,62.2,3.5,20.1,6.7,21.8,6.8,6.8,3.1,6.4,23.1,24.7,16.3,8.6,4.4,26.0,22.3,12.3,93.1,1.6,2.5,6.6,7.5,0.0,8.8,6.0,14.2,8.3,0.1,0.0,0.1,0.0,0.0,0.0,0.0,0.0,0.0,0.0,0.0,0.0,0.0,0.0,0.0,0.0,0.0,0.0,0.0,0.0,0.0,0.0,0.0,0.0,0.0,0.0,0.0,8.0,0.0,2.7,0.9,3.1,1.0,0.8,0.5,0.2,2.4,2.5,1.4,0.0,0.0,0.0,0.1,0.1,0.9,0.0,0.0,0.0,0.3,0.0,0.0,0.0,0.0,0.0
110,bio0_whs1_land4_list1000_bld250,False,True,4,1000,250,109.6,3.6,28.8,8.8,45.0,11.3,10.0,7.4,6.6,26.8,28.1,25.2,26.8,18.7,50.9,40.3,12.9,118.2,2.6,4.3,11.9,15.9,0.0,15.1,15.5,28.4,16.5,0.0,0.0,0.0,0.0,0.0,0.0,0.0,0.0,0.0,0.0,0.0,0.0,0.0,0.0,0.0,0.0,0.0,0.0,0.0,0.0,0.0,0.0,0.0,0.0,0.0,0.0,0.0,18.0,0.0,0.0,0.0,0.0,0.0,0.0,0.0,0.0,0.0,0.0,1.8,0.8,6.3,0.0,0.0,0.0,0.0,0.0,0.0,0.1,0.1,0.0,0.0,0.0,0.2,0.2,21.1,0.0,5.9,1.2,19.9,3.5,2.4,3.7,0.0,1.1,0.6,5.5,17.1,7.9,24.2,17.1,0.2,19.4,0.9,1.7,4.8,7.5,0.0,5.6,9.1,13.1,7.5,1.1,0.1,0.1,0.0,1.0,0.1,0.1,0.1,0.7,0.9,1.4,1.3,1.4,0.8,4.1,4.6,1.8,26.4,0.4,0.3,1.5,2.4,0.0,2.9,2.2,4.9,2.6,9.9,0.8,3.3,0.7,2.9,1.0,1.0,0.5,1.3,2.7,2.8,2.4,2.1,1.2,8.2,6.2,2.2,27.4,0.6,0.8,2.1,2.2,0.0,2.6,1.9,4.1,2.7,0.8,0.1,0.3,0.1,0.3,0.1,0.1,0.1,0.2,0.4,0.4,0.3,0.2,0.1,0.5,0.5,0.2,2.4,0.1,0.2,0.3,0.2,0.0,0.2,0.2,0.5,0.5,58.6,2.6,19.2,6.9,20.8,6.6,6.4,3.0,4.5,21.7,22.8,13.8,5.1,2.4,13.9,11.9,8.6,42.6,0.6,1.3,3.0,3.5,0.0,3.8,2.2,5.6,3.0
111,bio0_whs1_land4_list1000_bld500,False,True,4,1000,500,109.6,3.6,28.8,8.8,45.0,11.3,10.0,7.4,6.6,26.8,28.1,25.2,26.8,18.7,50.9,40.3,12.9,118.2,2.6,4.3,11.9,15.9,0.0,15.1,15.5,28.4,16.5,0.0,0.0,0.0,0.0,0.0,0.0,0.0,0.0,0.0,0.0,0.0,0.0,0.0,0.0,0.0,0.0,0.0,0.0,0.0,0.0,0.0,0.0,0.0,0.0,0.0,0.0,0.0,18.0,0.0,0.0,0.0,0.0,0.0,0.0,0.0,0.0,0.0,0.0,1.8,0.8,6.3,0.0,0.0,0.0,0.0,0.0,0.0,0.1,0.1,0.0,0.0,0.0,0.2,0.2,21.1,0.0,5.9,1.2,19.9,3.5,2.4,3.7,0.0,1.1,0.6,5.5,17.1,7.9,24.2,17.1,0.2,19.4,0.9,1.7,4.8,7.5,0.0,5.6,9.1,13.1,7.5,1.1,0.1,0.1,0.0,1.0,0.1,0.1,0.1,0.7,0.9,1.4,1.3,1.4,0.8,4.1,4.6,1.8,26.4,0.4,0.3,1.5,2.4,0.0,2.9,2.2,4.9,2.6,34.5,3.1,9.9,2.9,12.1,3.5,3.4,1.5,4.8,12.8,13.6,10.2,6.6,3.4,20.6,16.3,8.7,63.0,1.3,2.2,5.0,4.6,0.0,5.8,3.9,9.2,6.1,0.4,0.0,0.2,0.1,0.1,0.1,0.1,0.0,0.1,0.3,0.2,0.2,0.1,0.0,0.1,0.1,0.1,0.4,0.0,0.0,0.0,0.0,0.0,0.0,0.0,0.1,0.0,34.5,0.3,12.6,4.6,11.9,4.2,4.1,2.0,1.2,11.7,12.2,6.2,0.7,0.3,1.9,2.2,2.1,8.9,0.0,0.1,0.4,1.3,0.0,0.7,0.3,0.9,0.1
112,bio0_whs1_land4_list1000_bld750,False,True,4,1000,750,109.6,3.6,28.8,8.8,45.0,11.3,10.0,7.4,6.6,26.8,28.1,25.2,26.8,18.7,50.9,40.3,12.9,118.2,2.6,4.3,11.9,15.9,0.0,15.1,15.5,28.4,16.5,0.0,0.0,0.0,0.0,0.0,0.0,0.0,0.0,0.0,0.0,0.0,0.0,0.0,0.0,0.0,0.0,0.0,0.0,0.0,0.0,0.0,0.0,0.0,0.0,0.0,0.0,0.0,18.0,0.0,0.0,0.0,0.0,0.0,0.0,0.0,0.0,0.0,0.0,1.8,0.8,6.3,0.0,0.0,0.0,0.0,0.0,0.0,0.1,0.1,0.0,0.0,0.0,0.2,0.2,21.1,0.0,5.9,1.2,19.9,3.5,2.4,3.7,0.0,1.1,0.6,5.5,17.1,7.9,24.2,17.1,0.2,19.4,0.9,1.7,4.8,7.5,0.0,5.6,9.1,13.1,7.5,1.1,0.1,0.1,0.0,1.0,0.1,0.1,0.1,0.7,0.9,1.4,1.3,1.4,0.8,4.1,4.6,1.8,26.4,0.4,0.3,1.5,2.4,0.0,2.9,2.2,4.9,2.6,48.5,3.4,15.0,4.8,16.7,5.0,5.1,2.2,5.5,18.3,19.4,13.2,7.4,3.8,22.3,18.1,10.4,69.0,1.3,2.3,5.4,5.2,0.0,6.4,4.2,10.1,6.2,0.2,0.0,0.1,0.0,0.1,0.0,0.1,0.0,0.0,0.1,0.1,0.1,0.0,0.0,0.0,0.0,0.0,0.1,0.0,0.0,0.0,0.0,0.0,0.0,0.0,0.0,0.0,20.7,0.1,7.6,2.8,7.4,2.7,2.4,1.4,0.5,6.5,6.6,3.3,0.1,0.0,0.3,0.5,0.5,3.3,0.0,0.0,0.1,0.8,0.0,0.2,0.0,0.1,0.0
113,bio0_whs1_land4_list1000_bld1000,False,True,4,1000,1000,109.6,3.6,28.8,8.8,45.0,11.3,10.0,7.4,6.6,26.8,28.1,25.2,26.8,18.7,50.9,40.3,12.9,118.2,2.6,4.3,11.9,15.9,0.0,15.1,15.5,28.4,16.5,0.0,0.0,0.0,0.0,0.0,0.0,0.0,0.0,0.0,0.0,0.0,0.0,0.0,0.0,0.0,0.0,0.0,0.0,0.0,0.0,0.0,0.0,0.0,0.0,0.0,0.0,0.0,18.0,0.0,0.0,0.0,0.0,0.0,0.0,0.0,0.0,0.0,0.0,1.8,0.8,6.3,0.0,0.0,0.0,0.0,0.0,0.0,0.1,0.1,0.0,0.0,0.0,0.2,0.2,21.1,0.0,5.9,1.2,19.9,3.5,2.4,3.7,0.0,1.1,0.6,5.5,17.1,7.9,24.2,17.1,0.2,19.4,0.9,1.7,4.8,7.5,0.0,5.6,9.1,13.1,7.5,1.1,0.1,0.1,0.0,1.0,0.1,0.1,0.1,0.7,0.9,1.4,1.3,1.4,0.8,4.1,4.6,1.8,26.4,0.4,0.3,1.5,2.4,0.0,2.9,2.2,4.9,2.6,56.4,3.4,18.1,5.9,19.3,6.0,6.1,2.7,5.7,20.8,22.0,14.5,7.4,3.8,22.5,18.4,10.7,70.7,1.3,2.3,5.4,5.4,0.0,6.5,4.2,10.2,6.2,0.1,0.0,0.1,0.0,0.0,0.0,0.0,0.0,0.0,0.1,0.1,0.0,0.0,0.0,0.0,0.0,0.0,0.0,0.0,0.0,0.0,0.0,0.0,0.0,0.0,0.0,0.0,12.9,0.0,4.6,1.6,4.8,1.7,1.4,0.9,0.3,3.9,4.0,2.1,0.0,0.0,0.1,0.2,0.2,1.7,0.0,0.0,0.0,0.5,0.0,0.0,0.0,0.0,0.0
114,bio0_whs1_land4_list1000_bld1250,False,True,4,1000,1250,109.6,3.6,28.8,8.8,45.0,11.3,10.0,7.4,6.6,26.8,28.1,25.2,26.8,18.7,50.9,40.3,12.9,118.2,2.6,4.3,11.9,15.9,0.0,15.1,15.5,28.4,16.5,0.0,0.0,0.0,0.0,0.0,0.0,0.0,0.0,0.0,0.0,0.0,0.0,0.0,0.0,0.0,0.0,0.0,0.0,0.0,0.0,0.0,0.0,0.0,0.0,0.0,0.0,0.0,18.0,0.0,0.0,0.0,0.0,0.0,0.0,0.0,0.0,0.0,0.0,1.8,0.8,6.3,0.0,0.0,0.0,0.0,0.0,0.0,0.1,0.1,0.0,0.0,0.0,0.2,0.2,21.1,0.0,5.9,1.2,19.9,3.5,2.4,3.7,0.0,1.1,0.6,5.5,17.1,7.9,24.2,17.1,0.2,19.4,0.9,1.7,4.8,7.5,0.0,5.6,9.1,13.1,7.5,1.1,0.1,0.1,0.0,1.0,0.1,0.1,0.1,0.7,0.9,1.4,1.3,1.4,0.8,4.1,4.6,1.8,26.4,0.4,0.3,1.5,2.4,0.0,2.9,2.2,4.9,2.6,61.3,3.4,20.0,6.6,21.0,6.7,6.7,3.1,5.8,22.4,23.5,15.2,7.4,3.8,22.6,18.5,10.8,71.5,1.3,2.3,5.4,5.6,0.0,6.5,4.2,10.2,6.2,0.1,0.0,0.1,0.0,0.0,0.0,0.0,0.0,0.0,0.0,0.0,0.0,0.0,0.0,0.0,0.0,0.0,0.0,0.0,0.0,0.0,0.0,0.0,0.0,0.0,0.0,0.0,8.0,0.0,2.7,0.9,3.1,1.0,0.8,0.5,0.2,2.4,2.5,1.4,0.0,0.0,0.0,0.1,0.1,0.9,0.0,0.0,0.0,0.3,0.0,0.0,0.0,0.0,0.0
115,bio0_whs1_land4_list1500_bld250,False,True,4,1500,250,109.6,3.6,28.8,8.8,45.0,11.3,10.0,7.4,6.6,26.8,28.1,25.2,26.8,18.7,50.9,40.3,12.9,118.2,2.6,4.3,11.9,15.9,0.0,15.1,15.5,28.4,16.5,0.0,0.0,0.0,0.0,0.0,0.0,0.0,0.0,0.0,0.0,0.0,0.0,0.0,0.0,0.0,0.0,0.0,0.0,0.0,0.0,0.0,0.0,0.0,0.0,0.0,0.0,0.0,18.0,0.0,0.0,0.0,0.0,0.0,0.0,0.0,0.0,0.0,0.0,1.8,0.8,6.3,0.0,0.0,0.0,0.0,0.0,0.0,0.1,0.1,0.0,0.0,0.0,0.2,0.2,21.1,0.0,5.9,1.2,19.9,3.5,2.4,3.7,0.0,1.1,0.6,5.5,17.1,7.9,24.2,17.1,0.2,19.4,0.9,1.7,4.8,7.5,0.0,5.6,9.1,13.1,7.5,2.5,0.3,0.3,0.1,2.2,0.3,0.2,0.2,1.5,2.3,3.3,3.2,3.0,1.7,9.4,9.8,3.8,52.0,0.8,0.7,2.9,4.7,0.0,5.2,4.2,9.0,4.8,9.6,0.7,3.3,0.7,2.6,0.9,1.0,0.5,1.1,2.4,2.5,2.0,1.6,0.9,6.2,4.2,1.6,15.8,0.4,0.6,1.5,1.2,0.0,1.5,1.0,2.3,1.8,0.8,0.1,0.3,0.1,0.3,0.1,0.1,0.1,0.2,0.4,0.4,0.3,0.2,0.1,0.4,0.4,0.1,1.7,0.0,0.1,0.2,0.1,0.0,0.1,0.1,0.3,0.3,57.6,2.4,19.0,6.8,19.9,6.5,6.3,2.9,3.9,20.6,21.3,12.5,4.0,1.8,10.7,8.8,7.2,29.3,0.4,1.1,2.3,2.3,0.0,2.6,1.1,3.5,1.9
116,bio0_whs1_land4_list1500_bld500,False,True,4,1500,500,109.6,3.6,28.8,8.8,45.0,11.3,10.0,7.4,6.6,26.8,28.1,25.2,26.8,18.7,50.9,40.3,12.9,118.2,2.6,4.3,11.9,15.9,0.0,15.1,15.5,28.4,16.5,0.0,0.0,0.0,0.0,0.0,0.0,0.0,0.0,0.0,0.0,0.0,0.0,0.0,0.0,0.0,0.0,0.0,0.0,0.0,0.0,0.0,0.0,0.0,0.0,0.0,0.0,0.0,18.0,0.0,0.0,0.0,0.0,0.0,0.0,0.0,0.0,0.0,0.0,1.8,0.8,6.3,0.0,0.0,0.0,0.0,0.0,0.0,0.1,0.1,0.0,0.0,0.0,0.2,0.2,21.1,0.0,5.9,1.2,19.9,3.5,2.4,3.7,0.0,1.1,0.6,5.5,17.1,7.9,24.2,17.1,0.2,19.4,0.9,1.7,4.8,7.5,0.0,5.6,9.1,13.1,7.5,2.5,0.3,0.3,0.1,2.2,0.3,0.2,0.2,1.5,2.3,3.3,3.2,3.0,1.7,9.4,9.8,3.8,52.0,0.8,0.7,2.9,4.7,0.0,5.2,4.2,9.0,4.8,33.3,2.9,9.8,2.9,11.0,3.3,3.3,1.4,4.0,11.7,12.1,8.7,5.1,2.6,15.6,11.4,6.9,38.5,0.9,1.9,3.7,2.5,0.0,3.6,2.1,5.3,3.9,0.4,0.0,0.2,0.1,0.1,0.1,0.1,0.0,0.0,0.2,0.2,0.1,0.1,0.0,0.1,0.1,0.1,0.3,0.0,0.0,0.0,0.0,0.0,0.0,0.0,0.0,0.0,34.3,0.3,12.5,4.6,11.8,4.2,4.0,2.0,1.1,11.5,11.8,6.0,0.6,0.2,1.6,1.9,2.0,7.9,0.0,0.1,0.3,1.1,0.0,0.6,0.2,0.7,0.1
117,bio0_whs1_land4_list1500_bld750,False,True,4,1500,750,109.6,3.6,28.8,8.8,45.0,11.3,10.0,7.4,6.6,26.8,28.1,25.2,26.8,18.7,50.9,40.3,12.9,118.2,2.6,4.3,11.9,15.9,0.0,15.1,15.5,28.4,16.5,0.0,0.0,0.0,0.0,0.0,0.0,0.0,0.0,0.0,0.0,0.0,0.0,0.0,0.0,0.0,0.0,0.0,0.0,0.0,0.0,0.0,0.0,0.0,0.0,0.0,0.0,0.0,18.0,0.0,0.0,0.0,0.0,0.0,0.0,0.0,0.0,0.0,0.0,1.8,0.8,6.3,0.0,0.0,0.0,0.0,0.0,0.0,0.1,0.1,0.0,0.0,0.0,0.2,0.2,21.1,0.0,5.9,1.2,19.9,3.5,2.4,3.7,0.0,1.1,0.6,5.5,17.1,7.9,24.2,17.1,0.2,19.4,0.9,1.7,4.8,7.5,0.0,5.6,9.1,13.1,7.5,2.5,0.3,0.3,0.1,2.2,0.3,0.2,0.2,1.5,2.3,3.3,3.2,3.0,1.7,9.4,9.8,3.8,52.0,0.8,0.7,2.9,4.7,0.0,5.2,4.2,9.0,4.8,47.2,3.2,14.8,4.7,15.5,4.8,5.0,2.1,4.7,17.0,17.6,11.5,5.8,2.9,17.0,12.8,8.4,43.5,0.9,1.9,4.0,2.9,0.0,4.1,2.2,5.9,4.0,0.2,0.0,0.1,0.0,0.1,0.0,0.1,0.0,0.0,0.1,0.1,0.1,0.0,0.0,0.0,0.0,0.0,0.1,0.0,0.0,0.0,0.0,0.0,0.0,0.0,0.0,0.0,20.7,0.1,7.6,2.8,7.3,2.7,2.4,1.3,0.5,6.4,6.5,3.2,0.1,0.0,0.3,0.5,0.5,3.2,0.0,0.0,0.1,0.7,0.0,0.2,0.0,0.1,0.0
118,bio0_whs1_land4_list1500_bld1000,False,True,4,1500,1000,109.6,3.6,28.8,8.8,45.0,11.3,10.0,7.4,6.6,26.8,28.1,25.2,26.8,18.7,50.9,40.3,12.9,118.2,2.6,4.3,11.9,15.9,0.0,15.1,15.5,28.4,16.5,0.0,0.0,0.0,0.0,0.0,0.0,0.0,0.0,0.0,0.0,0.0,0.0,0.0,0.0,0.0,0.0,0.0,0.0,0.0,0.0,0.0,0.0,0.0,0.0,0.0,0.0,0.0,18.0,0.0,0.0,0.0,0.0,0.0,0.0,0.0,0.0,0.0,0.0,1.8,0.8,6.3,0.0,0.0,0.0,0.0,0.0,0.0,0.1,0.1,0.0,0.0,0.0,0.2,0.2,21.1,0.0,5.9,1.2,19.9,3.5,2.4,3.7,0.0,1.1,0.6,5.5,17.1,7.9,24.2,17.1,0.2,19.4,0.9,1.7,4.8,7.5,0.0,5.6,9.1,13.1,7.5,2.5,0.3,0.3,0.1,2.2,0.3,0.2,0.2,1.5,2.3,3.3,3.2,3.0,1.7,9.4,9.8,3.8,52.0,0.8,0.7,2.9,4.7,0.0,5.2,4.2,9.0,4.8,55.0,3.2,17.9,5.9,18.1,5.8,6.0,2.6,4.9,19.5,20.2,12.7,5.8,2.9,17.2,13.1,8.7,45.1,0.9,1.9,4.0,3.1,0.0,4.2,2.2,6.0,4.0,0.1,0.0,0.1,0.0,0.0,0.0,0.0,0.0,0.0,0.1,0.1,0.0,0.0,0.0,0.0,0.0,0.0,0.0,0.0,0.0,0.0,0.0,0.0,0.0,0.0,0.0,0.0,12.9,0.0,4.6,1.6,4.8,1.7,1.4,0.9,0.3,3.9,4.0,2.1,0.0,0.0,0.1,0.2,0.2,1.7,0.0,0.0,0.0,0.5,0.0,0.0,0.0,0.0,0.0
119,bio0_whs1_land4_list1500_bld1250,False,True,4,1500,1250,109.6,3.6,28.8,8.8,45.0,11.3,10.0,7.4,6.6,26.8,28.1,25.2,26.8,18.7,50.9,40.3,12.9,118.2,2.6,4.3,11.9,15.9,0.0,15.1,15.5,28.4,16.5,0.0,0.0,0.0,0.0,0.0,0.0,0.0,0.0,0.0,0.0,0.0,0.0,0.0,0.0,0.0,0.0,0.0,0.0,0.0,0.0,0.0,0.0,0.0,0.0,0.0,0.0,0.0,18.0,0.0,0.0,0.0,0.0,0.0,0.0,0.0,0.0,0.0,0.0,1.8,0.8,6.3,0.0,0.0,0.0,0.0,0.0,0.0,0.1,0.1,0.0,0.0,0.0,0.2,0.2,21.1,0.0,5.9,1.2,19.9,3.5,2.4,3.7,0.0,1.1,0.6,5.5,17.1,7.9,24.2,17.1,0.2,19.4,0.9,1.7,4.8,7.5,0.0,5.6,9.1,13.1,7.5,2.5,0.3,0.3,0.1,2.2,0.3,0.2,0.2,1.5,2.3,3.3,3.2,3.0,1.7,9.4,9.8,3.8,52.0,0.8,0.7,2.9,4.7,0.0,5.2,4.2,9.0,4.8,59.9,3.3,19.8,6.6,19.7,6.5,6.6,2.9,5.0,21.0,21.7,13.4,5.8,2.9,17.2,13.3,8.8,45.8,0.9,1.9,4.0,3.2,0.0,4.2,2.2,6.1,4.0,0.1,0.0,0.1,0.0,0.0,0.0,0.0,0.0,0.0,0.0,0.0,0.0,0.0,0.0,0.0,0.0,0.0,0.0,0.0,0.0,0.0,0.0,0.0,0.0,0.0,0.0,0.0,8.0,0.0,2.7,0.9,3.1,1.0,0.8,0.5,0.2,2.4,2.5,1.4,0.0,0.0,0.0,0.1,0.1,0.9,0.0,0.0,0.0,0.3,0.0,0.0,0.0,0.0,0.0
120,bio1_whs0_land1_list500_bld250,True,False,1,500,250,109.6,3.6,28.8,8.8,45.0,11.3,10.0,7.4,6.6,26.8,28.1,25.2,26.8,18.7,50.9,40.3,12.9,118.2,2.6,4.3,11.9,15.9,0.0,15.1,15.5,28.4,16.5,49.9,0.7,8.5,2.1,21.3,2.1,4.6,3.6,1.2,8.4,3.5,6.0,14.1,5.5,16.8,9.3,1.9,17.1,1.2,0.8,2.7,2.6,0.0,5.1,1.2,6.7,3.2,0.0,0.0,0.0,0.0,0.0,0.0,0.0,0.0,0.0,0.0,0.0,0.0,0.0,0.0,0.0,0.0,0.0,0.0,0.0,0.0,0.0,0.0,0.0,0.0,0.0,0.0,0.0,0.0,0.0,0.0,0.0,0.0,0.0,0.0,0.0,0.0,0.0,0.0,0.0,0.0,0.0,0.0,0.0,0.0,0.0,0.0,0.0,0.0,0.0,0.0,0.0,0.0,0.0,0.0,0.1,0.0,0.0,0.0,0.2,0.0,0.0,0.0,0.1,0.1,0.2,0.3,0.3,0.3,0.9,1.1,0.3,5.2,0.1,0.1,0.4,0.8,0.0,0.9,1.0,1.3,0.8,9.4,0.6,2.9,0.5,2.8,1.1,0.5,0.4,1.2,2.2,2.8,2.9,3.2,2.7,12.2,10.9,2.5,40.5,0.6,1.2,2.9,4.8,0.0,4.4,5.6,7.4,4.8,0.8,0.1,0.3,0.0,0.4,0.1,0.1,0.1,0.2,0.4,0.5,0.4,0.3,0.3,0.8,0.9,0.2,3.3,0.1,0.2,0.4,0.5,0.0,0.4,0.7,0.9,0.8,49.4,2.2,17.1,6.0,20.4,7.9,4.7,3.3,4.0,15.7,21.0,15.8,8.8,9.8,20.3,18.1,8.1,52.0,0.7,2.0,5.4,7.3,0.0,4.2,7.1,12.2,6.9
121,bio1_whs0_land1_list500_bld500,True,False,1,500,500,109.6,3.6,28.8,8.8,45.0,11.3,10.0,7.4,6.6,26.8,28.1,25.2,26.8,18.7,50.9,40.3,12.9,118.2,2.6,4.3,11.9,15.9,0.0,15.1,15.5,28.4,16.5,49.9,0.7,8.5,2.1,21.3,2.1,4.6,3.6,1.2,8.4,3.5,6.0,14.1,5.5,16.8,9.3,1.9,17.1,1.2,0.8,2.7,2.6,0.0,5.1,1.2,6.7,3.2,0.0,0.0,0.0,0.0,0.0,0.0,0.0,0.0,0.0,0.0,0.0,0.0,0.0,0.0,0.0,0.0,0.0,0.0,0.0,0.0,0.0,0.0,0.0,0.0,0.0,0.0,0.0,0.0,0.0,0.0,0.0,0.0,0.0,0.0,0.0,0.0,0.0,0.0,0.0,0.0,0.0,0.0,0.0,0.0,0.0,0.0,0.0,0.0,0.0,0.0,0.0,0.0,0.0,0.0,0.1,0.0,0.0,0.0,0.2,0.0,0.0,0.0,0.1,0.1,0.2,0.3,0.3,0.3,0.9,1.1,0.3,5.2,0.1,0.1,0.4,0.8,0.0,0.9,1.0,1.3,0.8,31.1,2.7,9.0,2.5,11.5,3.8,2.1,1.4,4.3,10.8,13.6,12.1,10.5,8.8,29.7,26.6,9.2,88.8,1.3,3.2,7.2,11.2,0.0,8.8,12.2,18.3,11.4,0.4,0.0,0.2,0.0,0.2,0.1,0.1,0.1,0.1,0.2,0.2,0.2,0.1,0.1,0.2,0.2,0.1,0.5,0.0,0.0,0.1,0.1,0.0,0.0,0.1,0.2,0.1,28.0,0.2,11.1,4.1,11.8,5.2,3.2,2.4,1.1,7.3,10.4,6.8,1.7,4.0,3.3,3.1,1.5,6.5,0.1,0.1,1.5,1.2,0.0,0.2,1.1,2.0,1.0
122,bio1_whs0_land1_list500_bld750,True,False,1,500,750,109.6,3.6,28.8,8.8,45.0,11.3,10.0,7.4,6.6,26.8,28.1,25.2,26.8,18.7,50.9,40.3,12.9,118.2,2.6,4.3,11.9,15.9,0.0,15.1,15.5,28.4,16.5,49.9,0.7,8.5,2.1,21.3,2.1,4.6,3.6,1.2,8.4,3.5,6.0,14.1,5.5,16.8,9.3,1.9,17.1,1.2,0.8,2.7,2.6,0.0,5.1,1.2,6.7,3.2,0.0,0.0,0.0,0.0,0.0,0.0,0.0,0.0,0.0,0.0,0.0,0.0,0.0,0.0,0.0,0.0,0.0,0.0,0.0,0.0,0.0,0.0,0.0,0.0,0.0,0.0,0.0,0.0,0.0,0.0,0.0,0.0,0.0,0.0,0.0,0.0,0.0,0.0,0.0,0.0,0.0,0.0,0.0,0.0,0.0,0.0,0.0,0.0,0.0,0.0,0.0,0.0,0.0,0.0,0.1,0.0,0.0,0.0,0.2,0.0,0.0,0.0,0.1,0.1,0.2,0.3,0.3,0.3,0.9,1.1,0.3,5.2,0.1,0.1,0.4,0.8,0.0,0.9,1.0,1.3,0.8,42.9,2.9,13.5,4.1,16.0,5.7,3.4,2.1,4.9,14.6,19.0,15.6,11.9,11.0,32.6,29.3,10.6,94.3,1.3,3.4,8.0,12.3,0.0,9.0,13.2,20.2,12.0,0.2,0.0,0.1,0.0,0.1,0.0,0.0,0.0,0.0,0.1,0.1,0.1,0.0,0.0,0.0,0.0,0.0,0.1,0.0,0.0,0.0,0.0,0.0,0.0,0.0,0.0,0.0,16.5,0.0,6.6,2.5,7.4,3.4,2.0,1.7,0.5,3.6,5.2,3.3,0.4,1.9,0.6,0.6,0.1,1.5,0.0,0.0,0.7,0.2,0.0,0.0,0.2,0.2,0.5
123,bio1_whs0_land1_list500_bld1000,True,False,1,500,1000,109.6,3.6,28.8,8.8,45.0,11.3,10.0,7.4,6.6,26.8,28.1,25.2,26.8,18.7,50.9,40.3,12.9,118.2,2.6,4.3,11.9,15.9,0.0,15.1,15.5,28.4,16.5,49.9,0.7,8.5,2.1,21.3,2.1,4.6,3.6,1.2,8.4,3.5,6.0,14.1,5.5,16.8,9.3,1.9,17.1,1.2,0.8,2.7,2.6,0.0,5.1,1.2,6.7,3.2,0.0,0.0,0.0,0.0,0.0,0.0,0.0,0.0,0.0,0.0,0.0,0.0,0.0,0.0,0.0,0.0,0.0,0.0,0.0,0.0,0.0,0.0,0.0,0.0,0.0,0.0,0.0,0.0,0.0,0.0,0.0,0.0,0.0,0.0,0.0,0.0,0.0,0.0,0.0,0.0,0.0,0.0,0.0,0.0,0.0,0.0,0.0,0.0,0.0,0.0,0.0,0.0,0.0,0.0,0.1,0.0,0.0,0.0,0.2,0.0,0.0,0.0,0.1,0.1,0.2,0.3,0.3,0.3,0.9,1.1,0.3,5.2,0.1,0.1,0.4,0.8,0.0,0.9,1.0,1.3,0.8,49.2,2.9,16.2,5.2,18.7,7.0,4.1,2.6,5.1,16.2,21.3,17.1,12.1,11.9,33.1,29.7,10.7,95.1,1.3,3.4,8.3,12.5,0.0,9.0,13.4,20.4,12.2,0.1,0.0,0.1,0.0,0.0,0.0,0.0,0.0,0.0,0.0,0.1,0.0,0.0,0.0,0.0,0.0,0.0,0.0,0.0,0.0,0.0,0.0,0.0,0.0,0.0,0.0,0.0,10.2,0.0,3.9,1.4,4.8,2.1,1.2,1.2,0.3,2.0,2.9,1.9,0.2,0.9,0.2,0.2,0.0,0.7,0.0,0.0,0.4,0.1,0.0,0.0,0.0,0.0,0.2
124,bio1_whs0_land1_list500_bld1250,True,False,1,500,1250,109.6,3.6,28.8,8.8,45.0,11.3,10.0,7.4,6.6,26.8,28.1,25.2,26.8,18.7,50.9,40.3,12.9,118.2,2.6,4.3,11.9,15.9,0.0,15.1,15.5,28.4,16.5,49.9,0.7,8.5,2.1,21.3,2.1,4.6,3.6,1.2,8.4,3.5,6.0,14.1,5.5,16.8,9.3,1.9,17.1,1.2,0.8,2.7,2.6,0.0,5.1,1.2,6.7,3.2,0.0,0.0,0.0,0.0,0.0,0.0,0.0,0.0,0.0,0.0,0.0,0.0,0.0,0.0,0.0,0.0,0.0,0.0,0.0,0.0,0.0,0.0,0.0,0.0,0.0,0.0,0.0,0.0,0.0,0.0,0.0,0.0,0.0,0.0,0.0,0.0,0.0,0.0,0.0,0.0,0.0,0.0,0.0,0.0,0.0,0.0,0.0,0.0,0.0,0.0,0.0,0.0,0.0,0.0,0.1,0.0,0.0,0.0,0.2,0.0,0.0,0.0,0.1,0.1,0.2,0.3,0.3,0.3,0.9,1.1,0.3,5.2,0.1,0.1,0.4,0.8,0.0,0.9,1.0,1.3,0.8,53.0,2.9,17.9,5.8,20.4,7.8,4.6,3.0,5.2,17.1,22.6,18.0,12.2,12.4,33.2,29.9,10.7,95.5,1.3,3.4,8.5,12.5,0.0,9.0,13.4,20.4,12.3,0.1,0.0,0.1,0.0,0.0,0.0,0.0,0.0,0.0,0.0,0.0,0.0,0.0,0.0,0.0,0.0,0.0,0.0,0.0,0.0,0.0,0.0,0.0,0.0,0.0,0.0,0.0,6.4,0.0,2.3,0.8,3.0,1.3,0.7,0.8,0.2,1.2,1.7,1.1,0.1,0.5,0.1,0.1,0.0,0.4,0.0,0.0,0.2,0.0,0.0,0.0,0.0,0.0,0.1
125,bio1_whs0_land1_list1000_bld250,True,False,1,1000,250,109.6,3.6,28.8,8.8,45.0,11.3,10.0,7.4,6.6,26.8,28.1,25.2,26.8,18.7,50.9,40.3,12.9,118.2,2.6,4.3,11.9,15.9,0.0,15.1,15.5,28.4,16.5,49.9,0.7,8.5,2.1,21.3,2.1,4.6,3.6,1.2,8.4,3.5,6.0,14.1,5.5,16.8,9.3,1.9,17.1,1.2,0.8,2.7,2.6,0.0,5.1,1.2,6.7,3.2,0.0,0.0,0.0,0.0,0.0,0.0,0.0,0.0,0.0,0.0,0.0,0.0,0.0,0.0,0.0,0.0,0.0,0.0,0.0,0.0,0.0,0.0,0.0,0.0,0.0,0.0,0.0,0.0,0.0,0.0,0.0,0.0,0.0,0.0,0.0,0.0,0.0,0.0,0.0,0.0,0.0,0.0,0.0,0.0,0.0,0.0,0.0,0.0,0.0,0.0,0.0,0.0,0.0,0.0,0.8,0.1,0.1,0.0,0.9,0.1,0.0,0.1,0.5,0.8,1.3,1.5,1.8,1.5,5.2,6.4,1.8,28.6,0.3,0.4,1.8,4.2,0.0,4.1,4.8,7.0,3.6,9.2,0.6,2.9,0.5,2.6,1.1,0.5,0.4,1.1,2.1,2.6,2.6,2.8,2.4,10.4,8.6,1.9,29.2,0.5,1.0,2.3,3.2,0.0,2.9,3.8,4.9,3.6,0.7,0.1,0.3,0.0,0.3,0.1,0.1,0.1,0.2,0.4,0.4,0.4,0.3,0.3,0.7,0.8,0.1,2.7,0.1,0.2,0.3,0.4,0.0,0.3,0.5,0.7,0.6,48.9,2.1,17.0,6.0,19.8,7.9,4.7,3.3,3.7,15.2,20.1,14.8,7.8,8.9,17.9,15.2,7.2,40.6,0.5,1.8,4.7,5.5,0.0,2.7,5.2,9.2,5.4
126,bio1_whs0_land1_list1000_bld500,True,False,1,1000,500,109.6,3.6,28.8,8.8,45.0,11.3,10.0,7.4,6.6,26.8,28.1,25.2,26.8,18.7,50.9,40.3,12.9,118.2,2.6,4.3,11.9,15.9,0.0,15.1,15.5,28.4,16.5,49.9,0.7,8.5,2.1,21.3,2.1,4.6,3.6,1.2,8.4,3.5,6.0,14.1,5.5,16.8,9.3,1.9,17.1,1.2,0.8,2.7,2.6,0.0,5.1,1.2,6.7,3.2,0.0,0.0,0.0,0.0,0.0,0.0,0.0,0.0,0.0,0.0,0.0,0.0,0.0,0.0,0.0,0.0,0.0,0.0,0.0,0.0,0.0,0.0,0.0,0.0,0.0,0.0,0.0,0.0,0.0,0.0,0.0,0.0,0.0,0.0,0.0,0.0,0.0,0.0,0.0,0.0,0.0,0.0,0.0,0.0,0.0,0.0,0.0,0.0,0.0,0.0,0.0,0.0,0.0,0.0,0.8,0.1,0.1,0.0,0.9,0.1,0.0,0.1,0.5,0.8,1.3,1.5,1.8,1.5,5.2,6.4,1.8,28.6,0.3,0.4,1.8,4.2,0.0,4.1,4.8,7.0,3.6,30.5,2.6,8.9,2.5,10.9,3.7,2.1,1.3,3.9,10.2,12.7,11.0,9.1,7.6,25.6,21.6,7.8,65.9,1.0,2.9,5.8,7.9,0.0,5.7,8.5,12.8,8.6,0.4,0.0,0.2,0.0,0.2,0.1,0.1,0.1,0.1,0.2,0.2,0.2,0.1,0.1,0.2,0.2,0.1,0.5,0.0,0.0,0.1,0.1,0.0,0.0,0.1,0.1,0.1,28.0,0.2,11.1,4.1,11.7,5.2,3.2,2.3,1.0,7.2,10.3,6.7,1.6,3.9,3.1,2.9,1.4,6.1,0.1,0.1,1.5,1.1,0.0,0.2,0.9,1.8,1.0
127,bio1_whs0_land1_list1000_bld750,True,False,1,1000,750,109.6,3.6,28.8,8.8,45.0,11.3,10.0,7.4,6.6,26.8,28.1,25.2,26.8,18.7,50.9,40.3,12.9,118.2,2.6,4.3,11.9,15.9,0.0,15.1,15.5,28.4,16.5,49.9,0.7,8.5,2.1,21.3,2.1,4.6,3.6,1.2,8.4,3.5,6.0,14.1,5.5,16.8,9.3,1.9,17.1,1.2,0.8,2.7,2.6,0.0,5.1,1.2,6.7,3.2,0.0,0.0,0.0,0.0,0.0,0.0,0.0,0.0,0.0,0.0,0.0,0.0,0.0,0.0,0.0,0.0,0.0,0.0,0.0,0.0,0.0,0.0,0.0,0.0,0.0,0.0,0.0,0.0,0.0,0.0,0.0,0.0,0.0,0.0,0.0,0.0,0.0,0.0,0.0,0.0,0.0,0.0,0.0,0.0,0.0,0.0,0.0,0.0,0.0,0.0,0.0,0.0,0.0,0.0,0.8,0.1,0.1,0.0,0.9,0.1,0.0,0.1,0.5,0.8,1.3,1.5,1.8,1.5,5.2,6.4,1.8,28.6,0.3,0.4,1.8,4.2,0.0,4.1,4.8,7.0,3.6,42.2,2.8,13.4,4.1,15.3,5.6,3.3,2.0,4.5,14.0,18.0,14.4,10.4,9.7,28.3,24.0,9.1,70.9,1.1,3.0,6.7,8.8,0.0,5.8,9.4,14.5,9.2,0.2,0.0,0.1,0.0,0.1,0.0,0.0,0.0,0.0,0.1,0.1,0.1,0.0,0.0,0.0,0.0,0.0,0.1,0.0,0.0,0.0,0.0,0.0,0.0,0.0,0.0,0.0,16.5,0.0,6.6,2.5,7.4,3.4,2.0,1.7,0.5,3.6,5.2,3.3,0.4,1.9,0.6,0.6,0.1,1.5,0.0,0.0,0.7,0.2,0.0,0.0,0.2,0.2,0.5
128,bio1_whs0_land1_list1000_bld1000,True,False,1,1000,1000,109.6,3.6,28.8,8.8,45.0,11.3,10.0,7.4,6.6,26.8,28.1,25.2,26.8,18.7,50.9,40.3,12.9,118.2,2.6,4.3,11.9,15.9,0.0,15.1,15.5,28.4,16.5,49.9,0.7,8.5,2.1,21.3,2.1,4.6,3.6,1.2,8.4,3.5,6.0,14.1,5.5,16.8,9.3,1.9,17.1,1.2,0.8,2.7,2.6,0.0,5.1,1.2,6.7,3.2,0.0,0.0,0.0,0.0,0.0,0.0,0.0,0.0,0.0,0.0,0.0,0.0,0.0,0.0,0.0,0.0,0.0,0.0,0.0,0.0,0.0,0.0,0.0,0.0,0.0,0.0,0.0,0.0,0.0,0.0,0.0,0.0,0.0,0.0,0.0,0.0,0.0,0.0,0.0,0.0,0.0,0.0,0.0,0.0,0.0,0.0,0.0,0.0,0.0,0.0,0.0,0.0,0.0,0.0,0.8,0.1,0.1,0.0,0.9,0.1,0.0,0.1,0.5,0.8,1.3,1.5,1.8,1.5,5.2,6.4,1.8,28.6,0.3,0.4,1.8,4.2,0.0,4.1,4.8,7.0,3.6,48.6,2.8,16.1,5.1,18.0,6.9,4.1,2.5,4.7,15.6,20.2,15.9,10.6,10.7,28.7,24.4,9.2,71.7,1.1,3.0,7.0,9.0,0.0,5.8,9.5,14.8,9.4,0.1,0.0,0.1,0.0,0.0,0.0,0.0,0.0,0.0,0.0,0.1,0.0,0.0,0.0,0.0,0.0,0.0,0.0,0.0,0.0,0.0,0.0,0.0,0.0,0.0,0.0,0.0,10.2,0.0,3.9,1.4,4.8,2.1,1.2,1.2,0.3,2.0,2.9,1.9,0.2,0.9,0.2,0.2,0.0,0.7,0.0,0.0,0.4,0.1,0.0,0.0,0.0,0.0,0.2
129,bio1_whs0_land1_list1000_bld1250,True,False,1,1000,1250,109.6,3.6,28.8,8.8,45.0,11.3,10.0,7.4,6.6,26.8,28.1,25.2,26.8,18.7,50.9,40.3,12.9,118.2,2.6,4.3,11.9,15.9,0.0,15.1,15.5,28.4,16.5,49.9,0.7,8.5,2.1,21.3,2.1,4.6,3.6,1.2,8.4,3.5,6.0,14.1,5.5,16.8,9.3,1.9,17.1,1.2,0.8,2.7,2.6,0.0,5.1,1.2,6.7,3.2,0.0,0.0,0.0,0.0,0.0,0.0,0.0,0.0,0.0,0.0,0.0,0.0,0.0,0.0,0.0,0.0,0.0,0.0,0.0,0.0,0.0,0.0,0.0,0.0,0.0,0.0,0.0,0.0,0.0,0.0,0.0,0.0,0.0,0.0,0.0,0.0,0.0,0.0,0.0,0.0,0.0,0.0,0.0,0.0,0.0,0.0,0.0,0.0,0.0,0.0,0.0,0.0,0.0,0.0,0.8,0.1,0.1,0.0,0.9,0.1,0.0,0.1,0.5,0.8,1.3,1.5,1.8,1.5,5.2,6.4,1.8,28.6,0.3,0.4,1.8,4.2,0.0,4.1,4.8,7.0,3.6,52.4,2.8,17.8,5.7,19.7,7.7,4.6,2.9,4.8,16.4,21.5,16.7,10.7,11.1,28.9,24.5,9.2,72.1,1.1,3.0,7.1,9.0,0.0,5.8,9.5,14.8,9.5,0.1,0.0,0.1,0.0,0.0,0.0,0.0,0.0,0.0,0.0,0.0,0.0,0.0,0.0,0.0,0.0,0.0,0.0,0.0,0.0,0.0,0.0,0.0,0.0,0.0,0.0,0.0,6.4,0.0,2.3,0.8,3.0,1.3,0.7,0.8,0.2,1.2,1.7,1.1,0.1,0.5,0.1,0.1,0.0,0.4,0.0,0.0,0.2,0.0,0.0,0.0,0.0,0.0,0.1
130,bio1_whs0_land1_list1500_bld250,True,False,1,1500,250,109.6,3.6,28.8,8.8,45.0,11.3,10.0,7.4,6.6,26.8,28.1,25.2,26.8,18.7,50.9,40.3,12.9,118.2,2.6,4.3,11.9,15.9,0.0,15.1,15.5,28.4,16.5,49.9,0.7,8.5,2.1,21.3,2.1,4.6,3.6,1.2,8.4,3.5,6.0,14.1,5.5,16.8,9.3,1.9,17.1,1.2,0.8,2.7,2.6,0.0,5.1,1.2,6.7,3.2,0.0,0.0,0.0,0.0,0.0,0.0,0.0,0.0,0.0,0.0,0.0,0.0,0.0,0.0,0.0,0.0,0.0,0.0,0.0,0.0,0.0,0.0,0.0,0.0,0.0,0.0,0.0,0.0,0.0,0.0,0.0,0.0,0.0,0.0,0.0,0.0,0.0,0.0,0.0,0.0,0.0,0.0,0.0,0.0,0.0,0.0,0.0,0.0,0.0,0.0,0.0,0.0,0.0,0.0,1.9,0.2,0.3,0.1,2.1,0.3,0.1,0.2,1.0,2.0,3.1,3.5,3.9,3.3,11.7,13.8,3.7,56.3,0.6,0.9,3.3,8.3,0.0,7.1,9.2,13.0,6.6,9.0,0.6,2.9,0.5,2.3,1.0,0.5,0.4,0.9,1.9,2.3,2.2,2.2,1.9,7.8,5.7,1.4,16.6,0.4,0.8,1.6,1.6,0.0,1.4,2.0,2.6,2.4,0.7,0.1,0.2,0.0,0.3,0.1,0.1,0.1,0.2,0.4,0.4,0.3,0.2,0.3,0.5,0.5,0.1,1.9,0.0,0.2,0.3,0.2,0.0,0.2,0.3,0.4,0.4,48.1,2.0,16.8,6.0,18.9,7.7,4.6,3.1,3.3,14.2,18.7,13.3,6.4,7.7,14.1,11.0,5.9,26.2,0.4,1.6,3.9,3.1,0.0,1.3,2.9,5.7,3.8
131,bio1_whs0_land1_list1500_bld500,True,False,1,1500,500,109.6,3.6,28.8,8.8,45.0,11.3,10.0,7.4,6.6,26.8,28.1,25.2,26.8,18.7,50.9,40.3,12.9,118.2,2.6,4.3,11.9,15.9,0.0,15.1,15.5,28.4,16.5,49.9,0.7,8.5,2.1,21.3,2.1,4.6,3.6,1.2,8.4,3.5,6.0,14.1,5.5,16.8,9.3,1.9,17.1,1.2,0.8,2.7,2.6,0.0,5.1,1.2,6.7,3.2,0.0,0.0,0.0,0.0,0.0,0.0,0.0,0.0,0.0,0.0,0.0,0.0,0.0,0.0,0.0,0.0,0.0,0.0,0.0,0.0,0.0,0.0,0.0,0.0,0.0,0.0,0.0,0.0,0.0,0.0,0.0,0.0,0.0,0.0,0.0,0.0,0.0,0.0,0.0,0.0,0.0,0.0,0.0,0.0,0.0,0.0,0.0,0.0,0.0,0.0,0.0,0.0,0.0,0.0,1.9,0.2,0.3,0.1,2.1,0.3,0.1,0.2,1.0,2.0,3.1,3.5,3.9,3.3,11.7,13.8,3.7,56.3,0.6,0.9,3.3,8.3,0.0,7.1,9.2,13.0,6.6,29.6,2.5,8.8,2.4,9.9,3.6,2.1,1.3,3.4,9.3,11.3,9.3,7.2,6.2,19.6,14.8,6.0,39.4,0.7,2.4,4.4,4.2,0.0,2.7,4.5,7.3,5.7,0.4,0.0,0.2,0.0,0.1,0.1,0.1,0.1,0.0,0.2,0.2,0.2,0.1,0.1,0.1,0.1,0.1,0.3,0.0,0.0,0.0,0.1,0.0,0.0,0.0,0.1,0.0,27.8,0.2,11.0,4.1,11.6,5.2,3.1,2.3,1.0,6.9,9.9,6.4,1.5,3.6,2.8,2.3,1.3,5.0,0.0,0.1,1.4,0.7,0.0,0.1,0.6,1.4,0.9
132,bio1_whs0_land1_list1500_bld750,True,False,1,1500,750,109.6,3.6,28.8,8.8,45.0,11.3,10.0,7.4,6.6,26.8,28.1,25.2,26.8,18.7,50.9,40.3,12.9,118.2,2.6,4.3,11.9,15.9,0.0,15.1,15.5,28.4,16.5,49.9,0.7,8.5,2.1,21.3,2.1,4.6,3.6,1.2,8.4,3.5,6.0,14.1,5.5,16.8,9.3,1.9,17.1,1.2,0.8,2.7,2.6,0.0,5.1,1.2,6.7,3.2,0.0,0.0,0.0,0.0,0.0,0.0,0.0,0.0,0.0,0.0,0.0,0.0,0.0,0.0,0.0,0.0,0.0,0.0,0.0,0.0,0.0,0.0,0.0,0.0,0.0,0.0,0.0,0.0,0.0,0.0,0.0,0.0,0.0,0.0,0.0,0.0,0.0,0.0,0.0,0.0,0.0,0.0,0.0,0.0,0.0,0.0,0.0,0.0,0.0,0.0,0.0,0.0,0.0,0.0,1.9,0.2,0.3,0.1,2.1,0.3,0.1,0.2,1.0,2.0,3.1,3.5,3.9,3.3,11.7,13.8,3.7,56.3,0.6,0.9,3.3,8.3,0.0,7.1,9.2,13.0,6.6,41.2,2.7,13.3,4.1,14.2,5.4,3.3,1.9,3.9,12.9,16.3,12.5,8.3,8.1,21.8,16.7,7.2,43.2,0.8,2.6,5.1,4.8,0.0,2.8,5.0,8.5,6.2,0.2,0.0,0.1,0.0,0.1,0.0,0.0,0.0,0.0,0.1,0.1,0.1,0.0,0.0,0.0,0.0,0.0,0.0,0.0,0.0,0.0,0.0,0.0,0.0,0.0,0.0,0.0,16.5,0.0,6.6,2.4,7.3,3.4,1.9,1.7,0.5,3.5,5.1,3.3,0.4,1.8,0.6,0.5,0.1,1.5,0.0,0.0,0.7,0.2,0.0,0.0,0.1,0.2,0.4
133,bio1_whs0_land1_list1500_bld1000,True,False,1,1500,1000,109.6,3.6,28.8,8.8,45.0,11.3,10.0,7.4,6.6,26.8,28.1,25.2,26.8,18.7,50.9,40.3,12.9,118.2,2.6,4.3,11.9,15.9,0.0,15.1,15.5,28.4,16.5,49.9,0.7,8.5,2.1,21.3,2.1,4.6,3.6,1.2,8.4,3.5,6.0,14.1,5.5,16.8,9.3,1.9,17.1,1.2,0.8,2.7,2.6,0.0,5.1,1.2,6.7,3.2,0.0,0.0,0.0,0.0,0.0,0.0,0.0,0.0,0.0,0.0,0.0,0.0,0.0,0.0,0.0,0.0,0.0,0.0,0.0,0.0,0.0,0.0,0.0,0.0,0.0,0.0,0.0,0.0,0.0,0.0,0.0,0.0,0.0,0.0,0.0,0.0,0.0,0.0,0.0,0.0,0.0,0.0,0.0,0.0,0.0,0.0,0.0,0.0,0.0,0.0,0.0,0.0,0.0,0.0,1.9,0.2,0.3,0.1,2.1,0.3,0.1,0.2,1.0,2.0,3.1,3.5,3.9,3.3,11.7,13.8,3.7,56.3,0.6,0.9,3.3,8.3,0.0,7.1,9.2,13.0,6.6,47.5,2.7,16.0,5.1,16.8,6.7,4.0,2.4,4.1,14.4,18.5,14.0,8.6,9.0,22.3,17.1,7.3,44.0,0.8,2.6,5.4,4.9,0.0,2.9,5.1,8.7,6.4,0.1,0.0,0.1,0.0,0.0,0.0,0.0,0.0,0.0,0.0,0.1,0.0,0.0,0.0,0.0,0.0,0.0,0.0,0.0,0.0,0.0,0.0,0.0,0.0,0.0,0.0,0.0,10.2,0.0,3.9,1.4,4.7,2.1,1.2,1.2,0.3,2.0,2.9,1.8,0.2,0.9,0.2,0.2,0.0,0.7,0.0,0.0,0.4,0.0,0.0,0.0,0.0,0.0,0.2
134,bio1_whs0_land1_list1500_bld1250,True,False,1,1500,1250,109.6,3.6,28.8,8.8,45.0,11.3,10.0,7.4,6.6,26.8,28.1,25.2,26.8,18.7,50.9,40.3,12.9,118.2,2.6,4.3,11.9,15.9,0.0,15.1,15.5,28.4,16.5,49.9,0.7,8.5,2.1,21.3,2.1,4.6,3.6,1.2,8.4,3.5,6.0,14.1,5.5,16.8,9.3,1.9,17.1,1.2,0.8,2.7,2.6,0.0,5.1,1.2,6.7,3.2,0.0,0.0,0.0,0.0,0.0,0.0,0.0,0.0,0.0,0.0,0.0,0.0,0.0,0.0,0.0,0.0,0.0,0.0,0.0,0.0,0.0,0.0,0.0,0.0,0.0,0.0,0.0,0.0,0.0,0.0,0.0,0.0,0.0,0.0,0.0,0.0,0.0,0.0,0.0,0.0,0.0,0.0,0.0,0.0,0.0,0.0,0.0,0.0,0.0,0.0,0.0,0.0,0.0,0.0,1.9,0.2,0.3,0.1,2.1,0.3,0.1,0.2,1.0,2.0,3.1,3.5,3.9,3.3,11.7,13.8,3.7,56.3,0.6,0.9,3.3,8.3,0.0,7.1,9.2,13.0,6.6,51.3,2.7,17.7,5.7,18.5,7.5,4.5,2.8,4.2,15.2,19.7,14.8,8.7,9.4,22.4,17.2,7.3,44.3,0.8,2.6,5.6,4.9,0.0,2.9,5.1,8.7,6.5,0.1,0.0,0.1,0.0,0.0,0.0,0.0,0.0,0.0,0.0,0.0,0.0,0.0,0.0,0.0,0.0,0.0,0.0,0.0,0.0,0.0,0.0,0.0,0.0,0.0,0.0,0.0,6.4,0.0,2.3,0.8,3.0,1.3,0.7,0.8,0.2,1.2,1.7,1.1,0.1,0.5,0.1,0.1,0.0,0.4,0.0,0.0,0.2,0.0,0.0,0.0,0.0,0.0,0.1
135,bio1_whs0_land2_list500_bld250,True,False,2,500,250,109.6,3.6,28.8,8.8,45.0,11.3,10.0,7.4,6.6,26.8,28.1,25.2,26.8,18.7,50.9,40.3,12.9,118.2,2.6,4.3,11.9,15.9,0.0,15.1,15.5,28.4,16.5,49.9,0.7,8.5,2.1,21.3,2.1,4.6,3.6,1.2,8.4,3.5,6.0,14.1,5.5,16.8,9.3,1.9,17.1,1.2,0.8,2.7,2.6,0.0,5.1,1.2,6.7,3.2,0.0,0.0,0.0,0.0,0.0,0.0,0.0,0.0,0.0,0.0,0.0,0.0,0.0,0.0,0.0,0.0,0.0,0.0,0.0,0.0,0.0,0.0,0.0,0.0,0.0,0.0,0.0,3.2,0.0,0.0,0.0,4.0,1.5,0.0,1.8,0.0,0.0,0.2,4.4,0.5,7.9,5.1,3.5,0.0,2.1,0.1,1.0,2.7,0.0,0.0,0.0,2.1,2.6,2.2,0.1,0.0,0.0,0.0,0.2,0.0,0.0,0.0,0.1,0.1,0.2,0.2,0.3,0.2,0.8,1.0,0.3,5.1,0.1,0.1,0.3,0.8,0.0,0.9,0.8,1.2,0.7,9.1,0.6,2.9,0.5,2.6,0.9,0.5,0.2,1.2,2.2,2.8,2.5,3.1,1.5,11.2,9.8,2.5,40.1,0.6,0.8,2.5,4.8,0.0,4.4,5.0,6.8,4.4,0.7,0.1,0.3,0.0,0.3,0.1,0.1,0.0,0.2,0.4,0.5,0.3,0.3,0.2,0.7,0.8,0.2,3.3,0.1,0.2,0.3,0.5,0.0,0.4,0.6,0.8,0.7,46.5,2.2,17.1,6.0,16.6,6.7,4.7,1.8,4.0,15.7,20.9,11.8,8.4,3.4,16.3,15.9,8.1,50.4,0.6,1.4,3.3,7.3,0.0,4.2,5.8,10.3,5.2
136,bio1_whs0_land2_list500_bld500,True,False,2,500,500,109.6,3.6,28.8,8.8,45.0,11.3,10.0,7.4,6.6,26.8,28.1,25.2,26.8,18.7,50.9,40.3,12.9,118.2,2.6,4.3,11.9,15.9,0.0,15.1,15.5,28.4,16.5,49.9,0.7,8.5,2.1,21.3,2.1,4.6,3.6,1.2,8.4,3.5,6.0,14.1,5.5,16.8,9.3,1.9,17.1,1.2,0.8,2.7,2.6,0.0,5.1,1.2,6.7,3.2,0.0,0.0,0.0,0.0,0.0,0.0,0.0,0.0,0.0,0.0,0.0,0.0,0.0,0.0,0.0,0.0,0.0,0.0,0.0,0.0,0.0,0.0,0.0,0.0,0.0,0.0,0.0,3.2,0.0,0.0,0.0,4.0,1.5,0.0,1.8,0.0,0.0,0.2,4.4,0.5,7.9,5.1,3.5,0.0,2.1,0.1,1.0,2.7,0.0,0.0,0.0,2.1,2.6,2.2,0.1,0.0,0.0,0.0,0.2,0.0,0.0,0.0,0.1,0.1,0.2,0.2,0.3,0.2,0.8,1.0,0.3,5.1,0.1,0.1,0.3,0.8,0.0,0.9,0.8,1.2,0.7,29.9,2.7,9.0,2.5,10.6,3.3,2.1,0.8,4.3,10.8,13.5,10.2,10.1,4.5,26.3,24.1,9.2,87.4,1.2,2.3,5.8,11.2,0.0,8.8,10.6,16.2,10.1,0.4,0.0,0.2,0.0,0.1,0.1,0.1,0.0,0.1,0.2,0.2,0.2,0.1,0.0,0.2,0.1,0.1,0.5,0.0,0.0,0.0,0.1,0.0,0.0,0.1,0.1,0.1,26.0,0.2,11.1,4.1,8.8,4.3,3.2,1.2,1.1,7.3,10.4,4.3,1.6,0.6,1.8,2.3,1.5,5.8,0.0,0.1,0.3,1.2,0.0,0.2,0.7,1.6,0.2
137,bio1_whs0_land2_list500_bld750,True,False,2,500,750,109.6,3.6,28.8,8.8,45.0,11.3,10.0,7.4,6.6,26.8,28.1,25.2,26.8,18.7,50.9,40.3,12.9,118.2,2.6,4.3,11.9,15.9,0.0,15.1,15.5,28.4,16.5,49.9,0.7,8.5,2.1,21.3,2.1,4.6,3.6,1.2,8.4,3.5,6.0,14.1,5.5,16.8,9.3,1.9,17.1,1.2,0.8,2.7,2.6,0.0,5.1,1.2,6.7,3.2,0.0,0.0,0.0,0.0,0.0,0.0,0.0,0.0,0.0,0.0,0.0,0.0,0.0,0.0,0.0,0.0,0.0,0.0,0.0,0.0,0.0,0.0,0.0,0.0,0.0,0.0,0.0,3.2,0.0,0.0,0.0,4.0,1.5,0.0,1.8,0.0,0.0,0.2,4.4,0.5,7.9,5.1,3.5,0.0,2.1,0.1,1.0,2.7,0.0,0.0,0.0,2.1,2.6,2.2,0.1,0.0,0.0,0.0,0.2,0.0,0.0,0.0,0.1,0.1,0.2,0.2,0.3,0.2,0.8,1.0,0.3,5.1,0.1,0.1,0.3,0.8,0.0,0.9,0.8,1.2,0.7,40.9,2.9,13.5,4.1,14.2,4.8,3.4,1.2,4.9,14.6,18.9,12.6,11.4,4.9,28.0,26.3,10.6,92.5,1.2,2.4,6.1,12.3,0.0,9.0,11.3,17.7,10.3,0.2,0.0,0.1,0.0,0.1,0.0,0.0,0.0,0.0,0.1,0.1,0.1,0.0,0.0,0.0,0.0,0.0,0.0,0.0,0.0,0.0,0.0,0.0,0.0,0.0,0.0,0.0,15.3,0.0,6.6,2.5,5.3,2.8,2.0,0.8,0.5,3.6,5.2,1.9,0.4,0.1,0.2,0.3,0.1,1.2,0.0,0.0,0.0,0.2,0.0,0.0,0.1,0.2,0.0
138,bio1_whs0_land2_list500_bld1000,True,False,2,500,1000,109.6,3.6,28.8,8.8,45.0,11.3,10.0,7.4,6.6,26.8,28.1,25.2,26.8,18.7,50.9,40.3,12.9,118.2,2.6,4.3,11.9,15.9,0.0,15.1,15.5,28.4,16.5,49.9,0.7,8.5,2.1,21.3,2.1,4.6,3.6,1.2,8.4,3.5,6.0,14.1,5.5,16.8,9.3,1.9,17.1,1.2,0.8,2.7,2.6,0.0,5.1,1.2,6.7,3.2,0.0,0.0,0.0,0.0,0.0,0.0,0.0,0.0,0.0,0.0,0.0,0.0,0.0,0.0,0.0,0.0,0.0,0.0,0.0,0.0,0.0,0.0,0.0,0.0,0.0,0.0,0.0,3.2,0.0,0.0,0.0,4.0,1.5,0.0,1.8,0.0,0.0,0.2,4.4,0.5,7.9,5.1,3.5,0.0,2.1,0.1,1.0,2.7,0.0,0.0,0.0,2.1,2.6,2.2,0.1,0.0,0.0,0.0,0.2,0.0,0.0,0.0,0.1,0.1,0.2,0.2,0.3,0.2,0.8,1.0,0.3,5.1,0.1,0.1,0.3,0.8,0.0,0.9,0.8,1.2,0.7,46.8,2.9,16.2,5.2,16.2,5.9,4.1,1.5,5.1,16.2,21.2,13.5,11.6,5.0,28.2,26.5,10.7,93.2,1.2,2.4,6.1,12.5,0.0,9.0,11.4,17.9,10.3,0.1,0.0,0.1,0.0,0.0,0.0,0.0,0.0,0.0,0.0,0.1,0.0,0.0,0.0,0.0,0.0,0.0,0.0,0.0,0.0,0.0,0.0,0.0,0.0,0.0,0.0,0.0,9.5,0.0,3.9,1.4,3.3,1.8,1.2,0.5,0.3,2.0,2.9,1.1,0.2,0.0,0.1,0.1,0.0,0.5,0.0,0.0,0.0,0.1,0.0,0.0,0.0,0.0,0.0
139,bio1_whs0_land2_list500_bld1250,True,False,2,500,1250,109.6,3.6,28.8,8.8,45.0,11.3,10.0,7.4,6.6,26.8,28.1,25.2,26.8,18.7,50.9,40.3,12.9,118.2,2.6,4.3,11.9,15.9,0.0,15.1,15.5,28.4,16.5,49.9,0.7,8.5,2.1,21.3,2.1,4.6,3.6,1.2,8.4,3.5,6.0,14.1,5.5,16.8,9.3,1.9,17.1,1.2,0.8,2.7,2.6,0.0,5.1,1.2,6.7,3.2,0.0,0.0,0.0,0.0,0.0,0.0,0.0,0.0,0.0,0.0,0.0,0.0,0.0,0.0,0.0,0.0,0.0,0.0,0.0,0.0,0.0,0.0,0.0,0.0,0.0,0.0,0.0,3.2,0.0,0.0,0.0,4.0,1.5,0.0,1.8,0.0,0.0,0.2,4.4,0.5,7.9,5.1,3.5,0.0,2.1,0.1,1.0,2.7,0.0,0.0,0.0,2.1,2.6,2.2,0.1,0.0,0.0,0.0,0.2,0.0,0.0,0.0,0.1,0.1,0.2,0.2,0.3,0.2,0.8,1.0,0.3,5.1,0.1,0.1,0.3,0.8,0.0,0.9,0.8,1.2,0.7,50.3,2.9,17.9,5.8,17.4,6.6,4.6,1.7,5.2,17.1,22.4,13.9,11.7,5.0,28.2,26.5,10.7,93.5,1.2,2.4,6.1,12.5,0.0,9.0,11.4,17.9,10.3,0.1,0.0,0.1,0.0,0.0,0.0,0.0,0.0,0.0,0.0,0.0,0.0,0.0,0.0,0.0,0.0,0.0,0.0,0.0,0.0,0.0,0.0,0.0,0.0,0.0,0.0,0.0,6.0,0.0,2.3,0.8,2.1,1.1,0.7,0.3,0.2,1.2,1.7,0.7,0.1,0.0,0.0,0.0,0.0,0.3,0.0,0.0,0.0,0.0,0.0,0.0,0.0,0.0,0.0
140,bio1_whs0_land2_list1000_bld250,True,False,2,1000,250,109.6,3.6,28.8,8.8,45.0,11.3,10.0,7.4,6.6,26.8,28.1,25.2,26.8,18.7,50.9,40.3,12.9,118.2,2.6,4.3,11.9,15.9,0.0,15.1,15.5,28.4,16.5,49.9,0.7,8.5,2.1,21.3,2.1,4.6,3.6,1.2,8.4,3.5,6.0,14.1,5.5,16.8,9.3,1.9,17.1,1.2,0.8,2.7,2.6,0.0,5.1,1.2,6.7,3.2,0.0,0.0,0.0,0.0,0.0,0.0,0.0,0.0,0.0,0.0,0.0,0.0,0.0,0.0,0.0,0.0,0.0,0.0,0.0,0.0,0.0,0.0,0.0,0.0,0.0,0.0,0.0,3.2,0.0,0.0,0.0,4.0,1.5,0.0,1.8,0.0,0.0,0.2,4.4,0.5,7.9,5.1,3.5,0.0,2.1,0.1,1.0,2.7,0.0,0.0,0.0,2.1,2.6,2.2,0.7,0.1,0.1,0.0,0.8,0.1,0.0,0.1,0.5,0.8,1.3,1.3,1.8,0.9,4.9,6.0,1.8,28.3,0.3,0.3,1.5,4.2,0.0,4.1,4.2,6.4,3.2,8.9,0.6,2.9,0.5,2.4,0.9,0.5,0.2,1.1,2.1,2.6,2.2,2.7,1.3,9.4,7.7,1.9,28.8,0.5,0.8,2.0,3.2,0.0,2.9,3.4,4.5,3.3,0.7,0.1,0.3,0.0,0.3,0.1,0.1,0.0,0.2,0.4,0.4,0.3,0.3,0.2,0.6,0.7,0.1,2.7,0.0,0.1,0.3,0.4,0.0,0.3,0.5,0.6,0.6,46.1,2.1,17.0,6.0,16.1,6.6,4.7,1.7,3.7,15.2,20.0,11.0,7.4,2.9,14.1,13.2,7.2,39.1,0.4,1.3,2.7,5.5,0.0,2.7,4.2,7.6,3.9
141,bio1_whs0_land2_list1000_bld500,True,False,2,1000,500,109.6,3.6,28.8,8.8,45.0,11.3,10.0,7.4,6.6,26.8,28.1,25.2,26.8,18.7,50.9,40.3,12.9,118.2,2.6,4.3,11.9,15.9,0.0,15.1,15.5,28.4,16.5,49.9,0.7,8.5,2.1,21.3,2.1,4.6,3.6,1.2,8.4,3.5,6.0,14.1,5.5,16.8,9.3,1.9,17.1,1.2,0.8,2.7,2.6,0.0,5.1,1.2,6.7,3.2,0.0,0.0,0.0,0.0,0.0,0.0,0.0,0.0,0.0,0.0,0.0,0.0,0.0,0.0,0.0,0.0,0.0,0.0,0.0,0.0,0.0,0.0,0.0,0.0,0.0,0.0,0.0,3.2,0.0,0.0,0.0,4.0,1.5,0.0,1.8,0.0,0.0,0.2,4.4,0.5,7.9,5.1,3.5,0.0,2.1,0.1,1.0,2.7,0.0,0.0,0.0,2.1,2.6,2.2,0.7,0.1,0.1,0.0,0.8,0.1,0.0,0.1,0.5,0.8,1.3,1.3,1.8,0.9,4.9,6.0,1.8,28.3,0.3,0.3,1.5,4.2,0.0,4.1,4.2,6.4,3.2,29.3,2.6,8.9,2.5,10.0,3.2,2.1,0.8,3.9,10.2,12.6,9.2,8.8,3.8,22.3,19.4,7.8,64.8,0.9,2.1,4.6,7.9,0.0,5.7,7.3,11.1,7.6,0.4,0.0,0.2,0.0,0.1,0.1,0.1,0.0,0.1,0.2,0.2,0.2,0.1,0.0,0.1,0.1,0.1,0.4,0.0,0.0,0.0,0.1,0.0,0.0,0.1,0.1,0.1,26.0,0.2,11.1,4.1,8.7,4.3,3.2,1.2,1.0,7.2,10.2,4.2,1.5,0.5,1.7,2.1,1.4,5.3,0.0,0.1,0.3,1.1,0.0,0.2,0.6,1.5,0.2
142,bio1_whs0_land2_list1000_bld750,True,False,2,1000,750,109.6,3.6,28.8,8.8,45.0,11.3,10.0,7.4,6.6,26.8,28.1,25.2,26.8,18.7,50.9,40.3,12.9,118.2,2.6,4.3,11.9,15.9,0.0,15.1,15.5,28.4,16.5,49.9,0.7,8.5,2.1,21.3,2.1,4.6,3.6,1.2,8.4,3.5,6.0,14.1,5.5,16.8,9.3,1.9,17.1,1.2,0.8,2.7,2.6,0.0,5.1,1.2,6.7,3.2,0.0,0.0,0.0,0.0,0.0,0.0,0.0,0.0,0.0,0.0,0.0,0.0,0.0,0.0,0.0,0.0,0.0,0.0,0.0,0.0,0.0,0.0,0.0,0.0,0.0,0.0,0.0,3.2,0.0,0.0,0.0,4.0,1.5,0.0,1.8,0.0,0.0,0.2,4.4,0.5,7.9,5.1,3.5,0.0,2.1,0.1,1.0,2.7,0.0,0.0,0.0,2.1,2.6,2.2,0.7,0.1,0.1,0.0,0.8,0.1,0.0,0.1,0.5,0.8,1.3,1.3,1.8,0.9,4.9,6.0,1.8,28.3,0.3,0.3,1.5,4.2,0.0,4.1,4.2,6.4,3.2,40.3,2.8,13.4,4.1,13.5,4.7,3.3,1.2,4.5,14.0,17.8,11.6,10.0,4.2,23.9,21.3,9.1,69.4,1.0,2.2,4.9,8.8,0.0,5.8,7.9,12.5,7.8,0.2,0.0,0.1,0.0,0.1,0.0,0.0,0.0,0.0,0.1,0.1,0.1,0.0,0.0,0.0,0.0,0.0,0.0,0.0,0.0,0.0,0.0,0.0,0.0,0.0,0.0,0.0,15.3,0.0,6.6,2.5,5.2,2.8,2.0,0.8,0.5,3.6,5.1,1.9,0.4,0.1,0.2,0.3,0.1,1.2,0.0,0.0,0.0,0.2,0.0,0.0,0.1,0.2,0.0
143,bio1_whs0_land2_list1000_bld1000,True,False,2,1000,1000,109.6,3.6,28.8,8.8,45.0,11.3,10.0,7.4,6.6,26.8,28.1,25.2,26.8,18.7,50.9,40.3,12.9,118.2,2.6,4.3,11.9,15.9,0.0,15.1,15.5,28.4,16.5,49.9,0.7,8.5,2.1,21.3,2.1,4.6,3.6,1.2,8.4,3.5,6.0,14.1,5.5,16.8,9.3,1.9,17.1,1.2,0.8,2.7,2.6,0.0,5.1,1.2,6.7,3.2,0.0,0.0,0.0,0.0,0.0,0.0,0.0,0.0,0.0,0.0,0.0,0.0,0.0,0.0,0.0,0.0,0.0,0.0,0.0,0.0,0.0,0.0,0.0,0.0,0.0,0.0,0.0,3.2,0.0,0.0,0.0,4.0,1.5,0.0,1.8,0.0,0.0,0.2,4.4,0.5,7.9,5.1,3.5,0.0,2.1,0.1,1.0,2.7,0.0,0.0,0.0,2.1,2.6,2.2,0.7,0.1,0.1,0.0,0.8,0.1,0.0,0.1,0.5,0.8,1.3,1.3,1.8,0.9,4.9,6.0,1.8,28.3,0.3,0.3,1.5,4.2,0.0,4.1,4.2,6.4,3.2,46.2,2.8,16.1,5.1,15.5,5.8,4.1,1.4,4.7,15.6,20.1,12.4,10.2,4.3,24.1,21.5,9.2,70.1,1.0,2.2,4.9,9.0,0.0,5.8,8.0,12.7,7.8,0.1,0.0,0.1,0.0,0.0,0.0,0.0,0.0,0.0,0.0,0.1,0.0,0.0,0.0,0.0,0.0,0.0,0.0,0.0,0.0,0.0,0.0,0.0,0.0,0.0,0.0,0.0,9.5,0.0,3.9,1.4,3.3,1.8,1.2,0.5,0.3,2.0,2.9,1.1,0.2,0.0,0.1,0.1,0.0,0.5,0.0,0.0,0.0,0.1,0.0,0.0,0.0,0.0,0.0
144,bio1_whs0_land2_list1000_bld1250,True,False,2,1000,1250,109.6,3.6,28.8,8.8,45.0,11.3,10.0,7.4,6.6,26.8,28.1,25.2,26.8,18.7,50.9,40.3,12.9,118.2,2.6,4.3,11.9,15.9,0.0,15.1,15.5,28.4,16.5,49.9,0.7,8.5,2.1,21.3,2.1,4.6,3.6,1.2,8.4,3.5,6.0,14.1,5.5,16.8,9.3,1.9,17.1,1.2,0.8,2.7,2.6,0.0,5.1,1.2,6.7,3.2,0.0,0.0,0.0,0.0,0.0,0.0,0.0,0.0,0.0,0.0,0.0,0.0,0.0,0.0,0.0,0.0,0.0,0.0,0.0,0.0,0.0,0.0,0.0,0.0,0.0,0.0,0.0,3.2,0.0,0.0,0.0,4.0,1.5,0.0,1.8,0.0,0.0,0.2,4.4,0.5,7.9,5.1,3.5,0.0,2.1,0.1,1.0,2.7,0.0,0.0,0.0,2.1,2.6,2.2,0.7,0.1,0.1,0.0,0.8,0.1,0.0,0.1,0.5,0.8,1.3,1.3,1.8,0.9,4.9,6.0,1.8,28.3,0.3,0.3,1.5,4.2,0.0,4.1,4.2,6.4,3.2,49.7,2.8,17.8,5.7,16.7,6.5,4.6,1.6,4.8,16.4,21.3,12.8,10.3,4.3,24.1,21.6,9.2,70.3,1.0,2.2,4.9,9.0,0.0,5.8,8.0,12.7,7.8,0.1,0.0,0.1,0.0,0.0,0.0,0.0,0.0,0.0,0.0,0.0,0.0,0.0,0.0,0.0,0.0,0.0,0.0,0.0,0.0,0.0,0.0,0.0,0.0,0.0,0.0,0.0,6.0,0.0,2.3,0.8,2.1,1.1,0.7,0.3,0.2,1.2,1.7,0.7,0.1,0.0,0.0,0.0,0.0,0.3,0.0,0.0,0.0,0.0,0.0,0.0,0.0,0.0,0.0
145,bio1_whs0_land2_list1500_bld250,True,False,2,1500,250,109.6,3.6,28.8,8.8,45.0,11.3,10.0,7.4,6.6,26.8,28.1,25.2,26.8,18.7,50.9,40.3,12.9,118.2,2.6,4.3,11.9,15.9,0.0,15.1,15.5,28.4,16.5,49.9,0.7,8.5,2.1,21.3,2.1,4.6,3.6,1.2,8.4,3.5,6.0,14.1,5.5,16.8,9.3,1.9,17.1,1.2,0.8,2.7,2.6,0.0,5.1,1.2,6.7,3.2,0.0,0.0,0.0,0.0,0.0,0.0,0.0,0.0,0.0,0.0,0.0,0.0,0.0,0.0,0.0,0.0,0.0,0.0,0.0,0.0,0.0,0.0,0.0,0.0,0.0,0.0,0.0,3.2,0.0,0.0,0.0,4.0,1.5,0.0,1.8,0.0,0.0,0.2,4.4,0.5,7.9,5.1,3.5,0.0,2.1,0.1,1.0,2.7,0.0,0.0,0.0,2.1,2.6,2.2,1.7,0.2,0.3,0.1,2.0,0.3,0.1,0.2,1.0,2.0,3.1,3.0,3.8,1.8,11.0,12.8,3.7,55.7,0.6,0.6,2.8,8.3,0.0,7.1,8.0,11.9,5.9,8.7,0.6,2.9,0.5,2.2,0.8,0.5,0.2,0.9,1.9,2.3,1.8,2.1,1.0,7.0,5.0,1.4,16.4,0.3,0.6,1.4,1.6,0.0,1.4,1.8,2.3,2.2,0.7,0.1,0.2,0.0,0.3,0.1,0.1,0.0,0.2,0.4,0.4,0.3,0.2,0.1,0.5,0.5,0.1,1.8,0.0,0.1,0.2,0.2,0.0,0.2,0.3,0.3,0.4,45.3,2.0,16.8,6.0,15.3,6.5,4.6,1.6,3.3,14.2,18.6,9.7,6.0,2.3,10.7,9.3,5.9,25.0,0.3,1.1,2.0,3.1,0.0,1.3,2.2,4.5,2.5
146,bio1_whs0_land2_list1500_bld500,True,False,2,1500,500,109.6,3.6,28.8,8.8,45.0,11.3,10.0,7.4,6.6,26.8,28.1,25.2,26.8,18.7,50.9,40.3,12.9,118.2,2.6,4.3,11.9,15.9,0.0,15.1,15.5,28.4,16.5,49.9,0.7,8.5,2.1,21.3,2.1,4.6,3.6,1.2,8.4,3.5,6.0,14.1,5.5,16.8,9.3,1.9,17.1,1.2,0.8,2.7,2.6,0.0,5.1,1.2,6.7,3.2,0.0,0.0,0.0,0.0,0.0,0.0,0.0,0.0,0.0,0.0,0.0,0.0,0.0,0.0,0.0,0.0,0.0,0.0,0.0,0.0,0.0,0.0,0.0,0.0,0.0,0.0,0.0,3.2,0.0,0.0,0.0,4.0,1.5,0.0,1.8,0.0,0.0,0.2,4.4,0.5,7.9,5.1,3.5,0.0,2.1,0.1,1.0,2.7,0.0,0.0,0.0,2.1,2.6,2.2,1.7,0.2,0.3,0.1,2.0,0.3,0.1,0.2,1.0,2.0,3.1,3.0,3.8,1.8,11.0,12.8,3.7,55.7,0.6,0.6,2.8,8.3,0.0,7.1,8.0,11.9,5.9,28.5,2.5,8.8,2.4,9.0,3.0,2.0,0.7,3.4,9.3,11.2,7.7,6.9,2.9,16.6,13.1,6.0,38.5,0.6,1.8,3.4,4.2,0.0,2.7,3.8,6.1,4.9,0.4,0.0,0.2,0.0,0.1,0.0,0.1,0.0,0.0,0.2,0.2,0.1,0.1,0.0,0.1,0.1,0.1,0.3,0.0,0.0,0.0,0.1,0.0,0.0,0.0,0.1,0.0,25.9,0.2,11.0,4.1,8.6,4.3,3.1,1.1,1.0,6.9,9.8,4.0,1.3,0.5,1.4,1.6,1.3,4.4,0.0,0.1,0.2,0.7,0.0,0.1,0.4,1.1,0.1
147,bio1_whs0_land2_list1500_bld750,True,False,2,1500,750,109.6,3.6,28.8,8.8,45.0,11.3,10.0,7.4,6.6,26.8,28.1,25.2,26.8,18.7,50.9,40.3,12.9,118.2,2.6,4.3,11.9,15.9,0.0,15.1,15.5,28.4,16.5,49.9,0.7,8.5,2.1,21.3,2.1,4.6,3.6,1.2,8.4,3.5,6.0,14.1,5.5,16.8,9.3,1.9,17.1,1.2,0.8,2.7,2.6,0.0,5.1,1.2,6.7,3.2,0.0,0.0,0.0,0.0,0.0,0.0,0.0,0.0,0.0,0.0,0.0,0.0,0.0,0.0,0.0,0.0,0.0,0.0,0.0,0.0,0.0,0.0,0.0,0.0,0.0,0.0,0.0,3.2,0.0,0.0,0.0,4.0,1.5,0.0,1.8,0.0,0.0,0.2,4.4,0.5,7.9,5.1,3.5,0.0,2.1,0.1,1.0,2.7,0.0,0.0,0.0,2.1,2.6,2.2,1.7,0.2,0.3,0.1,2.0,0.3,0.1,0.2,1.0,2.0,3.1,3.0,3.8,1.8,11.0,12.8,3.7,55.7,0.6,0.6,2.8,8.3,0.0,7.1,8.0,11.9,5.9,39.3,2.7,13.3,4.1,12.4,4.6,3.3,1.1,3.9,12.9,16.1,9.9,8.0,3.3,17.9,14.6,7.2,42.0,0.7,1.9,3.6,4.8,0.0,2.8,4.1,7.0,5.1,0.2,0.0,0.1,0.0,0.1,0.0,0.0,0.0,0.0,0.1,0.1,0.1,0.0,0.0,0.0,0.0,0.0,0.0,0.0,0.0,0.0,0.0,0.0,0.0,0.0,0.0,0.0,15.2,0.0,6.6,2.4,5.2,2.8,1.9,0.8,0.5,3.5,5.0,1.9,0.4,0.1,0.2,0.2,0.1,1.2,0.0,0.0,0.0,0.2,0.0,0.0,0.1,0.2,0.0
148,bio1_whs0_land2_list1500_bld1000,True,False,2,1500,1000,109.6,3.6,28.8,8.8,45.0,11.3,10.0,7.4,6.6,26.8,28.1,25.2,26.8,18.7,50.9,40.3,12.9,118.2,2.6,4.3,11.9,15.9,0.0,15.1,15.5,28.4,16.5,49.9,0.7,8.5,2.1,21.3,2.1,4.6,3.6,1.2,8.4,3.5,6.0,14.1,5.5,16.8,9.3,1.9,17.1,1.2,0.8,2.7,2.6,0.0,5.1,1.2,6.7,3.2,0.0,0.0,0.0,0.0,0.0,0.0,0.0,0.0,0.0,0.0,0.0,0.0,0.0,0.0,0.0,0.0,0.0,0.0,0.0,0.0,0.0,0.0,0.0,0.0,0.0,0.0,0.0,3.2,0.0,0.0,0.0,4.0,1.5,0.0,1.8,0.0,0.0,0.2,4.4,0.5,7.9,5.1,3.5,0.0,2.1,0.1,1.0,2.7,0.0,0.0,0.0,2.1,2.6,2.2,1.7,0.2,0.3,0.1,2.0,0.3,0.1,0.2,1.0,2.0,3.1,3.0,3.8,1.8,11.0,12.8,3.7,55.7,0.6,0.6,2.8,8.3,0.0,7.1,8.0,11.9,5.9,45.2,2.7,16.0,5.1,14.4,5.6,4.0,1.3,4.1,14.4,18.3,10.7,8.2,3.4,18.0,14.8,7.3,42.7,0.7,1.9,3.6,4.9,0.0,2.9,4.2,7.2,5.1,0.1,0.0,0.1,0.0,0.0,0.0,0.0,0.0,0.0,0.0,0.1,0.0,0.0,0.0,0.0,0.0,0.0,0.0,0.0,0.0,0.0,0.0,0.0,0.0,0.0,0.0,0.0,9.5,0.0,3.9,1.4,3.3,1.7,1.2,0.5,0.3,2.0,2.9,1.1,0.2,0.0,0.1,0.0,0.0,0.5,0.0,0.0,0.0,0.0,0.0,0.0,0.0,0.0,0.0
149,bio1_whs0_land2_list1500_bld1250,True,False,2,1500,1250,109.6,3.6,28.8,8.8,45.0,11.3,10.0,7.4,6.6,26.8,28.1,25.2,26.8,18.7,50.9,40.3,12.9,118.2,2.6,4.3,11.9,15.9,0.0,15.1,15.5,28.4,16.5,49.9,0.7,8.5,2.1,21.3,2.1,4.6,3.6,1.2,8.4,3.5,6.0,14.1,5.5,16.8,9.3,1.9,17.1,1.2,0.8,2.7,2.6,0.0,5.1,1.2,6.7,3.2,0.0,0.0,0.0,0.0,0.0,0.0,0.0,0.0,0.0,0.0,0.0,0.0,0.0,0.0,0.0,0.0,0.0,0.0,0.0,0.0,0.0,0.0,0.0,0.0,0.0,0.0,0.0,3.2,0.0,0.0,0.0,4.0,1.5,0.0,1.8,0.0,0.0,0.2,4.4,0.5,7.9,5.1,3.5,0.0,2.1,0.1,1.0,2.7,0.0,0.0,0.0,2.1,2.6,2.2,1.7,0.2,0.3,0.1,2.0,0.3,0.1,0.2,1.0,2.0,3.1,3.0,3.8,1.8,11.0,12.8,3.7,55.7,0.6,0.6,2.8,8.3,0.0,7.1,8.0,11.9,5.9,48.7,2.7,17.7,5.7,15.6,6.3,4.5,1.5,4.2,15.2,19.5,11.1,8.2,3.4,18.1,14.8,7.3,42.9,0.7,1.9,3.6,4.9,0.0,2.9,4.2,7.2,5.1,0.1,0.0,0.1,0.0,0.0,0.0,0.0,0.0,0.0,0.0,0.0,0.0,0.0,0.0,0.0,0.0,0.0,0.0,0.0,0.0,0.0,0.0,0.0,0.0,0.0,0.0,0.0,6.0,0.0,2.3,0.8,2.1,1.1,0.7,0.3,0.2,1.2,1.7,0.7,0.1,0.0,0.0,0.0,0.0,0.3,0.0,0.0,0.0,0.0,0.0,0.0,0.0,0.0,0.0
150,bio1_whs0_land3_list500_bld250,True,False,3,500,250,109.6,3.6,28.8,8.8,45.0,11.3,10.0,7.4,6.6,26.8,28.1,25.2,26.8,18.7,50.9,40.3,12.9,118.2,2.6,4.3,11.9,15.9,0.0,15.1,15.5,28.4,16.5,49.9,0.7,8.5,2.1,21.3,2.1,4.6,3.6,1.2,8.4,3.5,6.0,14.1,5.5,16.8,9.3,1.9,17.1,1.2,0.8,2.7,2.6,0.0,5.1,1.2,6.7,3.2,0.0,0.0,0.0,0.0,0.0,0.0,0.0,0.0,0.0,0.0,0.0,0.0,0.0,0.0,0.0,0.0,0.0,0.0,0.0,0.0,0.0,0.0,0.0,0.0,0.0,0.0,0.0,11.5,0.0,3.6,0.3,5.0,2.2,0.4,1.9,0.0,0.3,0.5,4.5,2.1,9.4,6.6,6.3,0.0,6.8,0.2,1.0,3.0,6.4,0.0,2.2,6.3,9.6,4.6,0.1,0.0,0.0,0.0,0.2,0.0,0.0,0.0,0.1,0.1,0.2,0.2,0.3,0.1,0.8,1.0,0.3,4.8,0.1,0.1,0.3,0.5,0.0,0.7,0.6,0.8,0.5,7.1,0.6,2.4,0.5,2.5,0.8,0.5,0.2,1.2,2.2,2.8,2.4,2.8,1.2,10.8,9.2,2.4,38.9,0.6,0.8,2.3,3.2,0.0,3.5,3.6,5.0,3.6,0.7,0.1,0.2,0.0,0.3,0.1,0.1,0.0,0.2,0.4,0.4,0.3,0.3,0.1,0.7,0.8,0.2,3.1,0.1,0.2,0.3,0.3,0.0,0.3,0.4,0.5,0.6,40.3,2.2,14.1,5.7,15.7,6.0,4.4,1.6,4.0,15.4,20.5,11.8,7.1,2.4,15.3,13.8,8.1,47.4,0.5,1.4,3.1,3.0,0.0,3.2,3.6,5.8,3.9
151,bio1_whs0_land3_list500_bld500,True,False,3,500,500,109.6,3.6,28.8,8.8,45.0,11.3,10.0,7.4,6.6,26.8,28.1,25.2,26.8,18.7,50.9,40.3,12.9,118.2,2.6,4.3,11.9,15.9,0.0,15.1,15.5,28.4,16.5,49.9,0.7,8.5,2.1,21.3,2.1,4.6,3.6,1.2,8.4,3.5,6.0,14.1,5.5,16.8,9.3,1.9,17.1,1.2,0.8,2.7,2.6,0.0,5.1,1.2,6.7,3.2,0.0,0.0,0.0,0.0,0.0,0.0,0.0,0.0,0.0,0.0,0.0,0.0,0.0,0.0,0.0,0.0,0.0,0.0,0.0,0.0,0.0,0.0,0.0,0.0,0.0,0.0,0.0,11.5,0.0,3.6,0.3,5.0,2.2,0.4,1.9,0.0,0.3,0.5,4.5,2.1,9.4,6.6,6.3,0.0,6.8,0.2,1.0,3.0,6.4,0.0,2.2,6.3,9.6,4.6,0.1,0.0,0.0,0.0,0.2,0.0,0.0,0.0,0.1,0.1,0.2,0.2,0.3,0.1,0.8,1.0,0.3,4.8,0.1,0.1,0.3,0.5,0.0,0.7,0.6,0.8,0.5,24.8,2.7,7.3,2.4,10.3,3.1,2.0,0.8,4.3,10.6,13.3,10.1,9.2,3.4,25.1,21.9,9.1,83.5,1.1,2.3,5.5,6.2,0.0,6.8,7.1,10.6,8.0,0.3,0.0,0.1,0.0,0.1,0.1,0.1,0.0,0.1,0.2,0.2,0.2,0.1,0.0,0.1,0.1,0.1,0.5,0.0,0.0,0.0,0.0,0.0,0.0,0.0,0.1,0.0,23.0,0.2,9.2,3.9,8.0,3.8,2.9,1.1,1.1,7.1,10.2,4.3,0.9,0.2,1.5,1.8,1.5,5.5,0.0,0.1,0.3,0.2,0.0,0.2,0.3,0.6,0.1
152,bio1_whs0_land3_list500_bld750,True,False,3,500,750,109.6,3.6,28.8,8.8,45.0,11.3,10.0,7.4,6.6,26.8,28.1,25.2,26.8,18.7,50.9,40.3,12.9,118.2,2.6,4.3,11.9,15.9,0.0,15.1,15.5,28.4,16.5,49.9,0.7,8.5,2.1,21.3,2.1,4.6,3.6,1.2,8.4,3.5,6.0,14.1,5.5,16.8,9.3,1.9,17.1,1.2,0.8,2.7,2.6,0.0,5.1,1.2,6.7,3.2,0.0,0.0,0.0,0.0,0.0,0.0,0.0,0.0,0.0,0.0,0.0,0.0,0.0,0.0,0.0,0.0,0.0,0.0,0.0,0.0,0.0,0.0,0.0,0.0,0.0,0.0,0.0,11.5,0.0,3.6,0.3,5.0,2.2,0.4,1.9,0.0,0.3,0.5,4.5,2.1,9.4,6.6,6.3,0.0,6.8,0.2,1.0,3.0,6.4,0.0,2.2,6.3,9.6,4.6,0.1,0.0,0.0,0.0,0.2,0.0,0.0,0.0,0.1,0.1,0.2,0.2,0.3,0.1,0.8,1.0,0.3,4.8,0.1,0.1,0.3,0.5,0.0,0.7,0.6,0.8,0.5,34.1,2.9,11.0,3.9,13.7,4.5,3.2,1.1,4.9,14.4,18.6,12.6,10.2,3.7,26.7,23.6,10.5,88.2,1.2,2.4,5.7,6.4,0.0,7.0,7.5,11.2,8.1,0.1,0.0,0.1,0.0,0.1,0.0,0.0,0.0,0.0,0.1,0.1,0.1,0.0,0.0,0.0,0.0,0.0,0.0,0.0,0.0,0.0,0.0,0.0,0.0,0.0,0.0,0.0,13.9,0.0,5.6,2.3,4.7,2.5,1.8,0.7,0.5,3.5,5.1,1.9,0.1,0.0,0.1,0.2,0.1,1.2,0.0,0.0,0.0,0.0,0.0,0.0,0.0,0.1,0.0
153,bio1_whs0_land3_list500_bld1000,True,False,3,500,1000,109.6,3.6,28.8,8.8,45.0,11.3,10.0,7.4,6.6,26.8,28.1,25.2,26.8,18.7,50.9,40.3,12.9,118.2,2.6,4.3,11.9,15.9,0.0,15.1,15.5,28.4,16.5,49.9,0.7,8.5,2.1,21.3,2.1,4.6,3.6,1.2,8.4,3.5,6.0,14.1,5.5,16.8,9.3,1.9,17.1,1.2,0.8,2.7,2.6,0.0,5.1,1.2,6.7,3.2,0.0,0.0,0.0,0.0,0.0,0.0,0.0,0.0,0.0,0.0,0.0,0.0,0.0,0.0,0.0,0.0,0.0,0.0,0.0,0.0,0.0,0.0,0.0,0.0,0.0,0.0,0.0,11.5,0.0,3.6,0.3,5.0,2.2,0.4,1.9,0.0,0.3,0.5,4.5,2.1,9.4,6.6,6.3,0.0,6.8,0.2,1.0,3.0,6.4,0.0,2.2,6.3,9.6,4.6,0.1,0.0,0.0,0.0,0.2,0.0,0.0,0.0,0.1,0.1,0.2,0.2,0.3,0.1,0.8,1.0,0.3,4.8,0.1,0.1,0.3,0.5,0.0,0.7,0.6,0.8,0.5,39.2,2.9,13.2,4.9,15.5,5.4,3.9,1.4,5.1,15.9,20.8,13.5,10.2,3.7,26.8,23.8,10.7,88.9,1.2,2.4,5.8,6.4,0.0,7.0,7.5,11.3,8.1,0.1,0.0,0.1,0.0,0.0,0.0,0.0,0.0,0.0,0.0,0.1,0.0,0.0,0.0,0.0,0.0,0.0,0.0,0.0,0.0,0.0,0.0,0.0,0.0,0.0,0.0,0.0,8.8,0.0,3.4,1.4,3.0,1.5,1.1,0.5,0.3,2.0,2.9,1.1,0.0,0.0,0.0,0.0,0.0,0.5,0.0,0.0,0.0,0.0,0.0,0.0,0.0,0.0,0.0
154,bio1_whs0_land3_list500_bld1250,True,False,3,500,1250,109.6,3.6,28.8,8.8,45.0,11.3,10.0,7.4,6.6,26.8,28.1,25.2,26.8,18.7,50.9,40.3,12.9,118.2,2.6,4.3,11.9,15.9,0.0,15.1,15.5,28.4,16.5,49.9,0.7,8.5,2.1,21.3,2.1,4.6,3.6,1.2,8.4,3.5,6.0,14.1,5.5,16.8,9.3,1.9,17.1,1.2,0.8,2.7,2.6,0.0,5.1,1.2,6.7,3.2,0.0,0.0,0.0,0.0,0.0,0.0,0.0,0.0,0.0,0.0,0.0,0.0,0.0,0.0,0.0,0.0,0.0,0.0,0.0,0.0,0.0,0.0,0.0,0.0,0.0,0.0,0.0,11.5,0.0,3.6,0.3,5.0,2.2,0.4,1.9,0.0,0.3,0.5,4.5,2.1,9.4,6.6,6.3,0.0,6.8,0.2,1.0,3.0,6.4,0.0,2.2,6.3,9.6,4.6,0.1,0.0,0.0,0.0,0.2,0.0,0.0,0.0,0.1,0.1,0.2,0.2,0.3,0.1,0.8,1.0,0.3,4.8,0.1,0.1,0.3,0.5,0.0,0.7,0.6,0.8,0.5,42.4,2.9,14.6,5.5,16.6,5.9,4.3,1.6,5.2,16.8,22.1,13.9,10.2,3.7,26.8,23.8,10.7,89.1,1.2,2.4,5.8,6.4,0.0,7.0,7.5,11.3,8.1,0.1,0.0,0.0,0.0,0.0,0.0,0.0,0.0,0.0,0.0,0.0,0.0,0.0,0.0,0.0,0.0,0.0,0.0,0.0,0.0,0.0,0.0,0.0,0.0,0.0,0.0,0.0,5.6,0.0,2.0,0.8,1.9,1.0,0.6,0.3,0.2,1.2,1.7,0.6,0.0,0.0,0.0,0.0,0.0,0.3,0.0,0.0,0.0,0.0,0.0,0.0,0.0,0.0,0.0
155,bio1_whs0_land3_list1000_bld250,True,False,3,1000,250,109.6,3.6,28.8,8.8,45.0,11.3,10.0,7.4,6.6,26.8,28.1,25.2,26.8,18.7,50.9,40.3,12.9,118.2,2.6,4.3,11.9,15.9,0.0,15.1,15.5,28.4,16.5,49.9,0.7,8.5,2.1,21.3,2.1,4.6,3.6,1.2,8.4,3.5,6.0,14.1,5.5,16.8,9.3,1.9,17.1,1.2,0.8,2.7,2.6,0.0,5.1,1.2,6.7,3.2,0.0,0.0,0.0,0.0,0.0,0.0,0.0,0.0,0.0,0.0,0.0,0.0,0.0,0.0,0.0,0.0,0.0,0.0,0.0,0.0,0.0,0.0,0.0,0.0,0.0,0.0,0.0,11.5,0.0,3.6,0.3,5.0,2.2,0.4,1.9,0.0,0.3,0.5,4.5,2.1,9.4,6.6,6.3,0.0,6.8,0.2,1.0,3.0,6.4,0.0,2.2,6.3,9.6,4.6,0.7,0.1,0.1,0.0,0.8,0.1,0.0,0.1,0.5,0.8,1.3,1.3,1.7,0.7,4.6,5.4,1.8,26.8,0.3,0.3,1.4,2.4,0.0,3.1,3.0,4.2,2.6,6.9,0.6,2.4,0.5,2.4,0.8,0.5,0.2,1.1,2.0,2.6,2.2,2.4,1.0,9.1,7.2,1.9,28.0,0.5,0.8,1.8,2.2,0.0,2.3,2.4,3.3,2.7,0.6,0.1,0.2,0.0,0.3,0.1,0.1,0.0,0.2,0.4,0.4,0.3,0.3,0.1,0.6,0.6,0.1,2.5,0.0,0.1,0.3,0.2,0.0,0.2,0.3,0.4,0.5,39.9,2.1,14.0,5.7,15.2,5.9,4.3,1.6,3.7,14.9,19.7,11.0,6.2,2.0,13.3,11.5,7.1,36.9,0.4,1.3,2.6,2.1,0.0,2.1,2.5,4.2,2.9
156,bio1_whs0_land3_list1000_bld500,True,False,3,1000,500,109.6,3.6,28.8,8.8,45.0,11.3,10.0,7.4,6.6,26.8,28.1,25.2,26.8,18.7,50.9,40.3,12.9,118.2,2.6,4.3,11.9,15.9,0.0,15.1,15.5,28.4,16.5,49.9,0.7,8.5,2.1,21.3,2.1,4.6,3.6,1.2,8.4,3.5,6.0,14.1,5.5,16.8,9.3,1.9,17.1,1.2,0.8,2.7,2.6,0.0,5.1,1.2,6.7,3.2,0.0,0.0,0.0,0.0,0.0,0.0,0.0,0.0,0.0,0.0,0.0,0.0,0.0,0.0,0.0,0.0,0.0,0.0,0.0,0.0,0.0,0.0,0.0,0.0,0.0,0.0,0.0,11.5,0.0,3.6,0.3,5.0,2.2,0.4,1.9,0.0,0.3,0.5,4.5,2.1,9.4,6.6,6.3,0.0,6.8,0.2,1.0,3.0,6.4,0.0,2.2,6.3,9.6,4.6,0.7,0.1,0.1,0.0,0.8,0.1,0.0,0.1,0.5,0.8,1.3,1.3,1.7,0.7,4.6,5.4,1.8,26.8,0.3,0.3,1.4,2.4,0.0,3.1,3.0,4.2,2.6,24.2,2.6,7.3,2.3,9.7,3.0,2.0,0.7,3.9,10.1,12.4,9.2,7.9,2.9,21.4,17.6,7.7,62.0,0.9,2.1,4.4,4.3,0.0,4.4,4.8,7.3,6.0,0.3,0.0,0.1,0.0,0.1,0.1,0.1,0.0,0.1,0.2,0.2,0.2,0.1,0.0,0.1,0.1,0.1,0.4,0.0,0.0,0.0,0.0,0.0,0.0,0.0,0.0,0.0,22.9,0.2,9.2,3.9,8.0,3.8,2.9,1.1,1.0,7.0,10.1,4.2,0.8,0.2,1.4,1.6,1.4,5.0,0.0,0.1,0.3,0.2,0.0,0.1,0.3,0.6,0.1
157,bio1_whs0_land3_list1000_bld750,True,False,3,1000,750,109.6,3.6,28.8,8.8,45.0,11.3,10.0,7.4,6.6,26.8,28.1,25.2,26.8,18.7,50.9,40.3,12.9,118.2,2.6,4.3,11.9,15.9,0.0,15.1,15.5,28.4,16.5,49.9,0.7,8.5,2.1,21.3,2.1,4.6,3.6,1.2,8.4,3.5,6.0,14.1,5.5,16.8,9.3,1.9,17.1,1.2,0.8,2.7,2.6,0.0,5.1,1.2,6.7,3.2,0.0,0.0,0.0,0.0,0.0,0.0,0.0,0.0,0.0,0.0,0.0,0.0,0.0,0.0,0.0,0.0,0.0,0.0,0.0,0.0,0.0,0.0,0.0,0.0,0.0,0.0,0.0,11.5,0.0,3.6,0.3,5.0,2.2,0.4,1.9,0.0,0.3,0.5,4.5,2.1,9.4,6.6,6.3,0.0,6.8,0.2,1.0,3.0,6.4,0.0,2.2,6.3,9.6,4.6,0.7,0.1,0.1,0.0,0.8,0.1,0.0,0.1,0.5,0.8,1.3,1.3,1.7,0.7,4.6,5.4,1.8,26.8,0.3,0.3,1.4,2.4,0.0,3.1,3.0,4.2,2.6,33.5,2.8,10.9,3.9,13.0,4.4,3.1,1.1,4.5,13.7,17.6,11.5,8.8,3.1,22.9,19.1,9.1,66.2,0.9,2.2,4.7,4.5,0.0,4.6,5.1,7.8,6.1,0.1,0.0,0.1,0.0,0.0,0.0,0.0,0.0,0.0,0.1,0.1,0.1,0.0,0.0,0.0,0.0,0.0,0.0,0.0,0.0,0.0,0.0,0.0,0.0,0.0,0.0,0.0,13.9,0.0,5.6,2.3,4.7,2.5,1.8,0.7,0.5,3.5,5.1,1.9,0.1,0.0,0.1,0.2,0.1,1.2,0.0,0.0,0.0,0.0,0.0,0.0,0.0,0.1,0.0
158,bio1_whs0_land3_list1000_bld1000,True,False,3,1000,1000,109.6,3.6,28.8,8.8,45.0,11.3,10.0,7.4,6.6,26.8,28.1,25.2,26.8,18.7,50.9,40.3,12.9,118.2,2.6,4.3,11.9,15.9,0.0,15.1,15.5,28.4,16.5,49.9,0.7,8.5,2.1,21.3,2.1,4.6,3.6,1.2,8.4,3.5,6.0,14.1,5.5,16.8,9.3,1.9,17.1,1.2,0.8,2.7,2.6,0.0,5.1,1.2,6.7,3.2,0.0,0.0,0.0,0.0,0.0,0.0,0.0,0.0,0.0,0.0,0.0,0.0,0.0,0.0,0.0,0.0,0.0,0.0,0.0,0.0,0.0,0.0,0.0,0.0,0.0,0.0,0.0,11.5,0.0,3.6,0.3,5.0,2.2,0.4,1.9,0.0,0.3,0.5,4.5,2.1,9.4,6.6,6.3,0.0,6.8,0.2,1.0,3.0,6.4,0.0,2.2,6.3,9.6,4.6,0.7,0.1,0.1,0.0,0.8,0.1,0.0,0.1,0.5,0.8,1.3,1.3,1.7,0.7,4.6,5.4,1.8,26.8,0.3,0.3,1.4,2.4,0.0,3.1,3.0,4.2,2.6,38.6,2.8,13.2,4.9,14.8,5.3,3.8,1.3,4.7,15.3,19.8,12.4,8.8,3.1,22.9,19.3,9.2,66.9,0.9,2.2,4.7,4.5,0.0,4.6,5.1,7.9,6.1,0.1,0.0,0.1,0.0,0.0,0.0,0.0,0.0,0.0,0.0,0.1,0.0,0.0,0.0,0.0,0.0,0.0,0.0,0.0,0.0,0.0,0.0,0.0,0.0,0.0,0.0,0.0,8.8,0.0,3.4,1.4,3.0,1.5,1.1,0.5,0.3,2.0,2.9,1.1,0.0,0.0,0.0,0.0,0.0,0.5,0.0,0.0,0.0,0.0,0.0,0.0,0.0,0.0,0.0
159,bio1_whs0_land3_list1000_bld1250,True,False,3,1000,1250,109.6,3.6,28.8,8.8,45.0,11.3,10.0,7.4,6.6,26.8,28.1,25.2,26.8,18.7,50.9,40.3,12.9,118.2,2.6,4.3,11.9,15.9,0.0,15.1,15.5,28.4,16.5,49.9,0.7,8.5,2.1,21.3,2.1,4.6,3.6,1.2,8.4,3.5,6.0,14.1,5.5,16.8,9.3,1.9,17.1,1.2,0.8,2.7,2.6,0.0,5.1,1.2,6.7,3.2,0.0,0.0,0.0,0.0,0.0,0.0,0.0,0.0,0.0,0.0,0.0,0.0,0.0,0.0,0.0,0.0,0.0,0.0,0.0,0.0,0.0,0.0,0.0,0.0,0.0,0.0,0.0,11.5,0.0,3.6,0.3,5.0,2.2,0.4,1.9,0.0,0.3,0.5,4.5,2.1,9.4,6.6,6.3,0.0,6.8,0.2,1.0,3.0,6.4,0.0,2.2,6.3,9.6,4.6,0.7,0.1,0.1,0.0,0.8,0.1,0.0,0.1,0.5,0.8,1.3,1.3,1.7,0.7,4.6,5.4,1.8,26.8,0.3,0.3,1.4,2.4,0.0,3.1,3.0,4.2,2.6,41.8,2.8,14.5,5.4,15.9,5.9,4.3,1.5,4.8,16.1,21.0,12.8,8.8,3.1,22.9,19.3,9.2,67.1,0.9,2.2,4.7,4.5,0.0,4.6,5.1,7.9,6.1,0.1,0.0,0.0,0.0,0.0,0.0,0.0,0.0,0.0,0.0,0.0,0.0,0.0,0.0,0.0,0.0,0.0,0.0,0.0,0.0,0.0,0.0,0.0,0.0,0.0,0.0,0.0,5.6,0.0,2.0,0.8,1.9,1.0,0.6,0.3,0.2,1.2,1.7,0.6,0.0,0.0,0.0,0.0,0.0,0.3,0.0,0.0,0.0,0.0,0.0,0.0,0.0,0.0,0.0
160,bio1_whs0_land3_list1500_bld250,True,False,3,1500,250,109.6,3.6,28.8,8.8,45.0,11.3,10.0,7.4,6.6,26.8,28.1,25.2,26.8,18.7,50.9,40.3,12.9,118.2,2.6,4.3,11.9,15.9,0.0,15.1,15.5,28.4,16.5,49.9,0.7,8.5,2.1,21.3,2.1,4.6,3.6,1.2,8.4,3.5,6.0,14.1,5.5,16.8,9.3,1.9,17.1,1.2,0.8,2.7,2.6,0.0,5.1,1.2,6.7,3.2,0.0,0.0,0.0,0.0,0.0,0.0,0.0,0.0,0.0,0.0,0.0,0.0,0.0,0.0,0.0,0.0,0.0,0.0,0.0,0.0,0.0,0.0,0.0,0.0,0.0,0.0,0.0,11.5,0.0,3.6,0.3,5.0,2.2,0.4,1.9,0.0,0.3,0.5,4.5,2.1,9.4,6.6,6.3,0.0,6.8,0.2,1.0,3.0,6.4,0.0,2.2,6.3,9.6,4.6,1.7,0.2,0.3,0.1,2.0,0.3,0.1,0.2,1.0,1.9,3.0,3.0,3.6,1.4,10.4,11.5,3.7,52.9,0.6,0.6,2.6,4.7,0.0,5.4,5.6,7.7,4.8,6.7,0.6,2.4,0.5,2.1,0.8,0.5,0.2,0.9,1.8,2.3,1.8,1.8,0.8,6.7,4.7,1.3,15.9,0.3,0.6,1.3,1.1,0.0,1.1,1.2,1.7,1.8,0.6,0.1,0.2,0.0,0.3,0.1,0.1,0.0,0.2,0.3,0.4,0.3,0.2,0.1,0.5,0.4,0.1,1.7,0.0,0.1,0.2,0.1,0.0,0.1,0.2,0.2,0.3,39.2,2.0,13.9,5.6,14.3,5.8,4.3,1.5,3.3,14.0,18.3,9.7,4.9,1.5,10.0,8.1,5.8,23.7,0.3,1.1,2.0,1.0,0.0,1.0,1.2,2.5,1.8
161,bio1_whs0_land3_list1500_bld500,True,False,3,1500,500,109.6,3.6,28.8,8.8,45.0,11.3,10.0,7.4,6.6,26.8,28.1,25.2,26.8,18.7,50.9,40.3,12.9,118.2,2.6,4.3,11.9,15.9,0.0,15.1,15.5,28.4,16.5,49.9,0.7,8.5,2.1,21.3,2.1,4.6,3.6,1.2,8.4,3.5,6.0,14.1,5.5,16.8,9.3,1.9,17.1,1.2,0.8,2.7,2.6,0.0,5.1,1.2,6.7,3.2,0.0,0.0,0.0,0.0,0.0,0.0,0.0,0.0,0.0,0.0,0.0,0.0,0.0,0.0,0.0,0.0,0.0,0.0,0.0,0.0,0.0,0.0,0.0,0.0,0.0,0.0,0.0,11.5,0.0,3.6,0.3,5.0,2.2,0.4,1.9,0.0,0.3,0.5,4.5,2.1,9.4,6.6,6.3,0.0,6.8,0.2,1.0,3.0,6.4,0.0,2.2,6.3,9.6,4.6,1.7,0.2,0.3,0.1,2.0,0.3,0.1,0.2,1.0,1.9,3.0,3.0,3.6,1.4,10.4,11.5,3.7,52.9,0.6,0.6,2.6,4.7,0.0,5.4,5.6,7.7,4.8,23.4,2.5,7.2,2.3,8.7,2.8,1.9,0.7,3.4,9.1,11.1,7.7,6.1,2.2,16.0,11.9,6.0,36.9,0.6,1.8,3.2,2.1,0.0,2.2,2.3,4.0,3.8,0.3,0.0,0.1,0.0,0.1,0.0,0.1,0.0,0.0,0.2,0.2,0.1,0.1,0.0,0.1,0.1,0.1,0.3,0.0,0.0,0.0,0.0,0.0,0.0,0.0,0.0,0.0,22.8,0.2,9.1,3.8,7.8,3.8,2.9,1.0,1.0,6.8,9.7,3.9,0.7,0.2,1.1,1.3,1.3,4.1,0.0,0.1,0.2,0.1,0.0,0.1,0.2,0.4,0.0
162,bio1_whs0_land3_list1500_bld750,True,False,3,1500,750,109.6,3.6,28.8,8.8,45.0,11.3,10.0,7.4,6.6,26.8,28.1,25.2,26.8,18.7,50.9,40.3,12.9,118.2,2.6,4.3,11.9,15.9,0.0,15.1,15.5,28.4,16.5,49.9,0.7,8.5,2.1,21.3,2.1,4.6,3.6,1.2,8.4,3.5,6.0,14.1,5.5,16.8,9.3,1.9,17.1,1.2,0.8,2.7,2.6,0.0,5.1,1.2,6.7,3.2,0.0,0.0,0.0,0.0,0.0,0.0,0.0,0.0,0.0,0.0,0.0,0.0,0.0,0.0,0.0,0.0,0.0,0.0,0.0,0.0,0.0,0.0,0.0,0.0,0.0,0.0,0.0,11.5,0.0,3.6,0.3,5.0,2.2,0.4,1.9,0.0,0.3,0.5,4.5,2.1,9.4,6.6,6.3,0.0,6.8,0.2,1.0,3.0,6.4,0.0,2.2,6.3,9.6,4.6,1.7,0.2,0.3,0.1,2.0,0.3,0.1,0.2,1.0,1.9,3.0,3.0,3.6,1.4,10.4,11.5,3.7,52.9,0.6,0.6,2.6,4.7,0.0,5.4,5.6,7.7,4.8,32.5,2.7,10.8,3.8,11.9,4.2,3.1,1.0,3.9,12.6,15.9,9.9,6.8,2.4,17.1,13.0,7.1,40.1,0.6,1.9,3.4,2.2,0.0,2.3,2.5,4.4,3.9,0.1,0.0,0.1,0.0,0.1,0.0,0.0,0.0,0.0,0.1,0.1,0.1,0.0,0.0,0.0,0.0,0.0,0.0,0.0,0.0,0.0,0.0,0.0,0.0,0.0,0.0,0.0,13.8,0.0,5.5,2.3,4.7,2.4,1.8,0.7,0.5,3.4,5.0,1.9,0.1,0.0,0.0,0.2,0.1,1.2,0.0,0.0,0.0,0.0,0.0,0.0,0.0,0.0,0.0
163,bio1_whs0_land3_list1500_bld1000,True,False,3,1500,1000,109.6,3.6,28.8,8.8,45.0,11.3,10.0,7.4,6.6,26.8,28.1,25.2,26.8,18.7,50.9,40.3,12.9,118.2,2.6,4.3,11.9,15.9,0.0,15.1,15.5,28.4,16.5,49.9,0.7,8.5,2.1,21.3,2.1,4.6,3.6,1.2,8.4,3.5,6.0,14.1,5.5,16.8,9.3,1.9,17.1,1.2,0.8,2.7,2.6,0.0,5.1,1.2,6.7,3.2,0.0,0.0,0.0,0.0,0.0,0.0,0.0,0.0,0.0,0.0,0.0,0.0,0.0,0.0,0.0,0.0,0.0,0.0,0.0,0.0,0.0,0.0,0.0,0.0,0.0,0.0,0.0,11.5,0.0,3.6,0.3,5.0,2.2,0.4,1.9,0.0,0.3,0.5,4.5,2.1,9.4,6.6,6.3,0.0,6.8,0.2,1.0,3.0,6.4,0.0,2.2,6.3,9.6,4.6,1.7,0.2,0.3,0.1,2.0,0.3,0.1,0.2,1.0,1.9,3.0,3.0,3.6,1.4,10.4,11.5,3.7,52.9,0.6,0.6,2.6,4.7,0.0,5.4,5.6,7.7,4.8,37.6,2.7,13.0,4.8,13.7,5.1,3.8,1.2,4.1,14.1,18.1,10.7,6.9,2.4,17.2,13.2,7.3,40.8,0.6,1.9,3.5,2.2,0.0,2.3,2.5,4.5,3.9,0.1,0.0,0.1,0.0,0.0,0.0,0.0,0.0,0.0,0.0,0.0,0.0,0.0,0.0,0.0,0.0,0.0,0.0,0.0,0.0,0.0,0.0,0.0,0.0,0.0,0.0,0.0,8.8,0.0,3.4,1.4,3.0,1.5,1.1,0.5,0.3,2.0,2.9,1.1,0.0,0.0,0.0,0.0,0.0,0.5,0.0,0.0,0.0,0.0,0.0,0.0,0.0,0.0,0.0
164,bio1_whs0_land3_list1500_bld1250,True,False,3,1500,1250,109.6,3.6,28.8,8.8,45.0,11.3,10.0,7.4,6.6,26.8,28.1,25.2,26.8,18.7,50.9,40.3,12.9,118.2,2.6,4.3,11.9,15.9,0.0,15.1,15.5,28.4,16.5,49.9,0.7,8.5,2.1,21.3,2.1,4.6,3.6,1.2,8.4,3.5,6.0,14.1,5.5,16.8,9.3,1.9,17.1,1.2,0.8,2.7,2.6,0.0,5.1,1.2,6.7,3.2,0.0,0.0,0.0,0.0,0.0,0.0,0.0,0.0,0.0,0.0,0.0,0.0,0.0,0.0,0.0,0.0,0.0,0.0,0.0,0.0,0.0,0.0,0.0,0.0,0.0,0.0,0.0,11.5,0.0,3.6,0.3,5.0,2.2,0.4,1.9,0.0,0.3,0.5,4.5,2.1,9.4,6.6,6.3,0.0,6.8,0.2,1.0,3.0,6.4,0.0,2.2,6.3,9.6,4.6,1.7,0.2,0.3,0.1,2.0,0.3,0.1,0.2,1.0,1.9,3.0,3.0,3.6,1.4,10.4,11.5,3.7,52.9,0.6,0.6,2.6,4.7,0.0,5.4,5.6,7.7,4.8,40.9,2.7,14.4,5.4,14.8,5.7,4.2,1.4,4.2,14.9,19.3,11.1,6.9,2.4,17.2,13.2,7.3,41.0,0.6,1.9,3.5,2.2,0.0,2.3,2.5,4.5,3.9,0.1,0.0,0.0,0.0,0.0,0.0,0.0,0.0,0.0,0.0,0.0,0.0,0.0,0.0,0.0,0.0,0.0,0.0,0.0,0.0,0.0,0.0,0.0,0.0,0.0,0.0,0.0,5.6,0.0,2.0,0.8,1.9,1.0,0.6,0.3,0.2,1.2,1.7,0.6,0.0,0.0,0.0,0.0,0.0,0.3,0.0,0.0,0.0,0.0,0.0,0.0,0.0,0.0,0.0
165,bio1_whs0_land4_list500_bld250,True,False,4,500,250,109.6,3.6,28.8,8.8,45.0,11.3,10.0,7.4,6.6,26.8,28.1,25.2,26.8,18.7,50.9,40.3,12.9,118.2,2.6,4.3,11.9,15.9,0.0,15.1,15.5,28.4,16.5,49.9,0.7,8.5,2.1,21.3,2.1,4.6,3.6,1.2,8.4,3.5,6.0,14.1,5.5,16.8,9.3,1.9,17.1,1.2,0.8,2.7,2.6,0.0,5.1,1.2,6.7,3.2,0.0,0.0,0.0,0.0,0.0,0.0,0.0,0.0,0.0,0.0,0.0,0.0,0.0,0.0,0.0,0.0,0.0,0.0,0.0,0.0,0.0,0.0,0.0,0.0,0.0,0.0,0.0,11.5,0.0,3.6,0.3,5.0,2.2,0.4,1.9,0.0,0.3,0.5,4.5,4.6,9.4,11.8,10.1,0.0,14.2,0.2,1.0,3.0,7.3,0.0,4.8,8.5,9.7,4.6,0.1,0.0,0.0,0.0,0.2,0.0,0.0,0.0,0.1,0.1,0.2,0.2,0.2,0.1,0.5,0.7,0.3,4.4,0.1,0.1,0.3,0.4,0.0,0.5,0.4,0.8,0.5,7.1,0.6,2.4,0.5,2.5,0.8,0.5,0.2,1.2,2.2,2.8,2.4,2.1,1.2,8.1,7.2,2.4,35.1,0.6,0.8,2.3,2.8,0.0,2.3,2.5,5.0,3.6,0.7,0.1,0.2,0.0,0.3,0.1,0.1,0.0,0.2,0.4,0.4,0.3,0.2,0.1,0.5,0.6,0.2,2.8,0.1,0.2,0.3,0.2,0.0,0.2,0.3,0.5,0.6,40.3,2.2,14.1,5.7,15.7,6.0,4.4,1.6,4.0,15.4,20.5,11.8,5.5,2.4,13.3,12.4,8.1,44.5,0.5,1.4,3.1,2.6,0.0,2.2,2.7,5.7,3.9
166,bio1_whs0_land4_list500_bld500,True,False,4,500,500,109.6,3.6,28.8,8.8,45.0,11.3,10.0,7.4,6.6,26.8,28.1,25.2,26.8,18.7,50.9,40.3,12.9,118.2,2.6,4.3,11.9,15.9,0.0,15.1,15.5,28.4,16.5,49.9,0.7,8.5,2.1,21.3,2.1,4.6,3.6,1.2,8.4,3.5,6.0,14.1,5.5,16.8,9.3,1.9,17.1,1.2,0.8,2.7,2.6,0.0,5.1,1.2,6.7,3.2,0.0,0.0,0.0,0.0,0.0,0.0,0.0,0.0,0.0,0.0,0.0,0.0,0.0,0.0,0.0,0.0,0.0,0.0,0.0,0.0,0.0,0.0,0.0,0.0,0.0,0.0,0.0,11.5,0.0,3.6,0.3,5.0,2.2,0.4,1.9,0.0,0.3,0.5,4.5,4.6,9.4,11.8,10.1,0.0,14.2,0.2,1.0,3.0,7.3,0.0,4.8,8.5,9.7,4.6,0.1,0.0,0.0,0.0,0.2,0.0,0.0,0.0,0.1,0.1,0.2,0.2,0.2,0.1,0.5,0.7,0.3,4.4,0.1,0.1,0.3,0.4,0.0,0.5,0.4,0.8,0.5,24.8,2.7,7.3,2.4,10.3,3.1,2.0,0.8,4.3,10.6,13.3,10.1,7.0,3.4,20.3,18.3,9.1,76.6,1.1,2.3,5.5,5.4,0.0,4.5,5.2,10.5,8.0,0.3,0.0,0.1,0.0,0.1,0.1,0.1,0.0,0.1,0.2,0.2,0.2,0.1,0.0,0.1,0.1,0.1,0.4,0.0,0.0,0.0,0.0,0.0,0.0,0.0,0.1,0.0,23.0,0.2,9.2,3.9,8.0,3.8,2.9,1.1,1.1,7.1,10.2,4.3,0.8,0.2,1.3,1.7,1.5,5.3,0.0,0.1,0.3,0.2,0.0,0.1,0.3,0.6,0.1
167,bio1_whs0_land4_list500_bld750,True,False,4,500,750,109.6,3.6,28.8,8.8,45.0,11.3,10.0,7.4,6.6,26.8,28.1,25.2,26.8,18.7,50.9,40.3,12.9,118.2,2.6,4.3,11.9,15.9,0.0,15.1,15.5,28.4,16.5,49.9,0.7,8.5,2.1,21.3,2.1,4.6,3.6,1.2,8.4,3.5,6.0,14.1,5.5,16.8,9.3,1.9,17.1,1.2,0.8,2.7,2.6,0.0,5.1,1.2,6.7,3.2,0.0,0.0,0.0,0.0,0.0,0.0,0.0,0.0,0.0,0.0,0.0,0.0,0.0,0.0,0.0,0.0,0.0,0.0,0.0,0.0,0.0,0.0,0.0,0.0,0.0,0.0,0.0,11.5,0.0,3.6,0.3,5.0,2.2,0.4,1.9,0.0,0.3,0.5,4.5,4.6,9.4,11.8,10.1,0.0,14.2,0.2,1.0,3.0,7.3,0.0,4.8,8.5,9.7,4.6,0.1,0.0,0.0,0.0,0.2,0.0,0.0,0.0,0.1,0.1,0.2,0.2,0.2,0.1,0.5,0.7,0.3,4.4,0.1,0.1,0.3,0.4,0.0,0.5,0.4,0.8,0.5,34.1,2.9,11.0,3.9,13.7,4.5,3.2,1.1,4.9,14.4,18.6,12.6,7.8,3.7,21.7,19.9,10.5,81.2,1.2,2.4,5.7,5.6,0.0,4.6,5.4,11.1,8.1,0.1,0.0,0.1,0.0,0.1,0.0,0.0,0.0,0.0,0.1,0.1,0.1,0.0,0.0,0.0,0.0,0.0,0.0,0.0,0.0,0.0,0.0,0.0,0.0,0.0,0.0,0.0,13.9,0.0,5.6,2.3,4.7,2.5,1.8,0.7,0.5,3.5,5.1,1.9,0.1,0.0,0.1,0.2,0.1,1.2,0.0,0.0,0.0,0.0,0.0,0.0,0.0,0.1,0.0
168,bio1_whs0_land4_list500_bld1000,True,False,4,500,1000,109.6,3.6,28.8,8.8,45.0,11.3,10.0,7.4,6.6,26.8,28.1,25.2,26.8,18.7,50.9,40.3,12.9,118.2,2.6,4.3,11.9,15.9,0.0,15.1,15.5,28.4,16.5,49.9,0.7,8.5,2.1,21.3,2.1,4.6,3.6,1.2,8.4,3.5,6.0,14.1,5.5,16.8,9.3,1.9,17.1,1.2,0.8,2.7,2.6,0.0,5.1,1.2,6.7,3.2,0.0,0.0,0.0,0.0,0.0,0.0,0.0,0.0,0.0,0.0,0.0,0.0,0.0,0.0,0.0,0.0,0.0,0.0,0.0,0.0,0.0,0.0,0.0,0.0,0.0,0.0,0.0,11.5,0.0,3.6,0.3,5.0,2.2,0.4,1.9,0.0,0.3,0.5,4.5,4.6,9.4,11.8,10.1,0.0,14.2,0.2,1.0,3.0,7.3,0.0,4.8,8.5,9.7,4.6,0.1,0.0,0.0,0.0,0.2,0.0,0.0,0.0,0.1,0.1,0.2,0.2,0.2,0.1,0.5,0.7,0.3,4.4,0.1,0.1,0.3,0.4,0.0,0.5,0.4,0.8,0.5,39.2,2.9,13.2,4.9,15.5,5.4,3.9,1.4,5.1,15.9,20.8,13.5,7.8,3.7,21.8,20.1,10.7,81.9,1.2,2.4,5.8,5.6,0.0,4.6,5.5,11.2,8.1,0.1,0.0,0.1,0.0,0.0,0.0,0.0,0.0,0.0,0.0,0.1,0.0,0.0,0.0,0.0,0.0,0.0,0.0,0.0,0.0,0.0,0.0,0.0,0.0,0.0,0.0,0.0,8.8,0.0,3.4,1.4,3.0,1.5,1.1,0.5,0.3,2.0,2.9,1.1,0.0,0.0,0.0,0.0,0.0,0.5,0.0,0.0,0.0,0.0,0.0,0.0,0.0,0.0,0.0
169,bio1_whs0_land4_list500_bld1250,True,False,4,500,1250,109.6,3.6,28.8,8.8,45.0,11.3,10.0,7.4,6.6,26.8,28.1,25.2,26.8,18.7,50.9,40.3,12.9,118.2,2.6,4.3,11.9,15.9,0.0,15.1,15.5,28.4,16.5,49.9,0.7,8.5,2.1,21.3,2.1,4.6,3.6,1.2,8.4,3.5,6.0,14.1,5.5,16.8,9.3,1.9,17.1,1.2,0.8,2.7,2.6,0.0,5.1,1.2,6.7,3.2,0.0,0.0,0.0,0.0,0.0,0.0,0.0,0.0,0.0,0.0,0.0,0.0,0.0,0.0,0.0,0.0,0.0,0.0,0.0,0.0,0.0,0.0,0.0,0.0,0.0,0.0,0.0,11.5,0.0,3.6,0.3,5.0,2.2,0.4,1.9,0.0,0.3,0.5,4.5,4.6,9.4,11.8,10.1,0.0,14.2,0.2,1.0,3.0,7.3,0.0,4.8,8.5,9.7,4.6,0.1,0.0,0.0,0.0,0.2,0.0,0.0,0.0,0.1,0.1,0.2,0.2,0.2,0.1,0.5,0.7,0.3,4.4,0.1,0.1,0.3,0.4,0.0,0.5,0.4,0.8,0.5,42.4,2.9,14.6,5.5,16.6,5.9,4.3,1.6,5.2,16.8,22.1,13.9,7.8,3.7,21.8,20.2,10.7,82.1,1.2,2.4,5.8,5.6,0.0,4.6,5.5,11.2,8.1,0.1,0.0,0.0,0.0,0.0,0.0,0.0,0.0,0.0,0.0,0.0,0.0,0.0,0.0,0.0,0.0,0.0,0.0,0.0,0.0,0.0,0.0,0.0,0.0,0.0,0.0,0.0,5.6,0.0,2.0,0.8,1.9,1.0,0.6,0.3,0.2,1.2,1.7,0.6,0.0,0.0,0.0,0.0,0.0,0.3,0.0,0.0,0.0,0.0,0.0,0.0,0.0,0.0,0.0
170,bio1_whs0_land4_list1000_bld250,True,False,4,1000,250,109.6,3.6,28.8,8.8,45.0,11.3,10.0,7.4,6.6,26.8,28.1,25.2,26.8,18.7,50.9,40.3,12.9,118.2,2.6,4.3,11.9,15.9,0.0,15.1,15.5,28.4,16.5,49.9,0.7,8.5,2.1,21.3,2.1,4.6,3.6,1.2,8.4,3.5,6.0,14.1,5.5,16.8,9.3,1.9,17.1,1.2,0.8,2.7,2.6,0.0,5.1,1.2,6.7,3.2,0.0,0.0,0.0,0.0,0.0,0.0,0.0,0.0,0.0,0.0,0.0,0.0,0.0,0.0,0.0,0.0,0.0,0.0,0.0,0.0,0.0,0.0,0.0,0.0,0.0,0.0,0.0,11.5,0.0,3.6,0.3,5.0,2.2,0.4,1.9,0.0,0.3,0.5,4.5,4.6,9.4,11.8,10.1,0.0,14.2,0.2,1.0,3.0,7.3,0.0,4.8,8.5,9.7,4.6,0.7,0.1,0.1,0.0,0.8,0.1,0.0,0.1,0.5,0.8,1.3,1.3,1.3,0.7,3.5,4.3,1.8,24.6,0.3,0.3,1.4,2.0,0.0,2.1,2.0,4.2,2.6,6.9,0.6,2.4,0.5,2.4,0.8,0.5,0.2,1.1,2.0,2.6,2.2,1.8,1.0,6.9,5.7,1.9,25.2,0.5,0.8,1.8,1.9,0.0,1.5,1.7,3.3,2.7,0.6,0.1,0.2,0.0,0.3,0.1,0.1,0.0,0.2,0.4,0.4,0.3,0.2,0.1,0.4,0.5,0.1,2.3,0.0,0.1,0.3,0.2,0.0,0.1,0.2,0.4,0.5,39.9,2.1,14.0,5.7,15.2,5.9,4.3,1.6,3.7,14.9,19.7,11.0,4.7,2.0,11.5,10.4,7.1,34.7,0.4,1.3,2.6,1.9,0.0,1.4,1.9,4.2,2.9
171,bio1_whs0_land4_list1000_bld500,True,False,4,1000,500,109.6,3.6,28.8,8.8,45.0,11.3,10.0,7.4,6.6,26.8,28.1,25.2,26.8,18.7,50.9,40.3,12.9,118.2,2.6,4.3,11.9,15.9,0.0,15.1,15.5,28.4,16.5,49.9,0.7,8.5,2.1,21.3,2.1,4.6,3.6,1.2,8.4,3.5,6.0,14.1,5.5,16.8,9.3,1.9,17.1,1.2,0.8,2.7,2.6,0.0,5.1,1.2,6.7,3.2,0.0,0.0,0.0,0.0,0.0,0.0,0.0,0.0,0.0,0.0,0.0,0.0,0.0,0.0,0.0,0.0,0.0,0.0,0.0,0.0,0.0,0.0,0.0,0.0,0.0,0.0,0.0,11.5,0.0,3.6,0.3,5.0,2.2,0.4,1.9,0.0,0.3,0.5,4.5,4.6,9.4,11.8,10.1,0.0,14.2,0.2,1.0,3.0,7.3,0.0,4.8,8.5,9.7,4.6,0.7,0.1,0.1,0.0,0.8,0.1,0.0,0.1,0.5,0.8,1.3,1.3,1.3,0.7,3.5,4.3,1.8,24.6,0.3,0.3,1.4,2.0,0.0,2.1,2.0,4.2,2.6,24.2,2.6,7.3,2.3,9.7,3.0,2.0,0.7,3.9,10.1,12.4,9.2,6.0,2.9,17.5,14.9,7.7,56.9,0.9,2.1,4.4,3.8,0.0,2.9,3.6,7.2,6.0,0.3,0.0,0.1,0.0,0.1,0.1,0.1,0.0,0.1,0.2,0.2,0.2,0.1,0.0,0.1,0.1,0.1,0.4,0.0,0.0,0.0,0.0,0.0,0.0,0.0,0.0,0.0,22.9,0.2,9.2,3.9,8.0,3.8,2.9,1.1,1.0,7.0,10.1,4.2,0.7,0.2,1.2,1.6,1.4,4.9,0.0,0.1,0.3,0.2,0.0,0.1,0.2,0.6,0.1
172,bio1_whs0_land4_list1000_bld750,True,False,4,1000,750,109.6,3.6,28.8,8.8,45.0,11.3,10.0,7.4,6.6,26.8,28.1,25.2,26.8,18.7,50.9,40.3,12.9,118.2,2.6,4.3,11.9,15.9,0.0,15.1,15.5,28.4,16.5,49.9,0.7,8.5,2.1,21.3,2.1,4.6,3.6,1.2,8.4,3.5,6.0,14.1,5.5,16.8,9.3,1.9,17.1,1.2,0.8,2.7,2.6,0.0,5.1,1.2,6.7,3.2,0.0,0.0,0.0,0.0,0.0,0.0,0.0,0.0,0.0,0.0,0.0,0.0,0.0,0.0,0.0,0.0,0.0,0.0,0.0,0.0,0.0,0.0,0.0,0.0,0.0,0.0,0.0,11.5,0.0,3.6,0.3,5.0,2.2,0.4,1.9,0.0,0.3,0.5,4.5,4.6,9.4,11.8,10.1,0.0,14.2,0.2,1.0,3.0,7.3,0.0,4.8,8.5,9.7,4.6,0.7,0.1,0.1,0.0,0.8,0.1,0.0,0.1,0.5,0.8,1.3,1.3,1.3,0.7,3.5,4.3,1.8,24.6,0.3,0.3,1.4,2.0,0.0,2.1,2.0,4.2,2.6,33.5,2.8,10.9,3.9,13.0,4.4,3.1,1.1,4.5,13.7,17.6,11.5,6.7,3.1,18.8,16.4,9.1,61.0,0.9,2.2,4.7,4.0,0.0,3.0,3.8,7.8,6.1,0.1,0.0,0.1,0.0,0.0,0.0,0.0,0.0,0.0,0.1,0.1,0.1,0.0,0.0,0.0,0.0,0.0,0.0,0.0,0.0,0.0,0.0,0.0,0.0,0.0,0.0,0.0,13.9,0.0,5.6,2.3,4.7,2.5,1.8,0.7,0.5,3.5,5.1,1.9,0.1,0.0,0.0,0.2,0.1,1.2,0.0,0.0,0.0,0.0,0.0,0.0,0.0,0.1,0.0
173,bio1_whs0_land4_list1000_bld1000,True,False,4,1000,1000,109.6,3.6,28.8,8.8,45.0,11.3,10.0,7.4,6.6,26.8,28.1,25.2,26.8,18.7,50.9,40.3,12.9,118.2,2.6,4.3,11.9,15.9,0.0,15.1,15.5,28.4,16.5,49.9,0.7,8.5,2.1,21.3,2.1,4.6,3.6,1.2,8.4,3.5,6.0,14.1,5.5,16.8,9.3,1.9,17.1,1.2,0.8,2.7,2.6,0.0,5.1,1.2,6.7,3.2,0.0,0.0,0.0,0.0,0.0,0.0,0.0,0.0,0.0,0.0,0.0,0.0,0.0,0.0,0.0,0.0,0.0,0.0,0.0,0.0,0.0,0.0,0.0,0.0,0.0,0.0,0.0,11.5,0.0,3.6,0.3,5.0,2.2,0.4,1.9,0.0,0.3,0.5,4.5,4.6,9.4,11.8,10.1,0.0,14.2,0.2,1.0,3.0,7.3,0.0,4.8,8.5,9.7,4.6,0.7,0.1,0.1,0.0,0.8,0.1,0.0,0.1,0.5,0.8,1.3,1.3,1.3,0.7,3.5,4.3,1.8,24.6,0.3,0.3,1.4,2.0,0.0,2.1,2.0,4.2,2.6,38.6,2.8,13.2,4.9,14.8,5.3,3.8,1.3,4.7,15.3,19.8,12.4,6.8,3.1,18.8,16.5,9.2,61.7,0.9,2.2,4.7,4.0,0.0,3.0,3.8,7.8,6.1,0.1,0.0,0.1,0.0,0.0,0.0,0.0,0.0,0.0,0.0,0.1,0.0,0.0,0.0,0.0,0.0,0.0,0.0,0.0,0.0,0.0,0.0,0.0,0.0,0.0,0.0,0.0,8.8,0.0,3.4,1.4,3.0,1.5,1.1,0.5,0.3,2.0,2.9,1.1,0.0,0.0,0.0,0.0,0.0,0.5,0.0,0.0,0.0,0.0,0.0,0.0,0.0,0.0,0.0
174,bio1_whs0_land4_list1000_bld1250,True,False,4,1000,1250,109.6,3.6,28.8,8.8,45.0,11.3,10.0,7.4,6.6,26.8,28.1,25.2,26.8,18.7,50.9,40.3,12.9,118.2,2.6,4.3,11.9,15.9,0.0,15.1,15.5,28.4,16.5,49.9,0.7,8.5,2.1,21.3,2.1,4.6,3.6,1.2,8.4,3.5,6.0,14.1,5.5,16.8,9.3,1.9,17.1,1.2,0.8,2.7,2.6,0.0,5.1,1.2,6.7,3.2,0.0,0.0,0.0,0.0,0.0,0.0,0.0,0.0,0.0,0.0,0.0,0.0,0.0,0.0,0.0,0.0,0.0,0.0,0.0,0.0,0.0,0.0,0.0,0.0,0.0,0.0,0.0,11.5,0.0,3.6,0.3,5.0,2.2,0.4,1.9,0.0,0.3,0.5,4.5,4.6,9.4,11.8,10.1,0.0,14.2,0.2,1.0,3.0,7.3,0.0,4.8,8.5,9.7,4.6,0.7,0.1,0.1,0.0,0.8,0.1,0.0,0.1,0.5,0.8,1.3,1.3,1.3,0.7,3.5,4.3,1.8,24.6,0.3,0.3,1.4,2.0,0.0,2.1,2.0,4.2,2.6,41.8,2.8,14.5,5.4,15.9,5.9,4.3,1.5,4.8,16.1,21.0,12.8,6.8,3.1,18.8,16.6,9.2,61.9,0.9,2.2,4.7,4.0,0.0,3.0,3.8,7.8,6.1,0.1,0.0,0.0,0.0,0.0,0.0,0.0,0.0,0.0,0.0,0.0,0.0,0.0,0.0,0.0,0.0,0.0,0.0,0.0,0.0,0.0,0.0,0.0,0.0,0.0,0.0,0.0,5.6,0.0,2.0,0.8,1.9,1.0,0.6,0.3,0.2,1.2,1.7,0.6,0.0,0.0,0.0,0.0,0.0,0.3,0.0,0.0,0.0,0.0,0.0,0.0,0.0,0.0,0.0
175,bio1_whs0_land4_list1500_bld250,True,False,4,1500,250,109.6,3.6,28.8,8.8,45.0,11.3,10.0,7.4,6.6,26.8,28.1,25.2,26.8,18.7,50.9,40.3,12.9,118.2,2.6,4.3,11.9,15.9,0.0,15.1,15.5,28.4,16.5,49.9,0.7,8.5,2.1,21.3,2.1,4.6,3.6,1.2,8.4,3.5,6.0,14.1,5.5,16.8,9.3,1.9,17.1,1.2,0.8,2.7,2.6,0.0,5.1,1.2,6.7,3.2,0.0,0.0,0.0,0.0,0.0,0.0,0.0,0.0,0.0,0.0,0.0,0.0,0.0,0.0,0.0,0.0,0.0,0.0,0.0,0.0,0.0,0.0,0.0,0.0,0.0,0.0,0.0,11.5,0.0,3.6,0.3,5.0,2.2,0.4,1.9,0.0,0.3,0.5,4.5,4.6,9.4,11.8,10.1,0.0,14.2,0.2,1.0,3.0,7.3,0.0,4.8,8.5,9.7,4.6,1.7,0.2,0.3,0.1,2.0,0.3,0.1,0.2,1.0,1.9,3.0,3.0,2.7,1.4,8.1,9.3,3.7,48.5,0.6,0.6,2.6,4.0,0.0,3.6,3.9,7.6,4.8,6.7,0.6,2.4,0.5,2.1,0.8,0.5,0.2,0.9,1.8,2.3,1.8,1.4,0.7,5.2,3.8,1.3,14.3,0.3,0.6,1.3,1.0,0.0,0.7,0.9,1.7,1.8,0.6,0.1,0.2,0.0,0.3,0.1,0.1,0.0,0.2,0.3,0.4,0.3,0.2,0.1,0.3,0.4,0.1,1.5,0.0,0.1,0.2,0.1,0.0,0.1,0.1,0.2,0.3,39.2,2.0,13.9,5.6,14.3,5.8,4.3,1.5,3.3,14.0,18.3,9.7,3.8,1.5,8.7,7.4,5.8,22.5,0.3,1.1,2.0,1.0,0.0,0.7,1.0,2.5,1.8
176,bio1_whs0_land4_list1500_bld500,True,False,4,1500,500,109.6,3.6,28.8,8.8,45.0,11.3,10.0,7.4,6.6,26.8,28.1,25.2,26.8,18.7,50.9,40.3,12.9,118.2,2.6,4.3,11.9,15.9,0.0,15.1,15.5,28.4,16.5,49.9,0.7,8.5,2.1,21.3,2.1,4.6,3.6,1.2,8.4,3.5,6.0,14.1,5.5,16.8,9.3,1.9,17.1,1.2,0.8,2.7,2.6,0.0,5.1,1.2,6.7,3.2,0.0,0.0,0.0,0.0,0.0,0.0,0.0,0.0,0.0,0.0,0.0,0.0,0.0,0.0,0.0,0.0,0.0,0.0,0.0,0.0,0.0,0.0,0.0,0.0,0.0,0.0,0.0,11.5,0.0,3.6,0.3,5.0,2.2,0.4,1.9,0.0,0.3,0.5,4.5,4.6,9.4,11.8,10.1,0.0,14.2,0.2,1.0,3.0,7.3,0.0,4.8,8.5,9.7,4.6,1.7,0.2,0.3,0.1,2.0,0.3,0.1,0.2,1.0,1.9,3.0,3.0,2.7,1.4,8.1,9.3,3.7,48.5,0.6,0.6,2.6,4.0,0.0,3.6,3.9,7.6,4.8,23.4,2.5,7.2,2.3,8.7,2.8,1.9,0.7,3.4,9.1,11.1,7.7,4.7,2.2,13.2,10.2,6.0,33.9,0.6,1.8,3.2,1.9,0.0,1.4,1.8,4.0,3.8,0.3,0.0,0.1,0.0,0.1,0.0,0.1,0.0,0.0,0.2,0.2,0.1,0.0,0.0,0.1,0.1,0.1,0.3,0.0,0.0,0.0,0.0,0.0,0.0,0.0,0.0,0.0,22.8,0.2,9.1,3.8,7.8,3.8,2.9,1.0,1.0,6.8,9.7,3.9,0.6,0.2,1.0,1.3,1.3,4.1,0.0,0.1,0.2,0.1,0.0,0.1,0.1,0.4,0.0
177,bio1_whs0_land4_list1500_bld750,True,False,4,1500,750,109.6,3.6,28.8,8.8,45.0,11.3,10.0,7.4,6.6,26.8,28.1,25.2,26.8,18.7,50.9,40.3,12.9,118.2,2.6,4.3,11.9,15.9,0.0,15.1,15.5,28.4,16.5,49.9,0.7,8.5,2.1,21.3,2.1,4.6,3.6,1.2,8.4,3.5,6.0,14.1,5.5,16.8,9.3,1.9,17.1,1.2,0.8,2.7,2.6,0.0,5.1,1.2,6.7,3.2,0.0,0.0,0.0,0.0,0.0,0.0,0.0,0.0,0.0,0.0,0.0,0.0,0.0,0.0,0.0,0.0,0.0,0.0,0.0,0.0,0.0,0.0,0.0,0.0,0.0,0.0,0.0,11.5,0.0,3.6,0.3,5.0,2.2,0.4,1.9,0.0,0.3,0.5,4.5,4.6,9.4,11.8,10.1,0.0,14.2,0.2,1.0,3.0,7.3,0.0,4.8,8.5,9.7,4.6,1.7,0.2,0.3,0.1,2.0,0.3,0.1,0.2,1.0,1.9,3.0,3.0,2.7,1.4,8.1,9.3,3.7,48.5,0.6,0.6,2.6,4.0,0.0,3.6,3.9,7.6,4.8,32.5,2.7,10.8,3.8,11.9,4.2,3.1,1.0,3.9,12.6,15.9,9.9,5.3,2.4,14.2,11.4,7.1,37.1,0.6,1.9,3.4,2.0,0.0,1.5,1.9,4.4,3.9,0.1,0.0,0.1,0.0,0.1,0.0,0.0,0.0,0.0,0.1,0.1,0.1,0.0,0.0,0.0,0.0,0.0,0.0,0.0,0.0,0.0,0.0,0.0,0.0,0.0,0.0,0.0,13.8,0.0,5.5,2.3,4.7,2.4,1.8,0.7,0.5,3.4,5.0,1.9,0.1,0.0,0.0,0.2,0.1,1.2,0.0,0.0,0.0,0.0,0.0,0.0,0.0,0.0,0.0
178,bio1_whs0_land4_list1500_bld1000,True,False,4,1500,1000,109.6,3.6,28.8,8.8,45.0,11.3,10.0,7.4,6.6,26.8,28.1,25.2,26.8,18.7,50.9,40.3,12.9,118.2,2.6,4.3,11.9,15.9,0.0,15.1,15.5,28.4,16.5,49.9,0.7,8.5,2.1,21.3,2.1,4.6,3.6,1.2,8.4,3.5,6.0,14.1,5.5,16.8,9.3,1.9,17.1,1.2,0.8,2.7,2.6,0.0,5.1,1.2,6.7,3.2,0.0,0.0,0.0,0.0,0.0,0.0,0.0,0.0,0.0,0.0,0.0,0.0,0.0,0.0,0.0,0.0,0.0,0.0,0.0,0.0,0.0,0.0,0.0,0.0,0.0,0.0,0.0,11.5,0.0,3.6,0.3,5.0,2.2,0.4,1.9,0.0,0.3,0.5,4.5,4.6,9.4,11.8,10.1,0.0,14.2,0.2,1.0,3.0,7.3,0.0,4.8,8.5,9.7,4.6,1.7,0.2,0.3,0.1,2.0,0.3,0.1,0.2,1.0,1.9,3.0,3.0,2.7,1.4,8.1,9.3,3.7,48.5,0.6,0.6,2.6,4.0,0.0,3.6,3.9,7.6,4.8,37.6,2.7,13.0,4.8,13.7,5.1,3.8,1.2,4.1,14.1,18.1,10.7,5.3,2.4,14.2,11.5,7.3,37.8,0.6,1.9,3.5,2.0,0.0,1.5,2.0,4.4,3.9,0.1,0.0,0.1,0.0,0.0,0.0,0.0,0.0,0.0,0.0,0.0,0.0,0.0,0.0,0.0,0.0,0.0,0.0,0.0,0.0,0.0,0.0,0.0,0.0,0.0,0.0,0.0,8.8,0.0,3.4,1.4,3.0,1.5,1.1,0.5,0.3,2.0,2.9,1.1,0.0,0.0,0.0,0.0,0.0,0.5,0.0,0.0,0.0,0.0,0.0,0.0,0.0,0.0,0.0
179,bio1_whs0_land4_list1500_bld1250,True,False,4,1500,1250,109.6,3.6,28.8,8.8,45.0,11.3,10.0,7.4,6.6,26.8,28.1,25.2,26.8,18.7,50.9,40.3,12.9,118.2,2.6,4.3,11.9,15.9,0.0,15.1,15.5,28.4,16.5,49.9,0.7,8.5,2.1,21.3,2.1,4.6,3.6,1.2,8.4,3.5,6.0,14.1,5.5,16.8,9.3,1.9,17.1,1.2,0.8,2.7,2.6,0.0,5.1,1.2,6.7,3.2,0.0,0.0,0.0,0.0,0.0,0.0,0.0,0.0,0.0,0.0,0.0,0.0,0.0,0.0,0.0,0.0,0.0,0.0,0.0,0.0,0.0,0.0,0.0,0.0,0.0,0.0,0.0,11.5,0.0,3.6,0.3,5.0,2.2,0.4,1.9,0.0,0.3,0.5,4.5,4.6,9.4,11.8,10.1,0.0,14.2,0.2,1.0,3.0,7.3,0.0,4.8,8.5,9.7,4.6,1.7,0.2,0.3,0.1,2.0,0.3,0.1,0.2,1.0,1.9,3.0,3.0,2.7,1.4,8.1,9.3,3.7,48.5,0.6,0.6,2.6,4.0,0.0,3.6,3.9,7.6,4.8,40.9,2.7,14.4,5.4,14.8,5.7,4.2,1.4,4.2,14.9,19.3,11.1,5.3,2.4,14.2,11.6,7.3,38.0,0.6,1.9,3.5,2.0,0.0,1.5,2.0,4.4,3.9,0.1,0.0,0.0,0.0,0.0,0.0,0.0,0.0,0.0,0.0,0.0,0.0,0.0,0.0,0.0,0.0,0.0,0.0,0.0,0.0,0.0,0.0,0.0,0.0,0.0,0.0,0.0,5.6,0.0,2.0,0.8,1.9,1.0,0.6,0.3,0.2,1.2,1.7,0.6,0.0,0.0,0.0,0.0,0.0,0.3,0.0,0.0,0.0,0.0,0.0,0.0,0.0,0.0,0.0
180,bio1_whs1_land1_list500_bld250,True,True,1,500,250,109.6,3.6,28.8,8.8,45.0,11.3,10.0,7.4,6.6,26.8,28.1,25.2,26.8,18.7,50.9,40.3,12.9,118.2,2.6,4.3,11.9,15.9,0.0,15.1,15.5,28.4,16.5,49.9,0.7,8.5,2.1,21.3,2.1,4.6,3.6,1.2,8.4,3.5,6.0,14.1,5.5,16.8,9.3,1.9,17.1,1.2,0.8,2.7,2.6,0.0,5.1,1.2,6.7,3.2,1.4,0.0,0.0,0.0,0.0,0.0,0.0,0.0,0.0,0.0,0.0,1.1,0.7,4.9,0.0,0.0,0.0,0.0,0.0,0.0,0.1,0.1,0.0,0.0,0.0,0.1,0.2,0.0,0.0,0.0,0.0,0.0,0.0,0.0,0.0,0.0,0.0,0.0,0.0,0.0,0.0,0.0,0.0,0.0,0.0,0.0,0.0,0.0,0.0,0.0,0.0,0.0,0.0,0.0,0.1,0.0,0.0,0.0,0.2,0.0,0.0,0.0,0.1,0.1,0.2,0.2,0.3,0.2,0.9,1.1,0.3,5.2,0.1,0.1,0.4,0.8,0.0,0.9,1.0,1.3,0.8,9.3,0.6,2.9,0.5,2.8,1.1,0.5,0.4,1.2,2.2,2.8,2.6,3.1,2.0,12.2,10.9,2.5,40.5,0.6,1.2,2.8,4.7,0.0,4.4,5.6,7.4,4.7,0.8,0.1,0.3,0.0,0.4,0.1,0.1,0.1,0.2,0.4,0.5,0.4,0.3,0.2,0.8,0.9,0.2,3.3,0.1,0.2,0.4,0.5,0.0,0.4,0.7,0.9,0.8,48.0,2.2,17.1,6.0,20.4,7.9,4.7,3.3,4.0,15.7,21.0,15.0,8.2,5.9,20.3,18.1,8.1,52.0,0.6,2.0,5.4,7.2,0.0,4.2,7.1,12.1,6.9
181,bio1_whs1_land1_list500_bld500,True,True,1,500,500,109.6,3.6,28.8,8.8,45.0,11.3,10.0,7.4,6.6,26.8,28.1,25.2,26.8,18.7,50.9,40.3,12.9,118.2,2.6,4.3,11.9,15.9,0.0,15.1,15.5,28.4,16.5,49.9,0.7,8.5,2.1,21.3,2.1,4.6,3.6,1.2,8.4,3.5,6.0,14.1,5.5,16.8,9.3,1.9,17.1,1.2,0.8,2.7,2.6,0.0,5.1,1.2,6.7,3.2,1.4,0.0,0.0,0.0,0.0,0.0,0.0,0.0,0.0,0.0,0.0,1.1,0.7,4.9,0.0,0.0,0.0,0.0,0.0,0.0,0.1,0.1,0.0,0.0,0.0,0.1,0.2,0.0,0.0,0.0,0.0,0.0,0.0,0.0,0.0,0.0,0.0,0.0,0.0,0.0,0.0,0.0,0.0,0.0,0.0,0.0,0.0,0.0,0.0,0.0,0.0,0.0,0.0,0.0,0.1,0.0,0.0,0.0,0.2,0.0,0.0,0.0,0.1,0.1,0.2,0.2,0.3,0.2,0.9,1.1,0.3,5.2,0.1,0.1,0.4,0.8,0.0,0.9,1.0,1.3,0.8,30.9,2.7,9.0,2.5,11.5,3.8,2.1,1.4,4.3,10.8,13.6,11.2,9.9,6.2,29.7,26.6,9.2,88.8,1.3,3.2,7.1,11.1,0.0,8.8,12.2,18.2,11.2,0.4,0.0,0.2,0.0,0.2,0.1,0.1,0.1,0.1,0.2,0.2,0.2,0.1,0.1,0.2,0.2,0.1,0.5,0.0,0.0,0.1,0.1,0.0,0.0,0.1,0.2,0.1,26.8,0.2,11.1,4.1,11.8,5.2,3.2,2.4,1.1,7.3,10.4,6.6,1.6,1.8,3.3,3.1,1.5,6.5,0.1,0.1,1.5,1.2,0.0,0.2,1.1,2.0,1.0
182,bio1_whs1_land1_list500_bld750,True,True,1,500,750,109.6,3.6,28.8,8.8,45.0,11.3,10.0,7.4,6.6,26.8,28.1,25.2,26.8,18.7,50.9,40.3,12.9,118.2,2.6,4.3,11.9,15.9,0.0,15.1,15.5,28.4,16.5,49.9,0.7,8.5,2.1,21.3,2.1,4.6,3.6,1.2,8.4,3.5,6.0,14.1,5.5,16.8,9.3,1.9,17.1,1.2,0.8,2.7,2.6,0.0,5.1,1.2,6.7,3.2,1.4,0.0,0.0,0.0,0.0,0.0,0.0,0.0,0.0,0.0,0.0,1.1,0.7,4.9,0.0,0.0,0.0,0.0,0.0,0.0,0.1,0.1,0.0,0.0,0.0,0.1,0.2,0.0,0.0,0.0,0.0,0.0,0.0,0.0,0.0,0.0,0.0,0.0,0.0,0.0,0.0,0.0,0.0,0.0,0.0,0.0,0.0,0.0,0.0,0.0,0.0,0.0,0.0,0.0,0.1,0.0,0.0,0.0,0.2,0.0,0.0,0.0,0.1,0.1,0.2,0.2,0.3,0.2,0.9,1.1,0.3,5.2,0.1,0.1,0.4,0.8,0.0,0.9,1.0,1.3,0.8,42.5,2.9,13.5,4.1,16.0,5.7,3.4,2.1,4.9,14.6,19.0,14.6,11.2,7.4,32.6,29.3,10.6,94.3,1.3,3.4,8.0,12.2,0.0,9.0,13.2,20.1,11.9,0.2,0.0,0.1,0.0,0.1,0.0,0.0,0.0,0.0,0.1,0.1,0.1,0.0,0.0,0.0,0.0,0.0,0.1,0.0,0.0,0.0,0.0,0.0,0.0,0.0,0.0,0.0,15.4,0.0,6.6,2.5,7.4,3.4,2.0,1.7,0.5,3.6,5.2,3.3,0.4,0.7,0.6,0.6,0.1,1.5,0.0,0.0,0.7,0.2,0.0,0.0,0.2,0.2,0.5
183,bio1_whs1_land1_list500_bld1000,True,True,1,500,1000,109.6,3.6,28.8,8.8,45.0,11.3,10.0,7.4,6.6,26.8,28.1,25.2,26.8,18.7,50.9,40.3,12.9,118.2,2.6,4.3,11.9,15.9,0.0,15.1,15.5,28.4,16.5,49.9,0.7,8.5,2.1,21.3,2.1,4.6,3.6,1.2,8.4,3.5,6.0,14.1,5.5,16.8,9.3,1.9,17.1,1.2,0.8,2.7,2.6,0.0,5.1,1.2,6.7,3.2,1.4,0.0,0.0,0.0,0.0,0.0,0.0,0.0,0.0,0.0,0.0,1.1,0.7,4.9,0.0,0.0,0.0,0.0,0.0,0.0,0.1,0.1,0.0,0.0,0.0,0.1,0.2,0.0,0.0,0.0,0.0,0.0,0.0,0.0,0.0,0.0,0.0,0.0,0.0,0.0,0.0,0.0,0.0,0.0,0.0,0.0,0.0,0.0,0.0,0.0,0.0,0.0,0.0,0.0,0.1,0.0,0.0,0.0,0.2,0.0,0.0,0.0,0.1,0.1,0.2,0.2,0.3,0.2,0.9,1.1,0.3,5.2,0.1,0.1,0.4,0.8,0.0,0.9,1.0,1.3,0.8,48.7,2.9,16.2,5.2,18.7,7.0,4.1,2.6,5.1,16.2,21.3,16.1,11.4,7.7,33.1,29.7,10.7,95.1,1.3,3.4,8.3,12.4,0.0,9.0,13.3,20.3,12.1,0.1,0.0,0.1,0.0,0.0,0.0,0.0,0.0,0.0,0.0,0.1,0.0,0.0,0.0,0.0,0.0,0.0,0.0,0.0,0.0,0.0,0.0,0.0,0.0,0.0,0.0,0.0,9.3,0.0,3.9,1.4,4.8,2.1,1.2,1.2,0.3,2.0,2.9,1.8,0.2,0.3,0.2,0.2,0.0,0.7,0.0,0.0,0.4,0.0,0.0,0.0,0.0,0.0,0.2
184,bio1_whs1_land1_list500_bld1250,True,True,1,500,1250,109.6,3.6,28.8,8.8,45.0,11.3,10.0,7.4,6.6,26.8,28.1,25.2,26.8,18.7,50.9,40.3,12.9,118.2,2.6,4.3,11.9,15.9,0.0,15.1,15.5,28.4,16.5,49.9,0.7,8.5,2.1,21.3,2.1,4.6,3.6,1.2,8.4,3.5,6.0,14.1,5.5,16.8,9.3,1.9,17.1,1.2,0.8,2.7,2.6,0.0,5.1,1.2,6.7,3.2,1.4,0.0,0.0,0.0,0.0,0.0,0.0,0.0,0.0,0.0,0.0,1.1,0.7,4.9,0.0,0.0,0.0,0.0,0.0,0.0,0.1,0.1,0.0,0.0,0.0,0.1,0.2,0.0,0.0,0.0,0.0,0.0,0.0,0.0,0.0,0.0,0.0,0.0,0.0,0.0,0.0,0.0,0.0,0.0,0.0,0.0,0.0,0.0,0.0,0.0,0.0,0.0,0.0,0.0,0.1,0.0,0.0,0.0,0.2,0.0,0.0,0.0,0.1,0.1,0.2,0.2,0.3,0.2,0.9,1.1,0.3,5.2,0.1,0.1,0.4,0.8,0.0,0.9,1.0,1.3,0.8,52.4,2.9,17.9,5.8,20.4,7.8,4.6,3.0,5.2,17.1,22.6,16.9,11.5,7.9,33.2,29.8,10.7,95.5,1.3,3.4,8.4,12.4,0.0,9.0,13.4,20.4,12.2,0.1,0.0,0.1,0.0,0.0,0.0,0.0,0.0,0.0,0.0,0.0,0.0,0.0,0.0,0.0,0.0,0.0,0.0,0.0,0.0,0.0,0.0,0.0,0.0,0.0,0.0,0.0,5.7,0.0,2.3,0.8,3.0,1.3,0.7,0.8,0.2,1.2,1.7,1.0,0.1,0.1,0.1,0.1,0.0,0.4,0.0,0.0,0.2,0.0,0.0,0.0,0.0,0.0,0.1
185,bio1_whs1_land1_list1000_bld250,True,True,1,1000,250,109.6,3.6,28.8,8.8,45.0,11.3,10.0,7.4,6.6,26.8,28.1,25.2,26.8,18.7,50.9,40.3,12.9,118.2,2.6,4.3,11.9,15.9,0.0,15.1,15.5,28.4,16.5,49.9,0.7,8.5,2.1,21.3,2.1,4.6,3.6,1.2,8.4,3.5,6.0,14.1,5.5,16.8,9.3,1.9,17.1,1.2,0.8,2.7,2.6,0.0,5.1,1.2,6.7,3.2,1.4,0.0,0.0,0.0,0.0,0.0,0.0,0.0,0.0,0.0,0.0,1.1,0.7,4.9,0.0,0.0,0.0,0.0,0.0,0.0,0.1,0.1,0.0,0.0,0.0,0.1,0.2,0.0,0.0,0.0,0.0,0.0,0.0,0.0,0.0,0.0,0.0,0.0,0.0,0.0,0.0,0.0,0.0,0.0,0.0,0.0,0.0,0.0,0.0,0.0,0.0,0.0,0.0,0.0,0.8,0.1,0.1,0.0,0.9,0.1,0.0,0.1,0.5,0.8,1.3,1.3,1.7,1.3,5.2,6.4,1.8,28.6,0.3,0.4,1.7,4.2,0.0,4.1,4.8,6.9,3.6,9.2,0.6,2.9,0.5,2.6,1.1,0.5,0.4,1.1,2.1,2.6,2.4,2.6,1.7,10.4,8.6,1.9,29.2,0.5,1.0,2.3,3.2,0.0,2.9,3.8,4.9,3.5,0.7,0.1,0.3,0.0,0.3,0.1,0.1,0.1,0.2,0.4,0.4,0.3,0.3,0.2,0.7,0.8,0.1,2.7,0.0,0.2,0.3,0.4,0.0,0.3,0.5,0.7,0.6,47.5,2.1,17.0,6.0,19.8,7.9,4.7,3.3,3.7,15.2,20.1,14.2,7.2,5.2,17.9,15.2,7.2,40.6,0.5,1.8,4.7,5.4,0.0,2.7,5.2,9.1,5.4
186,bio1_whs1_land1_list1000_bld500,True,True,1,1000,500,109.6,3.6,28.8,8.8,45.0,11.3,10.0,7.4,6.6,26.8,28.1,25.2,26.8,18.7,50.9,40.3,12.9,118.2,2.6,4.3,11.9,15.9,0.0,15.1,15.5,28.4,16.5,49.9,0.7,8.5,2.1,21.3,2.1,4.6,3.6,1.2,8.4,3.5,6.0,14.1,5.5,16.8,9.3,1.9,17.1,1.2,0.8,2.7,2.6,0.0,5.1,1.2,6.7,3.2,1.4,0.0,0.0,0.0,0.0,0.0,0.0,0.0,0.0,0.0,0.0,1.1,0.7,4.9,0.0,0.0,0.0,0.0,0.0,0.0,0.1,0.1,0.0,0.0,0.0,0.1,0.2,0.0,0.0,0.0,0.0,0.0,0.0,0.0,0.0,0.0,0.0,0.0,0.0,0.0,0.0,0.0,0.0,0.0,0.0,0.0,0.0,0.0,0.0,0.0,0.0,0.0,0.0,0.0,0.8,0.1,0.1,0.0,0.9,0.1,0.0,0.1,0.5,0.8,1.3,1.3,1.7,1.3,5.2,6.4,1.8,28.6,0.3,0.4,1.7,4.2,0.0,4.1,4.8,6.9,3.6,30.4,2.6,8.9,2.5,10.9,3.7,2.1,1.3,3.9,10.2,12.7,10.2,8.6,5.3,25.6,21.6,7.8,65.9,1.0,2.9,5.8,7.9,0.0,5.7,8.5,12.8,8.5,0.4,0.0,0.2,0.0,0.2,0.1,0.1,0.1,0.1,0.2,0.2,0.2,0.1,0.0,0.2,0.2,0.1,0.5,0.0,0.0,0.1,0.1,0.0,0.0,0.1,0.1,0.1,26.7,0.2,11.1,4.1,11.7,5.2,3.2,2.3,1.0,7.2,10.3,6.5,1.5,1.7,3.1,2.8,1.4,6.1,0.1,0.1,1.4,1.0,0.0,0.2,0.9,1.8,1.0
187,bio1_whs1_land1_list1000_bld750,True,True,1,1000,750,109.6,3.6,28.8,8.8,45.0,11.3,10.0,7.4,6.6,26.8,28.1,25.2,26.8,18.7,50.9,40.3,12.9,118.2,2.6,4.3,11.9,15.9,0.0,15.1,15.5,28.4,16.5,49.9,0.7,8.5,2.1,21.3,2.1,4.6,3.6,1.2,8.4,3.5,6.0,14.1,5.5,16.8,9.3,1.9,17.1,1.2,0.8,2.7,2.6,0.0,5.1,1.2,6.7,3.2,1.4,0.0,0.0,0.0,0.0,0.0,0.0,0.0,0.0,0.0,0.0,1.1,0.7,4.9,0.0,0.0,0.0,0.0,0.0,0.0,0.1,0.1,0.0,0.0,0.0,0.1,0.2,0.0,0.0,0.0,0.0,0.0,0.0,0.0,0.0,0.0,0.0,0.0,0.0,0.0,0.0,0.0,0.0,0.0,0.0,0.0,0.0,0.0,0.0,0.0,0.0,0.0,0.0,0.0,0.8,0.1,0.1,0.0,0.9,0.1,0.0,0.1,0.5,0.8,1.3,1.3,1.7,1.3,5.2,6.4,1.8,28.6,0.3,0.4,1.7,4.2,0.0,4.1,4.8,6.9,3.6,41.9,2.8,13.4,4.1,15.3,5.6,3.3,2.0,4.5,14.0,18.0,13.6,9.8,6.3,28.3,24.0,9.1,70.9,1.1,3.0,6.6,8.8,0.0,5.8,9.4,14.5,9.1,0.2,0.0,0.1,0.0,0.1,0.0,0.0,0.0,0.0,0.1,0.1,0.1,0.0,0.0,0.0,0.0,0.0,0.1,0.0,0.0,0.0,0.0,0.0,0.0,0.0,0.0,0.0,15.4,0.0,6.6,2.5,7.4,3.4,2.0,1.7,0.5,3.6,5.2,3.3,0.4,0.7,0.6,0.6,0.1,1.5,0.0,0.0,0.7,0.2,0.0,0.0,0.2,0.2,0.5
188,bio1_whs1_land1_list1000_bld1000,True,True,1,1000,1000,109.6,3.6,28.8,8.8,45.0,11.3,10.0,7.4,6.6,26.8,28.1,25.2,26.8,18.7,50.9,40.3,12.9,118.2,2.6,4.3,11.9,15.9,0.0,15.1,15.5,28.4,16.5,49.9,0.7,8.5,2.1,21.3,2.1,4.6,3.6,1.2,8.4,3.5,6.0,14.1,5.5,16.8,9.3,1.9,17.1,1.2,0.8,2.7,2.6,0.0,5.1,1.2,6.7,3.2,1.4,0.0,0.0,0.0,0.0,0.0,0.0,0.0,0.0,0.0,0.0,1.1,0.7,4.9,0.0,0.0,0.0,0.0,0.0,0.0,0.1,0.1,0.0,0.0,0.0,0.1,0.2,0.0,0.0,0.0,0.0,0.0,0.0,0.0,0.0,0.0,0.0,0.0,0.0,0.0,0.0,0.0,0.0,0.0,0.0,0.0,0.0,0.0,0.0,0.0,0.0,0.0,0.0,0.0,0.8,0.1,0.1,0.0,0.9,0.1,0.0,0.1,0.5,0.8,1.3,1.3,1.7,1.3,5.2,6.4,1.8,28.6,0.3,0.4,1.7,4.2,0.0,4.1,4.8,6.9,3.6,48.1,2.8,16.1,5.1,18.0,6.9,4.1,2.5,4.7,15.6,20.2,15.0,10.0,6.7,28.7,24.4,9.2,71.7,1.1,3.0,6.9,8.9,0.0,5.8,9.5,14.7,9.3,0.1,0.0,0.1,0.0,0.0,0.0,0.0,0.0,0.0,0.0,0.1,0.0,0.0,0.0,0.0,0.0,0.0,0.0,0.0,0.0,0.0,0.0,0.0,0.0,0.0,0.0,0.0,9.3,0.0,3.9,1.4,4.8,2.1,1.2,1.2,0.3,2.0,2.9,1.8,0.2,0.3,0.2,0.2,0.0,0.7,0.0,0.0,0.4,0.0,0.0,0.0,0.0,0.0,0.2
189,bio1_whs1_land1_list1000_bld1250,True,True,1,1000,1250,109.6,3.6,28.8,8.8,45.0,11.3,10.0,7.4,6.6,26.8,28.1,25.2,26.8,18.7,50.9,40.3,12.9,118.2,2.6,4.3,11.9,15.9,0.0,15.1,15.5,28.4,16.5,49.9,0.7,8.5,2.1,21.3,2.1,4.6,3.6,1.2,8.4,3.5,6.0,14.1,5.5,16.8,9.3,1.9,17.1,1.2,0.8,2.7,2.6,0.0,5.1,1.2,6.7,3.2,1.4,0.0,0.0,0.0,0.0,0.0,0.0,0.0,0.0,0.0,0.0,1.1,0.7,4.9,0.0,0.0,0.0,0.0,0.0,0.0,0.1,0.1,0.0,0.0,0.0,0.1,0.2,0.0,0.0,0.0,0.0,0.0,0.0,0.0,0.0,0.0,0.0,0.0,0.0,0.0,0.0,0.0,0.0,0.0,0.0,0.0,0.0,0.0,0.0,0.0,0.0,0.0,0.0,0.0,0.8,0.1,0.1,0.0,0.9,0.1,0.0,0.1,0.5,0.8,1.3,1.3,1.7,1.3,5.2,6.4,1.8,28.6,0.3,0.4,1.7,4.2,0.0,4.1,4.8,6.9,3.6,51.7,2.8,17.8,5.7,19.7,7.7,4.6,2.9,4.8,16.4,21.5,15.8,10.1,6.9,28.9,24.5,9.2,72.1,1.1,3.0,7.1,9.0,0.0,5.8,9.5,14.7,9.4,0.1,0.0,0.1,0.0,0.0,0.0,0.0,0.0,0.0,0.0,0.0,0.0,0.0,0.0,0.0,0.0,0.0,0.0,0.0,0.0,0.0,0.0,0.0,0.0,0.0,0.0,0.0,5.7,0.0,2.3,0.8,3.0,1.3,0.7,0.8,0.2,1.2,1.7,1.0,0.1,0.1,0.1,0.1,0.0,0.4,0.0,0.0,0.2,0.0,0.0,0.0,0.0,0.0,0.1
190,bio1_whs1_land1_list1500_bld250,True,True,1,1500,250,109.6,3.6,28.8,8.8,45.0,11.3,10.0,7.4,6.6,26.8,28.1,25.2,26.8,18.7,50.9,40.3,12.9,118.2,2.6,4.3,11.9,15.9,0.0,15.1,15.5,28.4,16.5,49.9,0.7,8.5,2.1,21.3,2.1,4.6,3.6,1.2,8.4,3.5,6.0,14.1,5.5,16.8,9.3,1.9,17.1,1.2,0.8,2.7,2.6,0.0,5.1,1.2,6.7,3.2,1.4,0.0,0.0,0.0,0.0,0.0,0.0,0.0,0.0,0.0,0.0,1.1,0.7,4.9,0.0,0.0,0.0,0.0,0.0,0.0,0.1,0.1,0.0,0.0,0.0,0.1,0.2,0.0,0.0,0.0,0.0,0.0,0.0,0.0,0.0,0.0,0.0,0.0,0.0,0.0,0.0,0.0,0.0,0.0,0.0,0.0,0.0,0.0,0.0,0.0,0.0,0.0,0.0,0.0,1.9,0.2,0.3,0.1,2.1,0.3,0.1,0.2,1.0,2.0,3.1,3.1,3.7,2.6,11.7,13.8,3.7,56.3,0.6,0.9,3.3,8.3,0.0,7.1,9.2,13.0,6.6,9.0,0.6,2.9,0.5,2.3,1.0,0.5,0.4,0.9,1.9,2.3,2.0,2.1,1.3,7.8,5.7,1.4,16.6,0.3,0.8,1.6,1.6,0.0,1.4,2.0,2.6,2.3,0.7,0.1,0.2,0.0,0.3,0.1,0.1,0.1,0.2,0.4,0.4,0.3,0.2,0.2,0.5,0.5,0.1,1.9,0.0,0.2,0.3,0.2,0.0,0.2,0.3,0.4,0.4,46.7,2.0,16.8,6.0,18.9,7.7,4.6,3.1,3.3,14.2,18.7,12.8,5.9,4.3,14.1,11.0,5.9,26.2,0.4,1.6,3.9,3.1,0.0,1.3,2.9,5.7,3.8
191,bio1_whs1_land1_list1500_bld500,True,True,1,1500,500,109.6,3.6,28.8,8.8,45.0,11.3,10.0,7.4,6.6,26.8,28.1,25.2,26.8,18.7,50.9,40.3,12.9,118.2,2.6,4.3,11.9,15.9,0.0,15.1,15.5,28.4,16.5,49.9,0.7,8.5,2.1,21.3,2.1,4.6,3.6,1.2,8.4,3.5,6.0,14.1,5.5,16.8,9.3,1.9,17.1,1.2,0.8,2.7,2.6,0.0,5.1,1.2,6.7,3.2,1.4,0.0,0.0,0.0,0.0,0.0,0.0,0.0,0.0,0.0,0.0,1.1,0.7,4.9,0.0,0.0,0.0,0.0,0.0,0.0,0.1,0.1,0.0,0.0,0.0,0.1,0.2,0.0,0.0,0.0,0.0,0.0,0.0,0.0,0.0,0.0,0.0,0.0,0.0,0.0,0.0,0.0,0.0,0.0,0.0,0.0,0.0,0.0,0.0,0.0,0.0,0.0,0.0,0.0,1.9,0.2,0.3,0.1,2.1,0.3,0.1,0.2,1.0,2.0,3.1,3.1,3.7,2.6,11.7,13.8,3.7,56.3,0.6,0.9,3.3,8.3,0.0,7.1,9.2,13.0,6.6,29.4,2.5,8.8,2.4,9.9,3.6,2.1,1.3,3.4,9.3,11.3,8.7,6.8,4.1,19.6,14.8,6.0,39.4,0.7,2.4,4.4,4.1,0.0,2.7,4.5,7.2,5.6,0.4,0.0,0.2,0.0,0.1,0.1,0.1,0.1,0.0,0.2,0.2,0.2,0.1,0.0,0.1,0.1,0.1,0.3,0.0,0.0,0.0,0.1,0.0,0.0,0.0,0.1,0.0,26.6,0.2,11.0,4.1,11.6,5.2,3.1,2.3,1.0,6.9,9.9,6.2,1.3,1.5,2.8,2.2,1.3,5.0,0.0,0.1,1.4,0.7,0.0,0.1,0.6,1.3,0.9
192,bio1_whs1_land1_list1500_bld750,True,True,1,1500,750,109.6,3.6,28.8,8.8,45.0,11.3,10.0,7.4,6.6,26.8,28.1,25.2,26.8,18.7,50.9,40.3,12.9,118.2,2.6,4.3,11.9,15.9,0.0,15.1,15.5,28.4,16.5,49.9,0.7,8.5,2.1,21.3,2.1,4.6,3.6,1.2,8.4,3.5,6.0,14.1,5.5,16.8,9.3,1.9,17.1,1.2,0.8,2.7,2.6,0.0,5.1,1.2,6.7,3.2,1.4,0.0,0.0,0.0,0.0,0.0,0.0,0.0,0.0,0.0,0.0,1.1,0.7,4.9,0.0,0.0,0.0,0.0,0.0,0.0,0.1,0.1,0.0,0.0,0.0,0.1,0.2,0.0,0.0,0.0,0.0,0.0,0.0,0.0,0.0,0.0,0.0,0.0,0.0,0.0,0.0,0.0,0.0,0.0,0.0,0.0,0.0,0.0,0.0,0.0,0.0,0.0,0.0,0.0,1.9,0.2,0.3,0.1,2.1,0.3,0.1,0.2,1.0,2.0,3.1,3.1,3.7,2.6,11.7,13.8,3.7,56.3,0.6,0.9,3.3,8.3,0.0,7.1,9.2,13.0,6.6,40.8,2.7,13.3,4.1,14.2,5.4,3.3,1.9,3.9,12.9,16.3,11.8,7.9,5.0,21.8,16.7,7.2,43.2,0.7,2.6,5.1,4.7,0.0,2.8,5.0,8.5,6.1,0.2,0.0,0.1,0.0,0.1,0.0,0.0,0.0,0.0,0.1,0.1,0.1,0.0,0.0,0.0,0.0,0.0,0.0,0.0,0.0,0.0,0.0,0.0,0.0,0.0,0.0,0.0,15.4,0.0,6.6,2.4,7.3,3.4,1.9,1.7,0.5,3.5,5.1,3.2,0.4,0.7,0.6,0.5,0.1,1.5,0.0,0.0,0.7,0.1,0.0,0.0,0.1,0.2,0.4
193,bio1_whs1_land1_list1500_bld1000,True,True,1,1500,1000,109.6,3.6,28.8,8.8,45.0,11.3,10.0,7.4,6.6,26.8,28.1,25.2,26.8,18.7,50.9,40.3,12.9,118.2,2.6,4.3,11.9,15.9,0.0,15.1,15.5,28.4,16.5,49.9,0.7,8.5,2.1,21.3,2.1,4.6,3.6,1.2,8.4,3.5,6.0,14.1,5.5,16.8,9.3,1.9,17.1,1.2,0.8,2.7,2.6,0.0,5.1,1.2,6.7,3.2,1.4,0.0,0.0,0.0,0.0,0.0,0.0,0.0,0.0,0.0,0.0,1.1,0.7,4.9,0.0,0.0,0.0,0.0,0.0,0.0,0.1,0.1,0.0,0.0,0.0,0.1,0.2,0.0,0.0,0.0,0.0,0.0,0.0,0.0,0.0,0.0,0.0,0.0,0.0,0.0,0.0,0.0,0.0,0.0,0.0,0.0,0.0,0.0,0.0,0.0,0.0,0.0,0.0,0.0,1.9,0.2,0.3,0.1,2.1,0.3,0.1,0.2,1.0,2.0,3.1,3.1,3.7,2.6,11.7,13.8,3.7,56.3,0.6,0.9,3.3,8.3,0.0,7.1,9.2,13.0,6.6,47.0,2.7,16.0,5.1,16.8,6.7,4.0,2.4,4.1,14.4,18.5,13.2,8.0,5.4,22.3,17.1,7.3,44.0,0.8,2.6,5.4,4.8,0.0,2.9,5.1,8.7,6.3,0.1,0.0,0.1,0.0,0.0,0.0,0.0,0.0,0.0,0.0,0.1,0.0,0.0,0.0,0.0,0.0,0.0,0.0,0.0,0.0,0.0,0.0,0.0,0.0,0.0,0.0,0.0,9.3,0.0,3.9,1.4,4.7,2.1,1.2,1.2,0.3,2.0,2.9,1.8,0.2,0.3,0.2,0.2,0.0,0.7,0.0,0.0,0.4,0.0,0.0,0.0,0.0,0.0,0.2
194,bio1_whs1_land1_list1500_bld1250,True,True,1,1500,1250,109.6,3.6,28.8,8.8,45.0,11.3,10.0,7.4,6.6,26.8,28.1,25.2,26.8,18.7,50.9,40.3,12.9,118.2,2.6,4.3,11.9,15.9,0.0,15.1,15.5,28.4,16.5,49.9,0.7,8.5,2.1,21.3,2.1,4.6,3.6,1.2,8.4,3.5,6.0,14.1,5.5,16.8,9.3,1.9,17.1,1.2,0.8,2.7,2.6,0.0,5.1,1.2,6.7,3.2,1.4,0.0,0.0,0.0,0.0,0.0,0.0,0.0,0.0,0.0,0.0,1.1,0.7,4.9,0.0,0.0,0.0,0.0,0.0,0.0,0.1,0.1,0.0,0.0,0.0,0.1,0.2,0.0,0.0,0.0,0.0,0.0,0.0,0.0,0.0,0.0,0.0,0.0,0.0,0.0,0.0,0.0,0.0,0.0,0.0,0.0,0.0,0.0,0.0,0.0,0.0,0.0,0.0,0.0,1.9,0.2,0.3,0.1,2.1,0.3,0.1,0.2,1.0,2.0,3.1,3.1,3.7,2.6,11.7,13.8,3.7,56.3,0.6,0.9,3.3,8.3,0.0,7.1,9.2,13.0,6.6,50.6,2.7,17.7,5.7,18.5,7.5,4.5,2.8,4.2,15.2,19.7,14.0,8.1,5.6,22.4,17.2,7.3,44.3,0.8,2.6,5.5,4.9,0.0,2.9,5.1,8.7,6.4,0.1,0.0,0.1,0.0,0.0,0.0,0.0,0.0,0.0,0.0,0.0,0.0,0.0,0.0,0.0,0.0,0.0,0.0,0.0,0.0,0.0,0.0,0.0,0.0,0.0,0.0,0.0,5.7,0.0,2.3,0.8,3.0,1.3,0.7,0.8,0.2,1.2,1.7,1.0,0.1,0.1,0.1,0.1,0.0,0.4,0.0,0.0,0.2,0.0,0.0,0.0,0.0,0.0,0.1
195,bio1_whs1_land2_list500_bld250,True,True,2,500,250,109.6,3.6,28.8,8.8,45.0,11.3,10.0,7.4,6.6,26.8,28.1,25.2,26.8,18.7,50.9,40.3,12.9,118.2,2.6,4.3,11.9,15.9,0.0,15.1,15.5,28.4,16.5,49.9,0.7,8.5,2.1,21.3,2.1,4.6,3.6,1.2,8.4,3.5,6.0,14.1,5.5,16.8,9.3,1.9,17.1,1.2,0.8,2.7,2.6,0.0,5.1,1.2,6.7,3.2,1.4,0.0,0.0,0.0,0.0,0.0,0.0,0.0,0.0,0.0,0.0,1.1,0.7,4.9,0.0,0.0,0.0,0.0,0.0,0.0,0.1,0.1,0.0,0.0,0.0,0.1,0.2,3.2,0.0,0.0,0.0,4.0,1.5,0.0,1.8,0.0,0.0,0.2,3.7,0.2,3.1,5.1,3.4,0.0,2.1,0.1,1.0,2.6,0.0,0.0,0.0,2.1,2.6,2.2,0.1,0.0,0.0,0.0,0.2,0.0,0.0,0.0,0.1,0.1,0.2,0.2,0.3,0.2,0.8,1.0,0.3,5.1,0.1,0.1,0.3,0.8,0.0,0.9,0.8,1.2,0.7,9.0,0.6,2.9,0.5,2.6,0.9,0.5,0.2,1.2,2.2,2.8,2.4,3.0,1.5,11.2,9.8,2.5,40.1,0.6,0.8,2.5,4.7,0.0,4.4,5.0,6.8,4.3,0.7,0.1,0.3,0.0,0.3,0.1,0.1,0.0,0.2,0.4,0.5,0.3,0.3,0.2,0.7,0.8,0.2,3.3,0.1,0.2,0.3,0.5,0.0,0.4,0.6,0.8,0.7,45.1,2.2,17.1,6.0,16.6,6.7,4.7,1.8,4.0,15.7,20.9,11.6,8.1,3.4,16.3,15.9,8.1,50.4,0.6,1.4,3.3,7.2,0.0,4.2,5.8,10.3,5.1
196,bio1_whs1_land2_list500_bld500,True,True,2,500,500,109.6,3.6,28.8,8.8,45.0,11.3,10.0,7.4,6.6,26.8,28.1,25.2,26.8,18.7,50.9,40.3,12.9,118.2,2.6,4.3,11.9,15.9,0.0,15.1,15.5,28.4,16.5,49.9,0.7,8.5,2.1,21.3,2.1,4.6,3.6,1.2,8.4,3.5,6.0,14.1,5.5,16.8,9.3,1.9,17.1,1.2,0.8,2.7,2.6,0.0,5.1,1.2,6.7,3.2,1.4,0.0,0.0,0.0,0.0,0.0,0.0,0.0,0.0,0.0,0.0,1.1,0.7,4.9,0.0,0.0,0.0,0.0,0.0,0.0,0.1,0.1,0.0,0.0,0.0,0.1,0.2,3.2,0.0,0.0,0.0,4.0,1.5,0.0,1.8,0.0,0.0,0.2,3.7,0.2,3.1,5.1,3.4,0.0,2.1,0.1,1.0,2.6,0.0,0.0,0.0,2.1,2.6,2.2,0.1,0.0,0.0,0.0,0.2,0.0,0.0,0.0,0.1,0.1,0.2,0.2,0.3,0.2,0.8,1.0,0.3,5.1,0.1,0.1,0.3,0.8,0.0,0.9,0.8,1.2,0.7,29.7,2.7,9.0,2.5,10.6,3.3,2.1,0.8,4.3,10.8,13.5,9.8,9.8,4.5,26.3,24.1,9.2,87.4,1.2,2.3,5.8,11.1,0.0,8.8,10.6,16.1,9.9,0.4,0.0,0.2,0.0,0.1,0.1,0.1,0.0,0.1,0.2,0.2,0.2,0.1,0.0,0.2,0.1,0.1,0.5,0.0,0.0,0.0,0.1,0.0,0.0,0.1,0.1,0.1,24.8,0.2,11.1,4.1,8.8,4.3,3.2,1.2,1.1,7.3,10.4,4.3,1.5,0.6,1.8,2.3,1.5,5.8,0.0,0.1,0.3,1.2,0.0,0.2,0.7,1.6,0.2
197,bio1_whs1_land2_list500_bld750,True,True,2,500,750,109.6,3.6,28.8,8.8,45.0,11.3,10.0,7.4,6.6,26.8,28.1,25.2,26.8,18.7,50.9,40.3,12.9,118.2,2.6,4.3,11.9,15.9,0.0,15.1,15.5,28.4,16.5,49.9,0.7,8.5,2.1,21.3,2.1,4.6,3.6,1.2,8.4,3.5,6.0,14.1,5.5,16.8,9.3,1.9,17.1,1.2,0.8,2.7,2.6,0.0,5.1,1.2,6.7,3.2,1.4,0.0,0.0,0.0,0.0,0.0,0.0,0.0,0.0,0.0,0.0,1.1,0.7,4.9,0.0,0.0,0.0,0.0,0.0,0.0,0.1,0.1,0.0,0.0,0.0,0.1,0.2,3.2,0.0,0.0,0.0,4.0,1.5,0.0,1.8,0.0,0.0,0.2,3.7,0.2,3.1,5.1,3.4,0.0,2.1,0.1,1.0,2.6,0.0,0.0,0.0,2.1,2.6,2.2,0.1,0.0,0.0,0.0,0.2,0.0,0.0,0.0,0.1,0.1,0.2,0.2,0.3,0.2,0.8,1.0,0.3,5.1,0.1,0.1,0.3,0.8,0.0,0.9,0.8,1.2,0.7,40.5,2.9,13.5,4.1,14.2,4.8,3.4,1.2,4.9,14.6,18.9,12.3,11.1,4.9,28.0,26.3,10.6,92.5,1.2,2.4,6.0,12.2,0.0,9.0,11.3,17.6,10.2,0.2,0.0,0.1,0.0,0.1,0.0,0.0,0.0,0.0,0.1,0.1,0.1,0.0,0.0,0.0,0.0,0.0,0.0,0.0,0.0,0.0,0.0,0.0,0.0,0.0,0.0,0.0,14.2,0.0,6.6,2.5,5.3,2.8,2.0,0.8,0.5,3.6,5.2,1.9,0.3,0.1,0.2,0.3,0.1,1.2,0.0,0.0,0.0,0.2,0.0,0.0,0.1,0.2,0.0
198,bio1_whs1_land2_list500_bld1000,True,True,2,500,1000,109.6,3.6,28.8,8.8,45.0,11.3,10.0,7.4,6.6,26.8,28.1,25.2,26.8,18.7,50.9,40.3,12.9,118.2,2.6,4.3,11.9,15.9,0.0,15.1,15.5,28.4,16.5,49.9,0.7,8.5,2.1,21.3,2.1,4.6,3.6,1.2,8.4,3.5,6.0,14.1,5.5,16.8,9.3,1.9,17.1,1.2,0.8,2.7,2.6,0.0,5.1,1.2,6.7,3.2,1.4,0.0,0.0,0.0,0.0,0.0,0.0,0.0,0.0,0.0,0.0,1.1,0.7,4.9,0.0,0.0,0.0,0.0,0.0,0.0,0.1,0.1,0.0,0.0,0.0,0.1,0.2,3.2,0.0,0.0,0.0,4.0,1.5,0.0,1.8,0.0,0.0,0.2,3.7,0.2,3.1,5.1,3.4,0.0,2.1,0.1,1.0,2.6,0.0,0.0,0.0,2.1,2.6,2.2,0.1,0.0,0.0,0.0,0.2,0.0,0.0,0.0,0.1,0.1,0.2,0.2,0.3,0.2,0.8,1.0,0.3,5.1,0.1,0.1,0.3,0.8,0.0,0.9,0.8,1.2,0.7,46.2,2.9,16.2,5.2,16.2,5.9,4.1,1.5,5.1,16.2,21.2,13.1,11.3,5.0,28.2,26.5,10.7,93.2,1.2,2.4,6.1,12.4,0.0,9.0,11.4,17.8,10.2,0.1,0.0,0.1,0.0,0.0,0.0,0.0,0.0,0.0,0.0,0.1,0.0,0.0,0.0,0.0,0.0,0.0,0.0,0.0,0.0,0.0,0.0,0.0,0.0,0.0,0.0,0.0,8.5,0.0,3.9,1.4,3.3,1.8,1.2,0.5,0.3,2.0,2.9,1.1,0.2,0.0,0.1,0.1,0.0,0.5,0.0,0.0,0.0,0.0,0.0,0.0,0.0,0.0,0.0
199,bio1_whs1_land2_list500_bld1250,True,True,2,500,1250,109.6,3.6,28.8,8.8,45.0,11.3,10.0,7.4,6.6,26.8,28.1,25.2,26.8,18.7,50.9,40.3,12.9,118.2,2.6,4.3,11.9,15.9,0.0,15.1,15.5,28.4,16.5,49.9,0.7,8.5,2.1,21.3,2.1,4.6,3.6,1.2,8.4,3.5,6.0,14.1,5.5,16.8,9.3,1.9,17.1,1.2,0.8,2.7,2.6,0.0,5.1,1.2,6.7,3.2,1.4,0.0,0.0,0.0,0.0,0.0,0.0,0.0,0.0,0.0,0.0,1.1,0.7,4.9,0.0,0.0,0.0,0.0,0.0,0.0,0.1,0.1,0.0,0.0,0.0,0.1,0.2,3.2,0.0,0.0,0.0,4.0,1.5,0.0,1.8,0.0,0.0,0.2,3.7,0.2,3.1,5.1,3.4,0.0,2.1,0.1,1.0,2.6,0.0,0.0,0.0,2.1,2.6,2.2,0.1,0.0,0.0,0.0,0.2,0.0,0.0,0.0,0.1,0.1,0.2,0.2,0.3,0.2,0.8,1.0,0.3,5.1,0.1,0.1,0.3,0.8,0.0,0.9,0.8,1.2,0.7,49.6,2.9,17.9,5.8,17.4,6.6,4.6,1.7,5.2,17.1,22.4,13.6,11.3,5.0,28.2,26.5,10.7,93.5,1.2,2.4,6.1,12.4,0.0,9.0,11.4,17.8,10.2,0.1,0.0,0.1,0.0,0.0,0.0,0.0,0.0,0.0,0.0,0.0,0.0,0.0,0.0,0.0,0.0,0.0,0.0,0.0,0.0,0.0,0.0,0.0,0.0,0.0,0.0,0.0,5.2,0.0,2.3,0.8,2.1,1.1,0.7,0.3,0.2,1.2,1.7,0.7,0.1,0.0,0.0,0.0,0.0,0.3,0.0,0.0,0.0,0.0,0.0,0.0,0.0,0.0,0.0
200,bio1_whs1_land2_list1000_bld250,True,True,2,1000,250,109.6,3.6,28.8,8.8,45.0,11.3,10.0,7.4,6.6,26.8,28.1,25.2,26.8,18.7,50.9,40.3,12.9,118.2,2.6,4.3,11.9,15.9,0.0,15.1,15.5,28.4,16.5,49.9,0.7,8.5,2.1,21.3,2.1,4.6,3.6,1.2,8.4,3.5,6.0,14.1,5.5,16.8,9.3,1.9,17.1,1.2,0.8,2.7,2.6,0.0,5.1,1.2,6.7,3.2,1.4,0.0,0.0,0.0,0.0,0.0,0.0,0.0,0.0,0.0,0.0,1.1,0.7,4.9,0.0,0.0,0.0,0.0,0.0,0.0,0.1,0.1,0.0,0.0,0.0,0.1,0.2,3.2,0.0,0.0,0.0,4.0,1.5,0.0,1.8,0.0,0.0,0.2,3.7,0.2,3.1,5.1,3.4,0.0,2.1,0.1,1.0,2.6,0.0,0.0,0.0,2.1,2.6,2.2,0.7,0.1,0.1,0.0,0.8,0.1,0.0,0.1,0.5,0.8,1.3,1.2,1.7,0.9,4.9,6.0,1.8,28.3,0.3,0.3,1.5,4.2,0.0,4.1,4.2,6.4,3.2,8.9,0.6,2.9,0.5,2.4,0.9,0.5,0.2,1.1,2.1,2.6,2.1,2.6,1.3,9.4,7.7,1.9,28.8,0.5,0.8,1.9,3.2,0.0,2.9,3.4,4.5,3.2,0.7,0.1,0.3,0.0,0.3,0.1,0.1,0.0,0.2,0.4,0.4,0.3,0.3,0.2,0.6,0.7,0.1,2.7,0.0,0.1,0.3,0.4,0.0,0.3,0.5,0.6,0.6,44.7,2.1,17.0,6.0,16.1,6.6,4.7,1.7,3.7,15.2,20.0,10.8,7.1,2.9,14.1,13.2,7.2,39.1,0.4,1.3,2.7,5.4,0.0,2.7,4.1,7.6,3.9
201,bio1_whs1_land2_list1000_bld500,True,True,2,1000,500,109.6,3.6,28.8,8.8,45.0,11.3,10.0,7.4,6.6,26.8,28.1,25.2,26.8,18.7,50.9,40.3,12.9,118.2,2.6,4.3,11.9,15.9,0.0,15.1,15.5,28.4,16.5,49.9,0.7,8.5,2.1,21.3,2.1,4.6,3.6,1.2,8.4,3.5,6.0,14.1,5.5,16.8,9.3,1.9,17.1,1.2,0.8,2.7,2.6,0.0,5.1,1.2,6.7,3.2,1.4,0.0,0.0,0.0,0.0,0.0,0.0,0.0,0.0,0.0,0.0,1.1,0.7,4.9,0.0,0.0,0.0,0.0,0.0,0.0,0.1,0.1,0.0,0.0,0.0,0.1,0.2,3.2,0.0,0.0,0.0,4.0,1.5,0.0,1.8,0.0,0.0,0.2,3.7,0.2,3.1,5.1,3.4,0.0,2.1,0.1,1.0,2.6,0.0,0.0,0.0,2.1,2.6,2.2,0.7,0.1,0.1,0.0,0.8,0.1,0.0,0.1,0.5,0.8,1.3,1.2,1.7,0.9,4.9,6.0,1.8,28.3,0.3,0.3,1.5,4.2,0.0,4.1,4.2,6.4,3.2,29.2,2.6,8.9,2.5,10.0,3.2,2.1,0.8,3.9,10.2,12.6,8.9,8.5,3.8,22.3,19.4,7.8,64.8,0.9,2.1,4.6,7.9,0.0,5.7,7.3,11.1,7.5,0.4,0.0,0.2,0.0,0.1,0.1,0.1,0.0,0.1,0.2,0.2,0.1,0.1,0.0,0.1,0.1,0.1,0.4,0.0,0.0,0.0,0.1,0.0,0.0,0.1,0.1,0.1,24.7,0.2,11.1,4.1,8.7,4.3,3.2,1.2,1.0,7.2,10.2,4.2,1.4,0.5,1.7,2.1,1.4,5.3,0.0,0.1,0.3,1.0,0.0,0.2,0.6,1.4,0.2
202,bio1_whs1_land2_list1000_bld750,True,True,2,1000,750,109.6,3.6,28.8,8.8,45.0,11.3,10.0,7.4,6.6,26.8,28.1,25.2,26.8,18.7,50.9,40.3,12.9,118.2,2.6,4.3,11.9,15.9,0.0,15.1,15.5,28.4,16.5,49.9,0.7,8.5,2.1,21.3,2.1,4.6,3.6,1.2,8.4,3.5,6.0,14.1,5.5,16.8,9.3,1.9,17.1,1.2,0.8,2.7,2.6,0.0,5.1,1.2,6.7,3.2,1.4,0.0,0.0,0.0,0.0,0.0,0.0,0.0,0.0,0.0,0.0,1.1,0.7,4.9,0.0,0.0,0.0,0.0,0.0,0.0,0.1,0.1,0.0,0.0,0.0,0.1,0.2,3.2,0.0,0.0,0.0,4.0,1.5,0.0,1.8,0.0,0.0,0.2,3.7,0.2,3.1,5.1,3.4,0.0,2.1,0.1,1.0,2.6,0.0,0.0,0.0,2.1,2.6,2.2,0.7,0.1,0.1,0.0,0.8,0.1,0.0,0.1,0.5,0.8,1.3,1.2,1.7,0.9,4.9,6.0,1.8,28.3,0.3,0.3,1.5,4.2,0.0,4.1,4.2,6.4,3.2,39.9,2.8,13.4,4.1,13.5,4.7,3.3,1.2,4.5,14.0,17.8,11.3,9.6,4.2,23.9,21.3,9.1,69.4,1.0,2.2,4.9,8.8,0.0,5.8,7.9,12.5,7.7,0.2,0.0,0.1,0.0,0.1,0.0,0.0,0.0,0.0,0.1,0.1,0.1,0.0,0.0,0.0,0.0,0.0,0.0,0.0,0.0,0.0,0.0,0.0,0.0,0.0,0.0,0.0,14.2,0.0,6.6,2.5,5.2,2.8,2.0,0.8,0.5,3.6,5.1,1.9,0.3,0.1,0.2,0.3,0.1,1.2,0.0,0.0,0.0,0.2,0.0,0.0,0.1,0.2,0.0
203,bio1_whs1_land2_list1000_bld1000,True,True,2,1000,1000,109.6,3.6,28.8,8.8,45.0,11.3,10.0,7.4,6.6,26.8,28.1,25.2,26.8,18.7,50.9,40.3,12.9,118.2,2.6,4.3,11.9,15.9,0.0,15.1,15.5,28.4,16.5,49.9,0.7,8.5,2.1,21.3,2.1,4.6,3.6,1.2,8.4,3.5,6.0,14.1,5.5,16.8,9.3,1.9,17.1,1.2,0.8,2.7,2.6,0.0,5.1,1.2,6.7,3.2,1.4,0.0,0.0,0.0,0.0,0.0,0.0,0.0,0.0,0.0,0.0,1.1,0.7,4.9,0.0,0.0,0.0,0.0,0.0,0.0,0.1,0.1,0.0,0.0,0.0,0.1,0.2,3.2,0.0,0.0,0.0,4.0,1.5,0.0,1.8,0.0,0.0,0.2,3.7,0.2,3.1,5.1,3.4,0.0,2.1,0.1,1.0,2.6,0.0,0.0,0.0,2.1,2.6,2.2,0.7,0.1,0.1,0.0,0.8,0.1,0.0,0.1,0.5,0.8,1.3,1.2,1.7,0.9,4.9,6.0,1.8,28.3,0.3,0.3,1.5,4.2,0.0,4.1,4.2,6.4,3.2,45.6,2.8,16.1,5.1,15.5,5.8,4.1,1.4,4.7,15.6,20.1,12.1,9.8,4.3,24.1,21.5,9.2,70.1,1.0,2.2,4.9,8.9,0.0,5.8,8.0,12.6,7.7,0.1,0.0,0.1,0.0,0.0,0.0,0.0,0.0,0.0,0.0,0.1,0.0,0.0,0.0,0.0,0.0,0.0,0.0,0.0,0.0,0.0,0.0,0.0,0.0,0.0,0.0,0.0,8.5,0.0,3.9,1.4,3.3,1.8,1.2,0.5,0.3,2.0,2.9,1.1,0.2,0.0,0.1,0.1,0.0,0.5,0.0,0.0,0.0,0.0,0.0,0.0,0.0,0.0,0.0
204,bio1_whs1_land2_list1000_bld1250,True,True,2,1000,1250,109.6,3.6,28.8,8.8,45.0,11.3,10.0,7.4,6.6,26.8,28.1,25.2,26.8,18.7,50.9,40.3,12.9,118.2,2.6,4.3,11.9,15.9,0.0,15.1,15.5,28.4,16.5,49.9,0.7,8.5,2.1,21.3,2.1,4.6,3.6,1.2,8.4,3.5,6.0,14.1,5.5,16.8,9.3,1.9,17.1,1.2,0.8,2.7,2.6,0.0,5.1,1.2,6.7,3.2,1.4,0.0,0.0,0.0,0.0,0.0,0.0,0.0,0.0,0.0,0.0,1.1,0.7,4.9,0.0,0.0,0.0,0.0,0.0,0.0,0.1,0.1,0.0,0.0,0.0,0.1,0.2,3.2,0.0,0.0,0.0,4.0,1.5,0.0,1.8,0.0,0.0,0.2,3.7,0.2,3.1,5.1,3.4,0.0,2.1,0.1,1.0,2.6,0.0,0.0,0.0,2.1,2.6,2.2,0.7,0.1,0.1,0.0,0.8,0.1,0.0,0.1,0.5,0.8,1.3,1.2,1.7,0.9,4.9,6.0,1.8,28.3,0.3,0.3,1.5,4.2,0.0,4.1,4.2,6.4,3.2,49.0,2.8,17.8,5.7,16.7,6.5,4.6,1.6,4.8,16.4,21.3,12.6,9.9,4.3,24.1,21.6,9.2,70.3,1.0,2.2,4.9,9.0,0.0,5.8,8.0,12.7,7.7,0.1,0.0,0.1,0.0,0.0,0.0,0.0,0.0,0.0,0.0,0.0,0.0,0.0,0.0,0.0,0.0,0.0,0.0,0.0,0.0,0.0,0.0,0.0,0.0,0.0,0.0,0.0,5.2,0.0,2.3,0.8,2.1,1.1,0.7,0.3,0.2,1.2,1.7,0.7,0.1,0.0,0.0,0.0,0.0,0.3,0.0,0.0,0.0,0.0,0.0,0.0,0.0,0.0,0.0
205,bio1_whs1_land2_list1500_bld250,True,True,2,1500,250,109.6,3.6,28.8,8.8,45.0,11.3,10.0,7.4,6.6,26.8,28.1,25.2,26.8,18.7,50.9,40.3,12.9,118.2,2.6,4.3,11.9,15.9,0.0,15.1,15.5,28.4,16.5,49.9,0.7,8.5,2.1,21.3,2.1,4.6,3.6,1.2,8.4,3.5,6.0,14.1,5.5,16.8,9.3,1.9,17.1,1.2,0.8,2.7,2.6,0.0,5.1,1.2,6.7,3.2,1.4,0.0,0.0,0.0,0.0,0.0,0.0,0.0,0.0,0.0,0.0,1.1,0.7,4.9,0.0,0.0,0.0,0.0,0.0,0.0,0.1,0.1,0.0,0.0,0.0,0.1,0.2,3.2,0.0,0.0,0.0,4.0,1.5,0.0,1.8,0.0,0.0,0.2,3.7,0.2,3.1,5.1,3.4,0.0,2.1,0.1,1.0,2.6,0.0,0.0,0.0,2.1,2.6,2.2,1.7,0.2,0.3,0.1,2.0,0.3,0.1,0.2,1.0,2.0,3.1,2.8,3.7,1.8,11.0,12.8,3.7,55.7,0.6,0.6,2.8,8.3,0.0,7.1,8.0,11.9,5.8,8.7,0.6,2.9,0.5,2.2,0.8,0.5,0.2,0.9,1.9,2.3,1.8,2.0,1.0,7.0,5.0,1.4,16.4,0.3,0.6,1.4,1.6,0.0,1.4,1.8,2.3,2.1,0.7,0.1,0.2,0.0,0.3,0.1,0.1,0.0,0.2,0.4,0.4,0.3,0.2,0.1,0.5,0.5,0.1,1.8,0.0,0.1,0.2,0.2,0.0,0.2,0.3,0.3,0.4,43.9,2.0,16.8,6.0,15.3,6.5,4.6,1.6,3.3,14.2,18.6,9.6,5.8,2.3,10.7,9.3,5.9,25.0,0.3,1.1,2.0,3.1,0.0,1.3,2.2,4.5,2.5
206,bio1_whs1_land2_list1500_bld500,True,True,2,1500,500,109.6,3.6,28.8,8.8,45.0,11.3,10.0,7.4,6.6,26.8,28.1,25.2,26.8,18.7,50.9,40.3,12.9,118.2,2.6,4.3,11.9,15.9,0.0,15.1,15.5,28.4,16.5,49.9,0.7,8.5,2.1,21.3,2.1,4.6,3.6,1.2,8.4,3.5,6.0,14.1,5.5,16.8,9.3,1.9,17.1,1.2,0.8,2.7,2.6,0.0,5.1,1.2,6.7,3.2,1.4,0.0,0.0,0.0,0.0,0.0,0.0,0.0,0.0,0.0,0.0,1.1,0.7,4.9,0.0,0.0,0.0,0.0,0.0,0.0,0.1,0.1,0.0,0.0,0.0,0.1,0.2,3.2,0.0,0.0,0.0,4.0,1.5,0.0,1.8,0.0,0.0,0.2,3.7,0.2,3.1,5.1,3.4,0.0,2.1,0.1,1.0,2.6,0.0,0.0,0.0,2.1,2.6,2.2,1.7,0.2,0.3,0.1,2.0,0.3,0.1,0.2,1.0,2.0,3.1,2.8,3.7,1.8,11.0,12.8,3.7,55.7,0.6,0.6,2.8,8.3,0.0,7.1,8.0,11.9,5.8,28.3,2.5,8.8,2.4,9.0,3.0,2.0,0.7,3.4,9.3,11.2,7.6,6.7,2.9,16.6,13.1,6.0,38.5,0.6,1.8,3.4,4.1,0.0,2.7,3.8,6.0,4.9,0.4,0.0,0.2,0.0,0.1,0.0,0.1,0.0,0.0,0.2,0.2,0.1,0.1,0.0,0.1,0.1,0.1,0.3,0.0,0.0,0.0,0.1,0.0,0.0,0.0,0.1,0.0,24.6,0.2,11.0,4.1,8.6,4.3,3.1,1.1,1.0,6.9,9.8,4.0,1.3,0.5,1.4,1.6,1.3,4.4,0.0,0.1,0.2,0.7,0.0,0.1,0.4,1.0,0.1
207,bio1_whs1_land2_list1500_bld750,True,True,2,1500,750,109.6,3.6,28.8,8.8,45.0,11.3,10.0,7.4,6.6,26.8,28.1,25.2,26.8,18.7,50.9,40.3,12.9,118.2,2.6,4.3,11.9,15.9,0.0,15.1,15.5,28.4,16.5,49.9,0.7,8.5,2.1,21.3,2.1,4.6,3.6,1.2,8.4,3.5,6.0,14.1,5.5,16.8,9.3,1.9,17.1,1.2,0.8,2.7,2.6,0.0,5.1,1.2,6.7,3.2,1.4,0.0,0.0,0.0,0.0,0.0,0.0,0.0,0.0,0.0,0.0,1.1,0.7,4.9,0.0,0.0,0.0,0.0,0.0,0.0,0.1,0.1,0.0,0.0,0.0,0.1,0.2,3.2,0.0,0.0,0.0,4.0,1.5,0.0,1.8,0.0,0.0,0.2,3.7,0.2,3.1,5.1,3.4,0.0,2.1,0.1,1.0,2.6,0.0,0.0,0.0,2.1,2.6,2.2,1.7,0.2,0.3,0.1,2.0,0.3,0.1,0.2,1.0,2.0,3.1,2.8,3.7,1.8,11.0,12.8,3.7,55.7,0.6,0.6,2.8,8.3,0.0,7.1,8.0,11.9,5.8,39.0,2.7,13.3,4.1,12.4,4.6,3.3,1.1,3.9,12.9,16.1,9.7,7.7,3.3,17.9,14.6,7.2,42.0,0.7,1.9,3.6,4.7,0.0,2.8,4.1,7.0,5.0,0.2,0.0,0.1,0.0,0.1,0.0,0.0,0.0,0.0,0.1,0.1,0.1,0.0,0.0,0.0,0.0,0.0,0.0,0.0,0.0,0.0,0.0,0.0,0.0,0.0,0.0,0.0,14.1,0.0,6.6,2.4,5.2,2.8,1.9,0.8,0.5,3.5,5.0,1.9,0.3,0.1,0.2,0.2,0.1,1.2,0.0,0.0,0.0,0.1,0.0,0.0,0.1,0.2,0.0
208,bio1_whs1_land2_list1500_bld1000,True,True,2,1500,1000,109.6,3.6,28.8,8.8,45.0,11.3,10.0,7.4,6.6,26.8,28.1,25.2,26.8,18.7,50.9,40.3,12.9,118.2,2.6,4.3,11.9,15.9,0.0,15.1,15.5,28.4,16.5,49.9,0.7,8.5,2.1,21.3,2.1,4.6,3.6,1.2,8.4,3.5,6.0,14.1,5.5,16.8,9.3,1.9,17.1,1.2,0.8,2.7,2.6,0.0,5.1,1.2,6.7,3.2,1.4,0.0,0.0,0.0,0.0,0.0,0.0,0.0,0.0,0.0,0.0,1.1,0.7,4.9,0.0,0.0,0.0,0.0,0.0,0.0,0.1,0.1,0.0,0.0,0.0,0.1,0.2,3.2,0.0,0.0,0.0,4.0,1.5,0.0,1.8,0.0,0.0,0.2,3.7,0.2,3.1,5.1,3.4,0.0,2.1,0.1,1.0,2.6,0.0,0.0,0.0,2.1,2.6,2.2,1.7,0.2,0.3,0.1,2.0,0.3,0.1,0.2,1.0,2.0,3.1,2.8,3.7,1.8,11.0,12.8,3.7,55.7,0.6,0.6,2.8,8.3,0.0,7.1,8.0,11.9,5.8,44.6,2.7,16.0,5.1,14.4,5.6,4.0,1.3,4.1,14.4,18.3,10.5,7.9,3.4,18.0,14.8,7.3,42.7,0.7,1.9,3.6,4.8,0.0,2.9,4.2,7.1,5.0,0.1,0.0,0.1,0.0,0.0,0.0,0.0,0.0,0.0,0.0,0.1,0.0,0.0,0.0,0.0,0.0,0.0,0.0,0.0,0.0,0.0,0.0,0.0,0.0,0.0,0.0,0.0,8.5,0.0,3.9,1.4,3.3,1.7,1.2,0.5,0.3,2.0,2.9,1.1,0.2,0.0,0.1,0.0,0.0,0.5,0.0,0.0,0.0,0.0,0.0,0.0,0.0,0.0,0.0
209,bio1_whs1_land2_list1500_bld1250,True,True,2,1500,1250,109.6,3.6,28.8,8.8,45.0,11.3,10.0,7.4,6.6,26.8,28.1,25.2,26.8,18.7,50.9,40.3,12.9,118.2,2.6,4.3,11.9,15.9,0.0,15.1,15.5,28.4,16.5,49.9,0.7,8.5,2.1,21.3,2.1,4.6,3.6,1.2,8.4,3.5,6.0,14.1,5.5,16.8,9.3,1.9,17.1,1.2,0.8,2.7,2.6,0.0,5.1,1.2,6.7,3.2,1.4,0.0,0.0,0.0,0.0,0.0,0.0,0.0,0.0,0.0,0.0,1.1,0.7,4.9,0.0,0.0,0.0,0.0,0.0,0.0,0.1,0.1,0.0,0.0,0.0,0.1,0.2,3.2,0.0,0.0,0.0,4.0,1.5,0.0,1.8,0.0,0.0,0.2,3.7,0.2,3.1,5.1,3.4,0.0,2.1,0.1,1.0,2.6,0.0,0.0,0.0,2.1,2.6,2.2,1.7,0.2,0.3,0.1,2.0,0.3,0.1,0.2,1.0,2.0,3.1,2.8,3.7,1.8,11.0,12.8,3.7,55.7,0.6,0.6,2.8,8.3,0.0,7.1,8.0,11.9,5.8,48.0,2.7,17.7,5.7,15.6,6.3,4.5,1.5,4.2,15.2,19.5,11.0,8.0,3.4,18.1,14.8,7.3,42.9,0.7,1.9,3.6,4.9,0.0,2.9,4.2,7.2,5.0,0.1,0.0,0.1,0.0,0.0,0.0,0.0,0.0,0.0,0.0,0.0,0.0,0.0,0.0,0.0,0.0,0.0,0.0,0.0,0.0,0.0,0.0,0.0,0.0,0.0,0.0,0.0,5.2,0.0,2.3,0.8,2.1,1.1,0.7,0.3,0.2,1.2,1.7,0.7,0.1,0.0,0.0,0.0,0.0,0.3,0.0,0.0,0.0,0.0,0.0,0.0,0.0,0.0,0.0
210,bio1_whs1_land3_list500_bld250,True,True,3,500,250,109.6,3.6,28.8,8.8,45.0,11.3,10.0,7.4,6.6,26.8,28.1,25.2,26.8,18.7,50.9,40.3,12.9,118.2,2.6,4.3,11.9,15.9,0.0,15.1,15.5,28.4,16.5,49.9,0.7,8.5,2.1,21.3,2.1,4.6,3.6,1.2,8.4,3.5,6.0,14.1,5.5,16.8,9.3,1.9,17.1,1.2,0.8,2.7,2.6,0.0,5.1,1.2,6.7,3.2,1.4,0.0,0.0,0.0,0.0,0.0,0.0,0.0,0.0,0.0,0.0,1.1,0.7,4.9,0.0,0.0,0.0,0.0,0.0,0.0,0.1,0.1,0.0,0.0,0.0,0.1,0.2,11.5,0.0,3.6,0.3,5.0,2.2,0.4,1.9,0.0,0.3,0.5,3.8,1.8,4.5,6.6,6.3,0.0,6.8,0.2,1.0,3.0,6.3,0.0,2.2,6.3,9.6,4.5,0.1,0.0,0.0,0.0,0.2,0.0,0.0,0.0,0.1,0.1,0.2,0.2,0.3,0.1,0.8,1.0,0.3,4.8,0.1,0.1,0.3,0.5,0.0,0.7,0.6,0.8,0.5,7.0,0.6,2.4,0.5,2.5,0.8,0.5,0.2,1.2,2.2,2.8,2.3,2.7,1.2,10.8,9.2,2.4,38.9,0.6,0.8,2.3,3.2,0.0,3.5,3.6,5.0,3.5,0.7,0.1,0.2,0.0,0.3,0.1,0.1,0.0,0.2,0.4,0.4,0.3,0.3,0.1,0.7,0.8,0.2,3.1,0.1,0.2,0.3,0.3,0.0,0.3,0.4,0.5,0.6,38.9,2.2,14.1,5.7,15.7,6.0,4.4,1.6,4.0,15.4,20.5,11.6,6.8,2.4,15.3,13.8,8.1,47.4,0.5,1.4,3.1,3.0,0.0,3.2,3.6,5.7,3.9
211,bio1_whs1_land3_list500_bld500,True,True,3,500,500,109.6,3.6,28.8,8.8,45.0,11.3,10.0,7.4,6.6,26.8,28.1,25.2,26.8,18.7,50.9,40.3,12.9,118.2,2.6,4.3,11.9,15.9,0.0,15.1,15.5,28.4,16.5,49.9,0.7,8.5,2.1,21.3,2.1,4.6,3.6,1.2,8.4,3.5,6.0,14.1,5.5,16.8,9.3,1.9,17.1,1.2,0.8,2.7,2.6,0.0,5.1,1.2,6.7,3.2,1.4,0.0,0.0,0.0,0.0,0.0,0.0,0.0,0.0,0.0,0.0,1.1,0.7,4.9,0.0,0.0,0.0,0.0,0.0,0.0,0.1,0.1,0.0,0.0,0.0,0.1,0.2,11.5,0.0,3.6,0.3,5.0,2.2,0.4,1.9,0.0,0.3,0.5,3.8,1.8,4.5,6.6,6.3,0.0,6.8,0.2,1.0,3.0,6.3,0.0,2.2,6.3,9.6,4.5,0.1,0.0,0.0,0.0,0.2,0.0,0.0,0.0,0.1,0.1,0.2,0.2,0.3,0.1,0.8,1.0,0.3,4.8,0.1,0.1,0.3,0.5,0.0,0.7,0.6,0.8,0.5,24.6,2.7,7.3,2.4,10.3,3.1,2.0,0.8,4.3,10.6,13.3,9.8,8.9,3.4,25.1,21.9,9.1,83.5,1.1,2.3,5.4,6.2,0.0,6.8,7.1,10.6,7.9,0.3,0.0,0.1,0.0,0.1,0.1,0.1,0.0,0.1,0.2,0.2,0.2,0.1,0.0,0.1,0.1,0.1,0.5,0.0,0.0,0.0,0.0,0.0,0.0,0.0,0.1,0.0,21.7,0.2,9.2,3.9,8.0,3.8,2.9,1.1,1.1,7.1,10.2,4.3,0.9,0.2,1.5,1.8,1.5,5.5,0.0,0.1,0.3,0.2,0.0,0.2,0.3,0.6,0.1
212,bio1_whs1_land3_list500_bld750,True,True,3,500,750,109.6,3.6,28.8,8.8,45.0,11.3,10.0,7.4,6.6,26.8,28.1,25.2,26.8,18.7,50.9,40.3,12.9,118.2,2.6,4.3,11.9,15.9,0.0,15.1,15.5,28.4,16.5,49.9,0.7,8.5,2.1,21.3,2.1,4.6,3.6,1.2,8.4,3.5,6.0,14.1,5.5,16.8,9.3,1.9,17.1,1.2,0.8,2.7,2.6,0.0,5.1,1.2,6.7,3.2,1.4,0.0,0.0,0.0,0.0,0.0,0.0,0.0,0.0,0.0,0.0,1.1,0.7,4.9,0.0,0.0,0.0,0.0,0.0,0.0,0.1,0.1,0.0,0.0,0.0,0.1,0.2,11.5,0.0,3.6,0.3,5.0,2.2,0.4,1.9,0.0,0.3,0.5,3.8,1.8,4.5,6.6,6.3,0.0,6.8,0.2,1.0,3.0,6.3,0.0,2.2,6.3,9.6,4.5,0.1,0.0,0.0,0.0,0.2,0.0,0.0,0.0,0.1,0.1,0.2,0.2,0.3,0.1,0.8,1.0,0.3,4.8,0.1,0.1,0.3,0.5,0.0,0.7,0.6,0.8,0.5,33.7,2.9,11.0,3.9,13.7,4.5,3.2,1.1,4.9,14.4,18.6,12.3,9.8,3.7,26.7,23.6,10.5,88.2,1.2,2.4,5.7,6.4,0.0,7.0,7.5,11.2,8.0,0.1,0.0,0.1,0.0,0.1,0.0,0.0,0.0,0.0,0.1,0.1,0.1,0.0,0.0,0.0,0.0,0.0,0.0,0.0,0.0,0.0,0.0,0.0,0.0,0.0,0.0,0.0,12.8,0.0,5.6,2.3,4.7,2.5,1.8,0.7,0.5,3.5,5.1,1.9,0.0,0.0,0.1,0.2,0.1,1.2,0.0,0.0,0.0,0.0,0.0,0.0,0.0,0.1,0.0
213,bio1_whs1_land3_list500_bld1000,True,True,3,500,1000,109.6,3.6,28.8,8.8,45.0,11.3,10.0,7.4,6.6,26.8,28.1,25.2,26.8,18.7,50.9,40.3,12.9,118.2,2.6,4.3,11.9,15.9,0.0,15.1,15.5,28.4,16.5,49.9,0.7,8.5,2.1,21.3,2.1,4.6,3.6,1.2,8.4,3.5,6.0,14.1,5.5,16.8,9.3,1.9,17.1,1.2,0.8,2.7,2.6,0.0,5.1,1.2,6.7,3.2,1.4,0.0,0.0,0.0,0.0,0.0,0.0,0.0,0.0,0.0,0.0,1.1,0.7,4.9,0.0,0.0,0.0,0.0,0.0,0.0,0.1,0.1,0.0,0.0,0.0,0.1,0.2,11.5,0.0,3.6,0.3,5.0,2.2,0.4,1.9,0.0,0.3,0.5,3.8,1.8,4.5,6.6,6.3,0.0,6.8,0.2,1.0,3.0,6.3,0.0,2.2,6.3,9.6,4.5,0.1,0.0,0.0,0.0,0.2,0.0,0.0,0.0,0.1,0.1,0.2,0.2,0.3,0.1,0.8,1.0,0.3,4.8,0.1,0.1,0.3,0.5,0.0,0.7,0.6,0.8,0.5,38.7,2.9,13.2,4.9,15.5,5.4,3.9,1.4,5.1,15.9,20.8,13.1,9.8,3.7,26.8,23.8,10.7,88.9,1.2,2.4,5.7,6.4,0.0,7.0,7.5,11.2,8.0,0.1,0.0,0.1,0.0,0.0,0.0,0.0,0.0,0.0,0.0,0.1,0.0,0.0,0.0,0.0,0.0,0.0,0.0,0.0,0.0,0.0,0.0,0.0,0.0,0.0,0.0,0.0,7.8,0.0,3.4,1.4,3.0,1.5,1.1,0.5,0.3,2.0,2.9,1.1,0.0,0.0,0.0,0.0,0.0,0.5,0.0,0.0,0.0,0.0,0.0,0.0,0.0,0.0,0.0
214,bio1_whs1_land3_list500_bld1250,True,True,3,500,1250,109.6,3.6,28.8,8.8,45.0,11.3,10.0,7.4,6.6,26.8,28.1,25.2,26.8,18.7,50.9,40.3,12.9,118.2,2.6,4.3,11.9,15.9,0.0,15.1,15.5,28.4,16.5,49.9,0.7,8.5,2.1,21.3,2.1,4.6,3.6,1.2,8.4,3.5,6.0,14.1,5.5,16.8,9.3,1.9,17.1,1.2,0.8,2.7,2.6,0.0,5.1,1.2,6.7,3.2,1.4,0.0,0.0,0.0,0.0,0.0,0.0,0.0,0.0,0.0,0.0,1.1,0.7,4.9,0.0,0.0,0.0,0.0,0.0,0.0,0.1,0.1,0.0,0.0,0.0,0.1,0.2,11.5,0.0,3.6,0.3,5.0,2.2,0.4,1.9,0.0,0.3,0.5,3.8,1.8,4.5,6.6,6.3,0.0,6.8,0.2,1.0,3.0,6.3,0.0,2.2,6.3,9.6,4.5,0.1,0.0,0.0,0.0,0.2,0.0,0.0,0.0,0.1,0.1,0.2,0.2,0.3,0.1,0.8,1.0,0.3,4.8,0.1,0.1,0.3,0.5,0.0,0.7,0.6,0.8,0.5,41.8,2.9,14.6,5.5,16.6,5.9,4.3,1.6,5.2,16.8,22.1,13.6,9.8,3.7,26.8,23.8,10.7,89.1,1.2,2.4,5.7,6.4,0.0,7.0,7.5,11.2,8.0,0.0,0.0,0.0,0.0,0.0,0.0,0.0,0.0,0.0,0.0,0.0,0.0,0.0,0.0,0.0,0.0,0.0,0.0,0.0,0.0,0.0,0.0,0.0,0.0,0.0,0.0,0.0,4.8,0.0,2.0,0.8,1.9,1.0,0.6,0.3,0.2,1.2,1.7,0.6,0.0,0.0,0.0,0.0,0.0,0.3,0.0,0.0,0.0,0.0,0.0,0.0,0.0,0.0,0.0
215,bio1_whs1_land3_list1000_bld250,True,True,3,1000,250,109.6,3.6,28.8,8.8,45.0,11.3,10.0,7.4,6.6,26.8,28.1,25.2,26.8,18.7,50.9,40.3,12.9,118.2,2.6,4.3,11.9,15.9,0.0,15.1,15.5,28.4,16.5,49.9,0.7,8.5,2.1,21.3,2.1,4.6,3.6,1.2,8.4,3.5,6.0,14.1,5.5,16.8,9.3,1.9,17.1,1.2,0.8,2.7,2.6,0.0,5.1,1.2,6.7,3.2,1.4,0.0,0.0,0.0,0.0,0.0,0.0,0.0,0.0,0.0,0.0,1.1,0.7,4.9,0.0,0.0,0.0,0.0,0.0,0.0,0.1,0.1,0.0,0.0,0.0,0.1,0.2,11.5,0.0,3.6,0.3,5.0,2.2,0.4,1.9,0.0,0.3,0.5,3.8,1.8,4.5,6.6,6.3,0.0,6.8,0.2,1.0,3.0,6.3,0.0,2.2,6.3,9.6,4.5,0.7,0.1,0.1,0.0,0.8,0.1,0.0,0.1,0.5,0.8,1.3,1.2,1.7,0.7,4.6,5.4,1.8,26.8,0.3,0.3,1.4,2.4,0.0,3.1,3.0,4.2,2.5,6.9,0.6,2.4,0.5,2.4,0.8,0.5,0.2,1.1,2.0,2.6,2.1,2.3,1.0,9.1,7.2,1.9,28.0,0.5,0.8,1.8,2.2,0.0,2.3,2.4,3.3,2.6,0.6,0.1,0.2,0.0,0.3,0.1,0.1,0.0,0.2,0.4,0.4,0.3,0.3,0.1,0.6,0.6,0.1,2.5,0.0,0.1,0.3,0.2,0.0,0.2,0.3,0.4,0.5,38.5,2.1,14.0,5.7,15.2,5.9,4.3,1.6,3.7,14.9,19.7,10.8,5.9,2.0,13.3,11.5,7.1,36.9,0.4,1.3,2.5,2.1,0.0,2.1,2.5,4.2,2.9
216,bio1_whs1_land3_list1000_bld500,True,True,3,1000,500,109.6,3.6,28.8,8.8,45.0,11.3,10.0,7.4,6.6,26.8,28.1,25.2,26.8,18.7,50.9,40.3,12.9,118.2,2.6,4.3,11.9,15.9,0.0,15.1,15.5,28.4,16.5,49.9,0.7,8.5,2.1,21.3,2.1,4.6,3.6,1.2,8.4,3.5,6.0,14.1,5.5,16.8,9.3,1.9,17.1,1.2,0.8,2.7,2.6,0.0,5.1,1.2,6.7,3.2,1.4,0.0,0.0,0.0,0.0,0.0,0.0,0.0,0.0,0.0,0.0,1.1,0.7,4.9,0.0,0.0,0.0,0.0,0.0,0.0,0.1,0.1,0.0,0.0,0.0,0.1,0.2,11.5,0.0,3.6,0.3,5.0,2.2,0.4,1.9,0.0,0.3,0.5,3.8,1.8,4.5,6.6,6.3,0.0,6.8,0.2,1.0,3.0,6.3,0.0,2.2,6.3,9.6,4.5,0.7,0.1,0.1,0.0,0.8,0.1,0.0,0.1,0.5,0.8,1.3,1.2,1.7,0.7,4.6,5.4,1.8,26.8,0.3,0.3,1.4,2.4,0.0,3.1,3.0,4.2,2.5,24.1,2.6,7.3,2.3,9.7,3.0,2.0,0.7,3.9,10.1,12.4,8.9,7.6,2.9,21.4,17.6,7.7,62.0,0.9,2.1,4.4,4.3,0.0,4.4,4.8,7.2,5.9,0.3,0.0,0.1,0.0,0.1,0.1,0.1,0.0,0.1,0.2,0.2,0.1,0.1,0.0,0.1,0.1,0.1,0.4,0.0,0.0,0.0,0.0,0.0,0.0,0.0,0.0,0.0,21.7,0.2,9.2,3.9,8.0,3.8,2.9,1.1,1.0,7.0,10.1,4.2,0.8,0.2,1.4,1.6,1.4,5.0,0.0,0.1,0.3,0.2,0.0,0.1,0.3,0.5,0.1
217,bio1_whs1_land3_list1000_bld750,True,True,3,1000,750,109.6,3.6,28.8,8.8,45.0,11.3,10.0,7.4,6.6,26.8,28.1,25.2,26.8,18.7,50.9,40.3,12.9,118.2,2.6,4.3,11.9,15.9,0.0,15.1,15.5,28.4,16.5,49.9,0.7,8.5,2.1,21.3,2.1,4.6,3.6,1.2,8.4,3.5,6.0,14.1,5.5,16.8,9.3,1.9,17.1,1.2,0.8,2.7,2.6,0.0,5.1,1.2,6.7,3.2,1.4,0.0,0.0,0.0,0.0,0.0,0.0,0.0,0.0,0.0,0.0,1.1,0.7,4.9,0.0,0.0,0.0,0.0,0.0,0.0,0.1,0.1,0.0,0.0,0.0,0.1,0.2,11.5,0.0,3.6,0.3,5.0,2.2,0.4,1.9,0.0,0.3,0.5,3.8,1.8,4.5,6.6,6.3,0.0,6.8,0.2,1.0,3.0,6.3,0.0,2.2,6.3,9.6,4.5,0.7,0.1,0.1,0.0,0.8,0.1,0.0,0.1,0.5,0.8,1.3,1.2,1.7,0.7,4.6,5.4,1.8,26.8,0.3,0.3,1.4,2.4,0.0,3.1,3.0,4.2,2.5,33.2,2.8,10.9,3.9,13.0,4.4,3.1,1.1,4.5,13.7,17.6,11.3,8.4,3.1,22.9,19.1,9.1,66.2,0.9,2.2,4.6,4.5,0.0,4.6,5.1,7.8,6.0,0.1,0.0,0.1,0.0,0.0,0.0,0.0,0.0,0.0,0.1,0.1,0.1,0.0,0.0,0.0,0.0,0.0,0.0,0.0,0.0,0.0,0.0,0.0,0.0,0.0,0.0,0.0,12.8,0.0,5.6,2.3,4.7,2.5,1.8,0.7,0.5,3.5,5.1,1.9,0.0,0.0,0.1,0.2,0.1,1.2,0.0,0.0,0.0,0.0,0.0,0.0,0.0,0.1,0.0
218,bio1_whs1_land3_list1000_bld1000,True,True,3,1000,1000,109.6,3.6,28.8,8.8,45.0,11.3,10.0,7.4,6.6,26.8,28.1,25.2,26.8,18.7,50.9,40.3,12.9,118.2,2.6,4.3,11.9,15.9,0.0,15.1,15.5,28.4,16.5,49.9,0.7,8.5,2.1,21.3,2.1,4.6,3.6,1.2,8.4,3.5,6.0,14.1,5.5,16.8,9.3,1.9,17.1,1.2,0.8,2.7,2.6,0.0,5.1,1.2,6.7,3.2,1.4,0.0,0.0,0.0,0.0,0.0,0.0,0.0,0.0,0.0,0.0,1.1,0.7,4.9,0.0,0.0,0.0,0.0,0.0,0.0,0.1,0.1,0.0,0.0,0.0,0.1,0.2,11.5,0.0,3.6,0.3,5.0,2.2,0.4,1.9,0.0,0.3,0.5,3.8,1.8,4.5,6.6,6.3,0.0,6.8,0.2,1.0,3.0,6.3,0.0,2.2,6.3,9.6,4.5,0.7,0.1,0.1,0.0,0.8,0.1,0.0,0.1,0.5,0.8,1.3,1.2,1.7,0.7,4.6,5.4,1.8,26.8,0.3,0.3,1.4,2.4,0.0,3.1,3.0,4.2,2.5,38.1,2.8,13.2,4.9,14.8,5.3,3.8,1.3,4.7,15.3,19.8,12.1,8.5,3.1,22.9,19.3,9.2,66.9,0.9,2.2,4.6,4.5,0.0,4.6,5.1,7.8,6.0,0.1,0.0,0.1,0.0,0.0,0.0,0.0,0.0,0.0,0.0,0.1,0.0,0.0,0.0,0.0,0.0,0.0,0.0,0.0,0.0,0.0,0.0,0.0,0.0,0.0,0.0,0.0,7.8,0.0,3.4,1.4,3.0,1.5,1.1,0.5,0.3,2.0,2.9,1.1,0.0,0.0,0.0,0.0,0.0,0.5,0.0,0.0,0.0,0.0,0.0,0.0,0.0,0.0,0.0
219,bio1_whs1_land3_list1000_bld1250,True,True,3,1000,1250,109.6,3.6,28.8,8.8,45.0,11.3,10.0,7.4,6.6,26.8,28.1,25.2,26.8,18.7,50.9,40.3,12.9,118.2,2.6,4.3,11.9,15.9,0.0,15.1,15.5,28.4,16.5,49.9,0.7,8.5,2.1,21.3,2.1,4.6,3.6,1.2,8.4,3.5,6.0,14.1,5.5,16.8,9.3,1.9,17.1,1.2,0.8,2.7,2.6,0.0,5.1,1.2,6.7,3.2,1.4,0.0,0.0,0.0,0.0,0.0,0.0,0.0,0.0,0.0,0.0,1.1,0.7,4.9,0.0,0.0,0.0,0.0,0.0,0.0,0.1,0.1,0.0,0.0,0.0,0.1,0.2,11.5,0.0,3.6,0.3,5.0,2.2,0.4,1.9,0.0,0.3,0.5,3.8,1.8,4.5,6.6,6.3,0.0,6.8,0.2,1.0,3.0,6.3,0.0,2.2,6.3,9.6,4.5,0.7,0.1,0.1,0.0,0.8,0.1,0.0,0.1,0.5,0.8,1.3,1.2,1.7,0.7,4.6,5.4,1.8,26.8,0.3,0.3,1.4,2.4,0.0,3.1,3.0,4.2,2.5,41.2,2.8,14.5,5.4,15.9,5.9,4.3,1.5,4.8,16.1,21.0,12.6,8.5,3.1,22.9,19.3,9.2,67.1,0.9,2.2,4.7,4.5,0.0,4.6,5.1,7.8,6.0,0.0,0.0,0.0,0.0,0.0,0.0,0.0,0.0,0.0,0.0,0.0,0.0,0.0,0.0,0.0,0.0,0.0,0.0,0.0,0.0,0.0,0.0,0.0,0.0,0.0,0.0,0.0,4.8,0.0,2.0,0.8,1.9,1.0,0.6,0.3,0.2,1.2,1.7,0.6,0.0,0.0,0.0,0.0,0.0,0.3,0.0,0.0,0.0,0.0,0.0,0.0,0.0,0.0,0.0
220,bio1_whs1_land3_list1500_bld250,True,True,3,1500,250,109.6,3.6,28.8,8.8,45.0,11.3,10.0,7.4,6.6,26.8,28.1,25.2,26.8,18.7,50.9,40.3,12.9,118.2,2.6,4.3,11.9,15.9,0.0,15.1,15.5,28.4,16.5,49.9,0.7,8.5,2.1,21.3,2.1,4.6,3.6,1.2,8.4,3.5,6.0,14.1,5.5,16.8,9.3,1.9,17.1,1.2,0.8,2.7,2.6,0.0,5.1,1.2,6.7,3.2,1.4,0.0,0.0,0.0,0.0,0.0,0.0,0.0,0.0,0.0,0.0,1.1,0.7,4.9,0.0,0.0,0.0,0.0,0.0,0.0,0.1,0.1,0.0,0.0,0.0,0.1,0.2,11.5,0.0,3.6,0.3,5.0,2.2,0.4,1.9,0.0,0.3,0.5,3.8,1.8,4.5,6.6,6.3,0.0,6.8,0.2,1.0,3.0,6.3,0.0,2.2,6.3,9.6,4.5,1.7,0.2,0.3,0.1,2.0,0.3,0.1,0.2,1.0,1.9,3.0,2.8,3.5,1.4,10.4,11.5,3.7,52.9,0.6,0.6,2.6,4.7,0.0,5.4,5.6,7.6,4.7,6.7,0.6,2.4,0.5,2.1,0.8,0.5,0.2,0.9,1.8,2.3,1.7,1.8,0.8,6.7,4.7,1.3,15.9,0.3,0.6,1.3,1.1,0.0,1.1,1.2,1.7,1.7,0.6,0.1,0.2,0.0,0.3,0.1,0.1,0.0,0.2,0.3,0.4,0.3,0.2,0.1,0.5,0.4,0.1,1.7,0.0,0.1,0.2,0.1,0.0,0.1,0.2,0.2,0.3,37.8,2.0,13.9,5.6,14.3,5.8,4.3,1.5,3.3,14.0,18.3,9.6,4.7,1.5,10.0,8.1,5.8,23.7,0.3,1.1,1.9,1.0,0.0,1.0,1.2,2.5,1.8
221,bio1_whs1_land3_list1500_bld500,True,True,3,1500,500,109.6,3.6,28.8,8.8,45.0,11.3,10.0,7.4,6.6,26.8,28.1,25.2,26.8,18.7,50.9,40.3,12.9,118.2,2.6,4.3,11.9,15.9,0.0,15.1,15.5,28.4,16.5,49.9,0.7,8.5,2.1,21.3,2.1,4.6,3.6,1.2,8.4,3.5,6.0,14.1,5.5,16.8,9.3,1.9,17.1,1.2,0.8,2.7,2.6,0.0,5.1,1.2,6.7,3.2,1.4,0.0,0.0,0.0,0.0,0.0,0.0,0.0,0.0,0.0,0.0,1.1,0.7,4.9,0.0,0.0,0.0,0.0,0.0,0.0,0.1,0.1,0.0,0.0,0.0,0.1,0.2,11.5,0.0,3.6,0.3,5.0,2.2,0.4,1.9,0.0,0.3,0.5,3.8,1.8,4.5,6.6,6.3,0.0,6.8,0.2,1.0,3.0,6.3,0.0,2.2,6.3,9.6,4.5,1.7,0.2,0.3,0.1,2.0,0.3,0.1,0.2,1.0,1.9,3.0,2.8,3.5,1.4,10.4,11.5,3.7,52.9,0.6,0.6,2.6,4.7,0.0,5.4,5.6,7.6,4.7,23.2,2.5,7.2,2.3,8.7,2.8,1.9,0.7,3.4,9.1,11.1,7.5,5.9,2.2,16.0,11.9,6.0,36.9,0.6,1.8,3.2,2.1,0.0,2.2,2.3,4.0,3.8,0.3,0.0,0.1,0.0,0.1,0.0,0.1,0.0,0.0,0.2,0.2,0.1,0.1,0.0,0.1,0.1,0.1,0.3,0.0,0.0,0.0,0.0,0.0,0.0,0.0,0.0,0.0,21.6,0.2,9.1,3.8,7.8,3.8,2.9,1.0,1.0,6.8,9.7,3.9,0.7,0.2,1.1,1.3,1.3,4.1,0.0,0.1,0.2,0.1,0.0,0.1,0.2,0.4,0.0
222,bio1_whs1_land3_list1500_bld750,True,True,3,1500,750,109.6,3.6,28.8,8.8,45.0,11.3,10.0,7.4,6.6,26.8,28.1,25.2,26.8,18.7,50.9,40.3,12.9,118.2,2.6,4.3,11.9,15.9,0.0,15.1,15.5,28.4,16.5,49.9,0.7,8.5,2.1,21.3,2.1,4.6,3.6,1.2,8.4,3.5,6.0,14.1,5.5,16.8,9.3,1.9,17.1,1.2,0.8,2.7,2.6,0.0,5.1,1.2,6.7,3.2,1.4,0.0,0.0,0.0,0.0,0.0,0.0,0.0,0.0,0.0,0.0,1.1,0.7,4.9,0.0,0.0,0.0,0.0,0.0,0.0,0.1,0.1,0.0,0.0,0.0,0.1,0.2,11.5,0.0,3.6,0.3,5.0,2.2,0.4,1.9,0.0,0.3,0.5,3.8,1.8,4.5,6.6,6.3,0.0,6.8,0.2,1.0,3.0,6.3,0.0,2.2,6.3,9.6,4.5,1.7,0.2,0.3,0.1,2.0,0.3,0.1,0.2,1.0,1.9,3.0,2.8,3.5,1.4,10.4,11.5,3.7,52.9,0.6,0.6,2.6,4.7,0.0,5.4,5.6,7.6,4.7,32.2,2.7,10.8,3.8,11.9,4.2,3.1,1.0,3.9,12.6,15.9,9.7,6.6,2.4,17.1,13.0,7.1,40.1,0.6,1.9,3.4,2.2,0.0,2.3,2.5,4.4,3.8,0.1,0.0,0.1,0.0,0.1,0.0,0.0,0.0,0.0,0.1,0.1,0.1,0.0,0.0,0.0,0.0,0.0,0.0,0.0,0.0,0.0,0.0,0.0,0.0,0.0,0.0,0.0,12.7,0.0,5.5,2.3,4.7,2.4,1.8,0.7,0.5,3.4,5.0,1.9,0.0,0.0,0.0,0.2,0.1,1.2,0.0,0.0,0.0,0.0,0.0,0.0,0.0,0.0,0.0
223,bio1_whs1_land3_list1500_bld1000,True,True,3,1500,1000,109.6,3.6,28.8,8.8,45.0,11.3,10.0,7.4,6.6,26.8,28.1,25.2,26.8,18.7,50.9,40.3,12.9,118.2,2.6,4.3,11.9,15.9,0.0,15.1,15.5,28.4,16.5,49.9,0.7,8.5,2.1,21.3,2.1,4.6,3.6,1.2,8.4,3.5,6.0,14.1,5.5,16.8,9.3,1.9,17.1,1.2,0.8,2.7,2.6,0.0,5.1,1.2,6.7,3.2,1.4,0.0,0.0,0.0,0.0,0.0,0.0,0.0,0.0,0.0,0.0,1.1,0.7,4.9,0.0,0.0,0.0,0.0,0.0,0.0,0.1,0.1,0.0,0.0,0.0,0.1,0.2,11.5,0.0,3.6,0.3,5.0,2.2,0.4,1.9,0.0,0.3,0.5,3.8,1.8,4.5,6.6,6.3,0.0,6.8,0.2,1.0,3.0,6.3,0.0,2.2,6.3,9.6,4.5,1.7,0.2,0.3,0.1,2.0,0.3,0.1,0.2,1.0,1.9,3.0,2.8,3.5,1.4,10.4,11.5,3.7,52.9,0.6,0.6,2.6,4.7,0.0,5.4,5.6,7.6,4.7,37.2,2.7,13.0,4.8,13.7,5.1,3.8,1.2,4.1,14.1,18.1,10.5,6.6,2.4,17.2,13.2,7.3,40.8,0.6,1.9,3.4,2.2,0.0,2.3,2.5,4.4,3.8,0.1,0.0,0.1,0.0,0.0,0.0,0.0,0.0,0.0,0.0,0.0,0.0,0.0,0.0,0.0,0.0,0.0,0.0,0.0,0.0,0.0,0.0,0.0,0.0,0.0,0.0,0.0,7.8,0.0,3.4,1.4,3.0,1.5,1.1,0.5,0.3,2.0,2.9,1.1,0.0,0.0,0.0,0.0,0.0,0.5,0.0,0.0,0.0,0.0,0.0,0.0,0.0,0.0,0.0
224,bio1_whs1_land3_list1500_bld1250,True,True,3,1500,1250,109.6,3.6,28.8,8.8,45.0,11.3,10.0,7.4,6.6,26.8,28.1,25.2,26.8,18.7,50.9,40.3,12.9,118.2,2.6,4.3,11.9,15.9,0.0,15.1,15.5,28.4,16.5,49.9,0.7,8.5,2.1,21.3,2.1,4.6,3.6,1.2,8.4,3.5,6.0,14.1,5.5,16.8,9.3,1.9,17.1,1.2,0.8,2.7,2.6,0.0,5.1,1.2,6.7,3.2,1.4,0.0,0.0,0.0,0.0,0.0,0.0,0.0,0.0,0.0,0.0,1.1,0.7,4.9,0.0,0.0,0.0,0.0,0.0,0.0,0.1,0.1,0.0,0.0,0.0,0.1,0.2,11.5,0.0,3.6,0.3,5.0,2.2,0.4,1.9,0.0,0.3,0.5,3.8,1.8,4.5,6.6,6.3,0.0,6.8,0.2,1.0,3.0,6.3,0.0,2.2,6.3,9.6,4.5,1.7,0.2,0.3,0.1,2.0,0.3,0.1,0.2,1.0,1.9,3.0,2.8,3.5,1.4,10.4,11.5,3.7,52.9,0.6,0.6,2.6,4.7,0.0,5.4,5.6,7.6,4.7,40.2,2.7,14.4,5.4,14.8,5.7,4.2,1.4,4.2,14.9,19.3,10.9,6.6,2.4,17.2,13.2,7.3,41.0,0.6,1.9,3.5,2.2,0.0,2.3,2.5,4.4,3.8,0.0,0.0,0.0,0.0,0.0,0.0,0.0,0.0,0.0,0.0,0.0,0.0,0.0,0.0,0.0,0.0,0.0,0.0,0.0,0.0,0.0,0.0,0.0,0.0,0.0,0.0,0.0,4.8,0.0,2.0,0.8,1.9,1.0,0.6,0.3,0.2,1.2,1.7,0.6,0.0,0.0,0.0,0.0,0.0,0.3,0.0,0.0,0.0,0.0,0.0,0.0,0.0,0.0,0.0
225,bio1_whs1_land4_list500_bld250,True,True,4,500,250,109.6,3.6,28.8,8.8,45.0,11.3,10.0,7.4,6.6,26.8,28.1,25.2,26.8,18.7,50.9,40.3,12.9,118.2,2.6,4.3,11.9,15.9,0.0,15.1,15.5,28.4,16.5,49.9,0.7,8.5,2.1,21.3,2.1,4.6,3.6,1.2,8.4,3.5,6.0,14.1,5.5,16.8,9.3,1.9,17.1,1.2,0.8,2.7,2.6,0.0,5.1,1.2,6.7,3.2,1.4,0.0,0.0,0.0,0.0,0.0,0.0,0.0,0.0,0.0,0.0,1.1,0.7,4.9,0.0,0.0,0.0,0.0,0.0,0.0,0.1,0.1,0.0,0.0,0.0,0.1,0.2,11.5,0.0,3.6,0.3,5.0,2.2,0.4,1.9,0.0,0.3,0.5,3.8,4.1,4.5,11.8,10.1,0.0,14.2,0.2,1.0,3.0,7.2,0.0,4.8,8.5,9.7,4.5,0.1,0.0,0.0,0.0,0.2,0.0,0.0,0.0,0.1,0.1,0.2,0.2,0.2,0.1,0.5,0.7,0.3,4.4,0.1,0.1,0.3,0.4,0.0,0.5,0.4,0.8,0.5,7.0,0.6,2.4,0.5,2.5,0.8,0.5,0.2,1.2,2.2,2.8,2.3,2.1,1.2,8.1,7.2,2.4,35.1,0.6,0.8,2.3,2.8,0.0,2.3,2.5,5.0,3.5,0.7,0.1,0.2,0.0,0.3,0.1,0.1,0.0,0.2,0.4,0.4,0.3,0.2,0.1,0.5,0.6,0.2,2.8,0.1,0.2,0.3,0.2,0.0,0.2,0.3,0.5,0.6,38.9,2.2,14.1,5.7,15.7,6.0,4.4,1.6,4.0,15.4,20.5,11.6,5.3,2.4,13.3,12.4,8.1,44.5,0.5,1.4,3.1,2.6,0.0,2.2,2.7,5.6,3.9
226,bio1_whs1_land4_list500_bld500,True,True,4,500,500,109.6,3.6,28.8,8.8,45.0,11.3,10.0,7.4,6.6,26.8,28.1,25.2,26.8,18.7,50.9,40.3,12.9,118.2,2.6,4.3,11.9,15.9,0.0,15.1,15.5,28.4,16.5,49.9,0.7,8.5,2.1,21.3,2.1,4.6,3.6,1.2,8.4,3.5,6.0,14.1,5.5,16.8,9.3,1.9,17.1,1.2,0.8,2.7,2.6,0.0,5.1,1.2,6.7,3.2,1.4,0.0,0.0,0.0,0.0,0.0,0.0,0.0,0.0,0.0,0.0,1.1,0.7,4.9,0.0,0.0,0.0,0.0,0.0,0.0,0.1,0.1,0.0,0.0,0.0,0.1,0.2,11.5,0.0,3.6,0.3,5.0,2.2,0.4,1.9,0.0,0.3,0.5,3.8,4.1,4.5,11.8,10.1,0.0,14.2,0.2,1.0,3.0,7.2,0.0,4.8,8.5,9.7,4.5,0.1,0.0,0.0,0.0,0.2,0.0,0.0,0.0,0.1,0.1,0.2,0.2,0.2,0.1,0.5,0.7,0.3,4.4,0.1,0.1,0.3,0.4,0.0,0.5,0.4,0.8,0.5,24.6,2.7,7.3,2.4,10.3,3.1,2.0,0.8,4.3,10.6,13.3,9.8,6.8,3.4,20.3,18.3,9.1,76.6,1.1,2.3,5.4,5.4,0.0,4.5,5.1,10.5,7.9,0.3,0.0,0.1,0.0,0.1,0.1,0.1,0.0,0.1,0.2,0.2,0.2,0.1,0.0,0.1,0.1,0.1,0.4,0.0,0.0,0.0,0.0,0.0,0.0,0.0,0.1,0.0,21.7,0.2,9.2,3.9,8.0,3.8,2.9,1.1,1.1,7.1,10.2,4.3,0.7,0.2,1.3,1.7,1.5,5.3,0.0,0.1,0.3,0.2,0.0,0.1,0.3,0.6,0.1
227,bio1_whs1_land4_list500_bld750,True,True,4,500,750,109.6,3.6,28.8,8.8,45.0,11.3,10.0,7.4,6.6,26.8,28.1,25.2,26.8,18.7,50.9,40.3,12.9,118.2,2.6,4.3,11.9,15.9,0.0,15.1,15.5,28.4,16.5,49.9,0.7,8.5,2.1,21.3,2.1,4.6,3.6,1.2,8.4,3.5,6.0,14.1,5.5,16.8,9.3,1.9,17.1,1.2,0.8,2.7,2.6,0.0,5.1,1.2,6.7,3.2,1.4,0.0,0.0,0.0,0.0,0.0,0.0,0.0,0.0,0.0,0.0,1.1,0.7,4.9,0.0,0.0,0.0,0.0,0.0,0.0,0.1,0.1,0.0,0.0,0.0,0.1,0.2,11.5,0.0,3.6,0.3,5.0,2.2,0.4,1.9,0.0,0.3,0.5,3.8,4.1,4.5,11.8,10.1,0.0,14.2,0.2,1.0,3.0,7.2,0.0,4.8,8.5,9.7,4.5,0.1,0.0,0.0,0.0,0.2,0.0,0.0,0.0,0.1,0.1,0.2,0.2,0.2,0.1,0.5,0.7,0.3,4.4,0.1,0.1,0.3,0.4,0.0,0.5,0.4,0.8,0.5,33.7,2.9,11.0,3.9,13.7,4.5,3.2,1.1,4.9,14.4,18.6,12.3,7.5,3.7,21.7,19.9,10.5,81.2,1.2,2.4,5.7,5.6,0.0,4.6,5.4,11.1,8.0,0.1,0.0,0.1,0.0,0.1,0.0,0.0,0.0,0.0,0.1,0.1,0.1,0.0,0.0,0.0,0.0,0.0,0.0,0.0,0.0,0.0,0.0,0.0,0.0,0.0,0.0,0.0,12.8,0.0,5.6,2.3,4.7,2.5,1.8,0.7,0.5,3.5,5.1,1.9,0.0,0.0,0.1,0.2,0.1,1.2,0.0,0.0,0.0,0.0,0.0,0.0,0.0,0.1,0.0
228,bio1_whs1_land4_list500_bld1000,True,True,4,500,1000,109.6,3.6,28.8,8.8,45.0,11.3,10.0,7.4,6.6,26.8,28.1,25.2,26.8,18.7,50.9,40.3,12.9,118.2,2.6,4.3,11.9,15.9,0.0,15.1,15.5,28.4,16.5,49.9,0.7,8.5,2.1,21.3,2.1,4.6,3.6,1.2,8.4,3.5,6.0,14.1,5.5,16.8,9.3,1.9,17.1,1.2,0.8,2.7,2.6,0.0,5.1,1.2,6.7,3.2,1.4,0.0,0.0,0.0,0.0,0.0,0.0,0.0,0.0,0.0,0.0,1.1,0.7,4.9,0.0,0.0,0.0,0.0,0.0,0.0,0.1,0.1,0.0,0.0,0.0,0.1,0.2,11.5,0.0,3.6,0.3,5.0,2.2,0.4,1.9,0.0,0.3,0.5,3.8,4.1,4.5,11.8,10.1,0.0,14.2,0.2,1.0,3.0,7.2,0.0,4.8,8.5,9.7,4.5,0.1,0.0,0.0,0.0,0.2,0.0,0.0,0.0,0.1,0.1,0.2,0.2,0.2,0.1,0.5,0.7,0.3,4.4,0.1,0.1,0.3,0.4,0.0,0.5,0.4,0.8,0.5,38.7,2.9,13.2,4.9,15.5,5.4,3.9,1.4,5.1,15.9,20.8,13.1,7.6,3.7,21.8,20.1,10.7,81.9,1.2,2.4,5.7,5.6,0.0,4.6,5.5,11.1,8.0,0.1,0.0,0.1,0.0,0.0,0.0,0.0,0.0,0.0,0.0,0.1,0.0,0.0,0.0,0.0,0.0,0.0,0.0,0.0,0.0,0.0,0.0,0.0,0.0,0.0,0.0,0.0,7.8,0.0,3.4,1.4,3.0,1.5,1.1,0.5,0.3,2.0,2.9,1.1,0.0,0.0,0.0,0.0,0.0,0.5,0.0,0.0,0.0,0.0,0.0,0.0,0.0,0.0,0.0
229,bio1_whs1_land4_list500_bld1250,True,True,4,500,1250,109.6,3.6,28.8,8.8,45.0,11.3,10.0,7.4,6.6,26.8,28.1,25.2,26.8,18.7,50.9,40.3,12.9,118.2,2.6,4.3,11.9,15.9,0.0,15.1,15.5,28.4,16.5,49.9,0.7,8.5,2.1,21.3,2.1,4.6,3.6,1.2,8.4,3.5,6.0,14.1,5.5,16.8,9.3,1.9,17.1,1.2,0.8,2.7,2.6,0.0,5.1,1.2,6.7,3.2,1.4,0.0,0.0,0.0,0.0,0.0,0.0,0.0,0.0,0.0,0.0,1.1,0.7,4.9,0.0,0.0,0.0,0.0,0.0,0.0,0.1,0.1,0.0,0.0,0.0,0.1,0.2,11.5,0.0,3.6,0.3,5.0,2.2,0.4,1.9,0.0,0.3,0.5,3.8,4.1,4.5,11.8,10.1,0.0,14.2,0.2,1.0,3.0,7.2,0.0,4.8,8.5,9.7,4.5,0.1,0.0,0.0,0.0,0.2,0.0,0.0,0.0,0.1,0.1,0.2,0.2,0.2,0.1,0.5,0.7,0.3,4.4,0.1,0.1,0.3,0.4,0.0,0.5,0.4,0.8,0.5,41.8,2.9,14.6,5.5,16.6,5.9,4.3,1.6,5.2,16.8,22.1,13.6,7.6,3.7,21.8,20.2,10.7,82.1,1.2,2.4,5.7,5.6,0.0,4.6,5.5,11.1,8.0,0.0,0.0,0.0,0.0,0.0,0.0,0.0,0.0,0.0,0.0,0.0,0.0,0.0,0.0,0.0,0.0,0.0,0.0,0.0,0.0,0.0,0.0,0.0,0.0,0.0,0.0,0.0,4.8,0.0,2.0,0.8,1.9,1.0,0.6,0.3,0.2,1.2,1.7,0.6,0.0,0.0,0.0,0.0,0.0,0.3,0.0,0.0,0.0,0.0,0.0,0.0,0.0,0.0,0.0
230,bio1_whs1_land4_list1000_bld250,True,True,4,1000,250,109.6,3.6,28.8,8.8,45.0,11.3,10.0,7.4,6.6,26.8,28.1,25.2,26.8,18.7,50.9,40.3,12.9,118.2,2.6,4.3,11.9,15.9,0.0,15.1,15.5,28.4,16.5,49.9,0.7,8.5,2.1,21.3,2.1,4.6,3.6,1.2,8.4,3.5,6.0,14.1,5.5,16.8,9.3,1.9,17.1,1.2,0.8,2.7,2.6,0.0,5.1,1.2,6.7,3.2,1.4,0.0,0.0,0.0,0.0,0.0,0.0,0.0,0.0,0.0,0.0,1.1,0.7,4.9,0.0,0.0,0.0,0.0,0.0,0.0,0.1,0.1,0.0,0.0,0.0,0.1,0.2,11.5,0.0,3.6,0.3,5.0,2.2,0.4,1.9,0.0,0.3,0.5,3.8,4.1,4.5,11.8,10.1,0.0,14.2,0.2,1.0,3.0,7.2,0.0,4.8,8.5,9.7,4.5,0.7,0.1,0.1,0.0,0.8,0.1,0.0,0.1,0.5,0.8,1.3,1.2,1.3,0.7,3.5,4.3,1.8,24.6,0.3,0.3,1.4,2.0,0.0,2.1,2.0,4.1,2.5,6.9,0.6,2.4,0.5,2.4,0.8,0.5,0.2,1.1,2.0,2.6,2.1,1.8,1.0,6.9,5.7,1.9,25.2,0.5,0.8,1.8,1.9,0.0,1.5,1.7,3.3,2.6,0.6,0.1,0.2,0.0,0.3,0.1,0.1,0.0,0.2,0.4,0.4,0.3,0.2,0.1,0.4,0.5,0.1,2.3,0.0,0.1,0.3,0.2,0.0,0.1,0.2,0.4,0.5,38.5,2.1,14.0,5.7,15.2,5.9,4.3,1.6,3.7,14.9,19.7,10.8,4.5,2.0,11.5,10.4,7.1,34.7,0.4,1.3,2.5,1.9,0.0,1.4,1.9,4.1,2.9
231,bio1_whs1_land4_list1000_bld500,True,True,4,1000,500,109.6,3.6,28.8,8.8,45.0,11.3,10.0,7.4,6.6,26.8,28.1,25.2,26.8,18.7,50.9,40.3,12.9,118.2,2.6,4.3,11.9,15.9,0.0,15.1,15.5,28.4,16.5,49.9,0.7,8.5,2.1,21.3,2.1,4.6,3.6,1.2,8.4,3.5,6.0,14.1,5.5,16.8,9.3,1.9,17.1,1.2,0.8,2.7,2.6,0.0,5.1,1.2,6.7,3.2,1.4,0.0,0.0,0.0,0.0,0.0,0.0,0.0,0.0,0.0,0.0,1.1,0.7,4.9,0.0,0.0,0.0,0.0,0.0,0.0,0.1,0.1,0.0,0.0,0.0,0.1,0.2,11.5,0.0,3.6,0.3,5.0,2.2,0.4,1.9,0.0,0.3,0.5,3.8,4.1,4.5,11.8,10.1,0.0,14.2,0.2,1.0,3.0,7.2,0.0,4.8,8.5,9.7,4.5,0.7,0.1,0.1,0.0,0.8,0.1,0.0,0.1,0.5,0.8,1.3,1.2,1.3,0.7,3.5,4.3,1.8,24.6,0.3,0.3,1.4,2.0,0.0,2.1,2.0,4.1,2.5,24.1,2.6,7.3,2.3,9.7,3.0,2.0,0.7,3.9,10.1,12.4,8.9,5.8,2.9,17.5,14.9,7.7,56.9,0.9,2.1,4.4,3.8,0.0,2.9,3.6,7.2,5.9,0.3,0.0,0.1,0.0,0.1,0.1,0.1,0.0,0.1,0.2,0.2,0.1,0.1,0.0,0.1,0.1,0.1,0.4,0.0,0.0,0.0,0.0,0.0,0.0,0.0,0.0,0.0,21.7,0.2,9.2,3.9,8.0,3.8,2.9,1.1,1.0,7.0,10.1,4.2,0.6,0.2,1.2,1.6,1.4,4.9,0.0,0.1,0.3,0.2,0.0,0.1,0.2,0.5,0.1
232,bio1_whs1_land4_list1000_bld750,True,True,4,1000,750,109.6,3.6,28.8,8.8,45.0,11.3,10.0,7.4,6.6,26.8,28.1,25.2,26.8,18.7,50.9,40.3,12.9,118.2,2.6,4.3,11.9,15.9,0.0,15.1,15.5,28.4,16.5,49.9,0.7,8.5,2.1,21.3,2.1,4.6,3.6,1.2,8.4,3.5,6.0,14.1,5.5,16.8,9.3,1.9,17.1,1.2,0.8,2.7,2.6,0.0,5.1,1.2,6.7,3.2,1.4,0.0,0.0,0.0,0.0,0.0,0.0,0.0,0.0,0.0,0.0,1.1,0.7,4.9,0.0,0.0,0.0,0.0,0.0,0.0,0.1,0.1,0.0,0.0,0.0,0.1,0.2,11.5,0.0,3.6,0.3,5.0,2.2,0.4,1.9,0.0,0.3,0.5,3.8,4.1,4.5,11.8,10.1,0.0,14.2,0.2,1.0,3.0,7.2,0.0,4.8,8.5,9.7,4.5,0.7,0.1,0.1,0.0,0.8,0.1,0.0,0.1,0.5,0.8,1.3,1.2,1.3,0.7,3.5,4.3,1.8,24.6,0.3,0.3,1.4,2.0,0.0,2.1,2.0,4.1,2.5,33.2,2.8,10.9,3.9,13.0,4.4,3.1,1.1,4.5,13.7,17.6,11.3,6.5,3.1,18.8,16.4,9.1,61.0,0.9,2.2,4.6,4.0,0.0,3.0,3.8,7.7,6.0,0.1,0.0,0.1,0.0,0.0,0.0,0.0,0.0,0.0,0.1,0.1,0.1,0.0,0.0,0.0,0.0,0.0,0.0,0.0,0.0,0.0,0.0,0.0,0.0,0.0,0.0,0.0,12.8,0.0,5.6,2.3,4.7,2.5,1.8,0.7,0.5,3.5,5.1,1.9,0.0,0.0,0.0,0.2,0.1,1.2,0.0,0.0,0.0,0.0,0.0,0.0,0.0,0.1,0.0
233,bio1_whs1_land4_list1000_bld1000,True,True,4,1000,1000,109.6,3.6,28.8,8.8,45.0,11.3,10.0,7.4,6.6,26.8,28.1,25.2,26.8,18.7,50.9,40.3,12.9,118.2,2.6,4.3,11.9,15.9,0.0,15.1,15.5,28.4,16.5,49.9,0.7,8.5,2.1,21.3,2.1,4.6,3.6,1.2,8.4,3.5,6.0,14.1,5.5,16.8,9.3,1.9,17.1,1.2,0.8,2.7,2.6,0.0,5.1,1.2,6.7,3.2,1.4,0.0,0.0,0.0,0.0,0.0,0.0,0.0,0.0,0.0,0.0,1.1,0.7,4.9,0.0,0.0,0.0,0.0,0.0,0.0,0.1,0.1,0.0,0.0,0.0,0.1,0.2,11.5,0.0,3.6,0.3,5.0,2.2,0.4,1.9,0.0,0.3,0.5,3.8,4.1,4.5,11.8,10.1,0.0,14.2,0.2,1.0,3.0,7.2,0.0,4.8,8.5,9.7,4.5,0.7,0.1,0.1,0.0,0.8,0.1,0.0,0.1,0.5,0.8,1.3,1.2,1.3,0.7,3.5,4.3,1.8,24.6,0.3,0.3,1.4,2.0,0.0,2.1,2.0,4.1,2.5,38.1,2.8,13.2,4.9,14.8,5.3,3.8,1.3,4.7,15.3,19.8,12.1,6.5,3.1,18.8,16.5,9.2,61.7,0.9,2.2,4.6,4.0,0.0,3.0,3.8,7.8,6.0,0.1,0.0,0.1,0.0,0.0,0.0,0.0,0.0,0.0,0.0,0.1,0.0,0.0,0.0,0.0,0.0,0.0,0.0,0.0,0.0,0.0,0.0,0.0,0.0,0.0,0.0,0.0,7.8,0.0,3.4,1.4,3.0,1.5,1.1,0.5,0.3,2.0,2.9,1.1,0.0,0.0,0.0,0.0,0.0,0.5,0.0,0.0,0.0,0.0,0.0,0.0,0.0,0.0,0.0
234,bio1_whs1_land4_list1000_bld1250,True,True,4,1000,1250,109.6,3.6,28.8,8.8,45.0,11.3,10.0,7.4,6.6,26.8,28.1,25.2,26.8,18.7,50.9,40.3,12.9,118.2,2.6,4.3,11.9,15.9,0.0,15.1,15.5,28.4,16.5,49.9,0.7,8.5,2.1,21.3,2.1,4.6,3.6,1.2,8.4,3.5,6.0,14.1,5.5,16.8,9.3,1.9,17.1,1.2,0.8,2.7,2.6,0.0,5.1,1.2,6.7,3.2,1.4,0.0,0.0,0.0,0.0,0.0,0.0,0.0,0.0,0.0,0.0,1.1,0.7,4.9,0.0,0.0,0.0,0.0,0.0,0.0,0.1,0.1,0.0,0.0,0.0,0.1,0.2,11.5,0.0,3.6,0.3,5.0,2.2,0.4,1.9,0.0,0.3,0.5,3.8,4.1,4.5,11.8,10.1,0.0,14.2,0.2,1.0,3.0,7.2,0.0,4.8,8.5,9.7,4.5,0.7,0.1,0.1,0.0,0.8,0.1,0.0,0.1,0.5,0.8,1.3,1.2,1.3,0.7,3.5,4.3,1.8,24.6,0.3,0.3,1.4,2.0,0.0,2.1,2.0,4.1,2.5,41.2,2.8,14.5,5.4,15.9,5.9,4.3,1.5,4.8,16.1,21.0,12.6,6.5,3.1,18.8,16.6,9.2,61.9,0.9,2.2,4.7,4.0,0.0,3.0,3.8,7.8,6.0,0.0,0.0,0.0,0.0,0.0,0.0,0.0,0.0,0.0,0.0,0.0,0.0,0.0,0.0,0.0,0.0,0.0,0.0,0.0,0.0,0.0,0.0,0.0,0.0,0.0,0.0,0.0,4.8,0.0,2.0,0.8,1.9,1.0,0.6,0.3,0.2,1.2,1.7,0.6,0.0,0.0,0.0,0.0,0.0,0.3,0.0,0.0,0.0,0.0,0.0,0.0,0.0,0.0,0.0
235,bio1_whs1_land4_list1500_bld250,True,True,4,1500,250,109.6,3.6,28.8,8.8,45.0,11.3,10.0,7.4,6.6,26.8,28.1,25.2,26.8,18.7,50.9,40.3,12.9,118.2,2.6,4.3,11.9,15.9,0.0,15.1,15.5,28.4,16.5,49.9,0.7,8.5,2.1,21.3,2.1,4.6,3.6,1.2,8.4,3.5,6.0,14.1,5.5,16.8,9.3,1.9,17.1,1.2,0.8,2.7,2.6,0.0,5.1,1.2,6.7,3.2,1.4,0.0,0.0,0.0,0.0,0.0,0.0,0.0,0.0,0.0,0.0,1.1,0.7,4.9,0.0,0.0,0.0,0.0,0.0,0.0,0.1,0.1,0.0,0.0,0.0,0.1,0.2,11.5,0.0,3.6,0.3,5.0,2.2,0.4,1.9,0.0,0.3,0.5,3.8,4.1,4.5,11.8,10.1,0.0,14.2,0.2,1.0,3.0,7.2,0.0,4.8,8.5,9.7,4.5,1.7,0.2,0.3,0.1,2.0,0.3,0.1,0.2,1.0,1.9,3.0,2.8,2.7,1.4,8.1,9.3,3.7,48.5,0.6,0.6,2.6,4.0,0.0,3.6,3.9,7.5,4.7,6.7,0.6,2.4,0.5,2.1,0.8,0.5,0.2,0.9,1.8,2.3,1.7,1.4,0.7,5.2,3.8,1.3,14.3,0.3,0.6,1.3,1.0,0.0,0.7,0.9,1.7,1.7,0.6,0.1,0.2,0.0,0.3,0.1,0.1,0.0,0.2,0.3,0.4,0.3,0.2,0.1,0.3,0.4,0.1,1.5,0.0,0.1,0.2,0.1,0.0,0.1,0.1,0.2,0.3,37.8,2.0,13.9,5.6,14.3,5.8,4.3,1.5,3.3,14.0,18.3,9.6,3.6,1.5,8.7,7.4,5.8,22.5,0.3,1.1,1.9,1.0,0.0,0.7,1.0,2.5,1.8
236,bio1_whs1_land4_list1500_bld500,True,True,4,1500,500,109.6,3.6,28.8,8.8,45.0,11.3,10.0,7.4,6.6,26.8,28.1,25.2,26.8,18.7,50.9,40.3,12.9,118.2,2.6,4.3,11.9,15.9,0.0,15.1,15.5,28.4,16.5,49.9,0.7,8.5,2.1,21.3,2.1,4.6,3.6,1.2,8.4,3.5,6.0,14.1,5.5,16.8,9.3,1.9,17.1,1.2,0.8,2.7,2.6,0.0,5.1,1.2,6.7,3.2,1.4,0.0,0.0,0.0,0.0,0.0,0.0,0.0,0.0,0.0,0.0,1.1,0.7,4.9,0.0,0.0,0.0,0.0,0.0,0.0,0.1,0.1,0.0,0.0,0.0,0.1,0.2,11.5,0.0,3.6,0.3,5.0,2.2,0.4,1.9,0.0,0.3,0.5,3.8,4.1,4.5,11.8,10.1,0.0,14.2,0.2,1.0,3.0,7.2,0.0,4.8,8.5,9.7,4.5,1.7,0.2,0.3,0.1,2.0,0.3,0.1,0.2,1.0,1.9,3.0,2.8,2.7,1.4,8.1,9.3,3.7,48.5,0.6,0.6,2.6,4.0,0.0,3.6,3.9,7.5,4.7,23.2,2.5,7.2,2.3,8.7,2.8,1.9,0.7,3.4,9.1,11.1,7.5,4.5,2.2,13.2,10.2,6.0,33.9,0.6,1.8,3.2,1.9,0.0,1.4,1.8,3.9,3.8,0.3,0.0,0.1,0.0,0.1,0.0,0.1,0.0,0.0,0.2,0.2,0.1,0.0,0.0,0.1,0.1,0.1,0.3,0.0,0.0,0.0,0.0,0.0,0.0,0.0,0.0,0.0,21.6,0.2,9.1,3.8,7.8,3.8,2.9,1.0,1.0,6.8,9.7,3.9,0.5,0.2,1.0,1.3,1.3,4.1,0.0,0.1,0.2,0.1,0.0,0.1,0.1,0.4,0.0
237,bio1_whs1_land4_list1500_bld750,True,True,4,1500,750,109.6,3.6,28.8,8.8,45.0,11.3,10.0,7.4,6.6,26.8,28.1,25.2,26.8,18.7,50.9,40.3,12.9,118.2,2.6,4.3,11.9,15.9,0.0,15.1,15.5,28.4,16.5,49.9,0.7,8.5,2.1,21.3,2.1,4.6,3.6,1.2,8.4,3.5,6.0,14.1,5.5,16.8,9.3,1.9,17.1,1.2,0.8,2.7,2.6,0.0,5.1,1.2,6.7,3.2,1.4,0.0,0.0,0.0,0.0,0.0,0.0,0.0,0.0,0.0,0.0,1.1,0.7,4.9,0.0,0.0,0.0,0.0,0.0,0.0,0.1,0.1,0.0,0.0,0.0,0.1,0.2,11.5,0.0,3.6,0.3,5.0,2.2,0.4,1.9,0.0,0.3,0.5,3.8,4.1,4.5,11.8,10.1,0.0,14.2,0.2,1.0,3.0,7.2,0.0,4.8,8.5,9.7,4.5,1.7,0.2,0.3,0.1,2.0,0.3,0.1,0.2,1.0,1.9,3.0,2.8,2.7,1.4,8.1,9.3,3.7,48.5,0.6,0.6,2.6,4.0,0.0,3.6,3.9,7.5,4.7,32.2,2.7,10.8,3.8,11.9,4.2,3.1,1.0,3.9,12.6,15.9,9.7,5.1,2.4,14.2,11.4,7.1,37.1,0.6,1.9,3.4,2.0,0.0,1.5,1.9,4.3,3.8,0.1,0.0,0.1,0.0,0.1,0.0,0.0,0.0,0.0,0.1,0.1,0.1,0.0,0.0,0.0,0.0,0.0,0.0,0.0,0.0,0.0,0.0,0.0,0.0,0.0,0.0,0.0,12.7,0.0,5.5,2.3,4.7,2.4,1.8,0.7,0.5,3.4,5.0,1.9,0.0,0.0,0.0,0.2,0.1,1.2,0.0,0.0,0.0,0.0,0.0,0.0,0.0,0.0,0.0
238,bio1_whs1_land4_list1500_bld1000,True,True,4,1500,1000,109.6,3.6,28.8,8.8,45.0,11.3,10.0,7.4,6.6,26.8,28.1,25.2,26.8,18.7,50.9,40.3,12.9,118.2,2.6,4.3,11.9,15.9,0.0,15.1,15.5,28.4,16.5,49.9,0.7,8.5,2.1,21.3,2.1,4.6,3.6,1.2,8.4,3.5,6.0,14.1,5.5,16.8,9.3,1.9,17.1,1.2,0.8,2.7,2.6,0.0,5.1,1.2,6.7,3.2,1.4,0.0,0.0,0.0,0.0,0.0,0.0,0.0,0.0,0.0,0.0,1.1,0.7,4.9,0.0,0.0,0.0,0.0,0.0,0.0,0.1,0.1,0.0,0.0,0.0,0.1,0.2,11.5,0.0,3.6,0.3,5.0,2.2,0.4,1.9,0.0,0.3,0.5,3.8,4.1,4.5,11.8,10.1,0.0,14.2,0.2,1.0,3.0,7.2,0.0,4.8,8.5,9.7,4.5,1.7,0.2,0.3,0.1,2.0,0.3,0.1,0.2,1.0,1.9,3.0,2.8,2.7,1.4,8.1,9.3,3.7,48.5,0.6,0.6,2.6,4.0,0.0,3.6,3.9,7.5,4.7,37.2,2.7,13.0,4.8,13.7,5.1,3.8,1.2,4.1,14.1,18.1,10.5,5.1,2.4,14.2,11.5,7.3,37.8,0.6,1.9,3.4,2.0,0.0,1.5,2.0,4.4,3.8,0.1,0.0,0.1,0.0,0.0,0.0,0.0,0.0,0.0,0.0,0.0,0.0,0.0,0.0,0.0,0.0,0.0,0.0,0.0,0.0,0.0,0.0,0.0,0.0,0.0,0.0,0.0,7.8,0.0,3.4,1.4,3.0,1.5,1.1,0.5,0.3,2.0,2.9,1.1,0.0,0.0,0.0,0.0,0.0,0.5,0.0,0.0,0.0,0.0,0.0,0.0,0.0,0.0,0.0
239,bio1_whs1_land4_list1500_bld1250,True,True,4,1500,1250,109.6,3.6,28.8,8.8,45.0,11.3,10.0,7.4,6.6,26.8,28.1,25.2,26.8,18.7,50.9,40.3,12.9,118.2,2.6,4.3,11.9,15.9,0.0,15.1,15.5,28.4,16.5,49.9,0.7,8.5,2.1,21.3,2.1,4.6,3.6,1.2,8.4,3.5,6.0,14.1,5.5,16.8,9.3,1.9,17.1,1.2,0.8,2.7,2.6,0.0,5.1,1.2,6.7,3.2,1.4,0.0,0.0,0.0,0.0,0.0,0.0,0.0,0.0,0.0,0.0,1.1,0.7,4.9,0.0,0.0,0.0,0.0,0.0,0.0,0.1,0.1,0.0,0.0,0.0,0.1,0.2,11.5,0.0,3.6,0.3,5.0,2.2,0.4,1.9,0.0,0.3,0.5,3.8,4.1,4.5,11.8,10.1,0.0,14.2,0.2,1.0,3.0,7.2,0.0,4.8,8.5,9.7,4.5,1.7,0.2,0.3,0.1,2.0,0.3,0.1,0.2,1.0,1.9,3.0,2.8,2.7,1.4,8.1,9.3,3.7,48.5,0.6,0.6,2.6,4.0,0.0,3.6,3.9,7.5,4.7,40.2,2.7,14.4,5.4,14.8,5.7,4.2,1.4,4.2,14.9,19.3,10.9,5.1,2.4,14.2,11.6,7.3,38.0,0.6,1.9,3.5,2.0,0.0,1.5,2.0,4.4,3.8,0.0,0.0,0.0,0.0,0.0,0.0,0.0,0.0,0.0,0.0,0.0,0.0,0.0,0.0,0.0,0.0,0.0,0.0,0.0,0.0,0.0,0.0,0.0,0.0,0.0,0.0,0.0,4.8,0.0,2.0,0.8,1.9,1.0,0.6,0.3,0.2,1.2,1.7,0.6,0.0,0.0,0.0,0.0,0.0,0.3,0.0,0.0,0.0,0.0,0.0,0.0,0.0,0.0,0.0
